freq_Hz,omega_rad_s,Zmot_real_ohm,Zmot_imag_ohm,Zblocked_real_ohm,Zblocked_imag_ohm,radiated_power_far_W,radiated_power_boundary_flux_W,Rac_far_ohm,Rac_boundary_flux_ohm,Rinternal_far_ohm,eta_far,efficiency_odds_far,odds_identity_residual_ohm,A0_estimate_real_ohm_s,A0_estimate_imag_ohm_s,Ainf_estimate_real_ohm_per_s,Ainf_estimate_imag_ohm_per_s,axis_SPL_dB,solve_seconds,useful_efficiency_budget_ohm,internal_loss_penalty_budget_ohm,cumulative_moment_0,cumulative_moment_2,cumulative_useful_moment_0,cumulative_internal_moment_0,cumulative_useful_moment_2,cumulative_internal_moment_2
1.0,6.283185307179586,0.0019937249127104,0.233021344022125,5.565248120235789,0.0116992918174996,1.637321249023879e-09,-6.199045678436163e-08,3.274642498047758e-09,-1.2398091356872326e-07,0.0019937216380679,5.881983555108894e-10,5.88198355856867e-10,0.0,0.0370864987470382,-0.0003173111750233,1.464116285019056,-0.0125269430781004,24.292675496849466,42.94946453100056,3.2734697942582108e-09,0.001993721639240604,0.0,0.0,0.0,0.0,0.0,0.0
1.0305054315498965,6.474856586483067,0.0021161398656993,0.2401386510026242,5.565252896696232,0.0120557525425806,1.8470520405806543e-09,-6.959980233591182e-08,3.694104081161309e-09,-1.3919960467182365e-07,0.0021161361715953,6.63527791475911e-10,6.635277919161802e-10,0.0,0.0370878717999621,-0.0003268242064414,1.5548633261135003,-0.013701702147343,24.81612215805687,49.90790743099933,3.6926999659999766e-09,0.002116136172999415,0.0002507463973542138,6.160726924109107e-06,4.250120295730276e-10,0.0002507459723421891,1.0432812347176848e-11,6.160716491296875e-06
1.0619414444538378,6.67237488087742,0.0022460602030612,0.24747055419705,5.5652579565067954,0.0124230513270497,2.0835999726292674e-09,-7.813365551390858e-08,4.167199945258535e-09,-1.5626731102781717e-07,0.0022460560358612,7.4848620364735e-10,7.484862042075819e-10,4.336808689942021e-19,0.0370888264845975,-0.0003366208049098,1.651216309581211,-0.0149865556798441,25.339468102070665,42.446385338000255,4.165518803301815e-09,0.002246056037542342,0.0005250067526564728,1.250613785918565e-05,9.190741628405601e-10,0.0005250058335823165,2.18532127657122e-11,1.2506116005973047e-05
1.0943364264976223,6.875918556081274,0.002383973286911,0.2550254548303942,5.565263315952491,0.0128015160127305,2.3504231720752718e-09,-8.770338934084355e-08,4.7008463441505435e-09,-1.754067786816871e-07,0.0023839685860646,8.44314680859162e-10,8.443146815720294e-10,0.0,0.037089656131084,-0.0003467134270813,1.7535342571413746,-0.0163920061606735,25.862778594588946,50.06461309700171,4.698833524472924e-09,0.0023839685880774194,0.0008249864561960138,1.904177564560746e-05,1.4933952318166448e-09,0.0008249849628007812,3.435447893670564e-11,1.904174129112853e-05
1.1277196314487037,7.085671418936472,0.0025303734932549,0.2628097526618254,5.565268992214048,0.0131914842512454,2.651385060818708e-09,-9.843182075786404e-08,5.302770121637417e-09,-1.968636415157281e-07,0.0025303681904848,9.523996418221838e-10,9.523996427292487e-10,0.0,0.0370903104481342,-0.0003571113227876,1.86218355305366,-0.0179293951403912,26.386038846922,42.72426474299937,5.3003601998768255e-09,0.0025303681928947218,0.001153099747721942,2.5773391238819068e-05,2.161005498707709e-09,0.00115309758671644,4.80387533433892e-11,2.5773343200065676e-05
1.162121205473336,7.301822883391894,0.0026858018194821,0.2708315010293706,5.565275003415294,0.013593303792165,2.990872911987403e-09,-1.1045693462507438e-07,5.981745823974806e-09,-2.2091386925014875e-07,0.0026857958377362,1.0743153612631407e-09,1.0743153624172942e-09,-4.336808689942019e-19,0.0370909436389344,-0.0003678262075612,1.977563651759634,-0.0196112491857501,26.90928267405208,49.90670110899737,5.9788604322460094e-09,0.002685795840621592,0.0015119890300151078,3.27069358041686e-05,2.937051385739983e-09,0.0015119860929637154,6.301785034048599e-11,3.270687278631814e-05
1.1975722143595855,7.524568141550671,0.0028508442063759,0.2790993678751548,5.565281368673097,0.0140073327793731,3.373850149813737e-09,-1.2393297838423577e-07,6.747700299627475e-09,-2.478659567684715e-07,0.0028508374586756,1.2118426864972026e-09,1.2118426879657652e-09,-4.33680868994202e-19,0.0370917456822495,-0.0003788714717903,2.100102211840321,-0.0214513714918205,27.43255274308812,50.75090341000032,6.744245533098599e-09,0.0028508374621303667,0.0019045484049405295,3.9848600441028267e-05,3.839145271016239e-09,0.0019045445657952461,7.941428306007524e-11,3.984852102674499e-05
1.2341046715707895,7.754108339935275,0.0030260983154498,0.2876204737046279,5.565288108150043,0.0144339400558847,3.8058770578207305e-09,-1.3903026984055517e-07,7.611754115641461e-09,-2.780605396811104e-07,0.0030260907036957,1.36697640136817e-09,1.3669764032367946e-09,-4.336808689942019e-19,0.0370926560599266,-0.0003902574200394,2.23024031388919,-0.0234646941852936,27.955833673161617,49.784670827997616,7.607617521055452e-09,0.003026090707832295,0.0023339467073631346,4.720480336904565e-05,4.887762916870123e-09,0.0023339418196002067,9.736220691896819e-11,4.720470600683853e-05
1.2717515671547996,7.99065076112965,0.0032122345529874,0.296404857952272,5.56529524311,0.0148735054772965,4.293301778827438e-09,-1.5594108357423925e-07,8.586603557654876e-09,-3.1188216714847845e-07,0.0032122259663838,1.5419937195197112e-09,1.5419937218974562e-09,0.0,0.0370939572774381,-0.0004019991173451,2.3684677037988484,-0.0256678444757561,28.47919109338294,51.166786056001,8.581650325381397e-09,0.0032122259713370325,0.0028036544395958385,5.4782204820908753e-05,6.106714269262874e-09,0.002803648332881556,1.1700859675389384e-10,5.478208781231178e-05
1.3105468975351136,8.234409010962416,0.0034098531281704,0.3054569122771112,5.565302795976758,0.0153264202340835,4.843116071991161e-09,-1.748730959782392e-07,9.686232143982322e-09,-3.497461919564784e-07,0.0034098434419383,1.739402399500576e-09,1.7394024025260964e-09,0.0,0.0370951833787292,-0.000414098100256,2.5152571509154007,-0.0280781253246651,29.002516085862744,50.17251173900149,9.680301054107176e-09,0.0034098434478693897,0.0033174665983916863,6.258762579202e-05,7.523671143575853e-09,0.0033174590747205297,1.3851424347804595e-10,6.25874872777763e-05
1.3505256962108,8.485603211400178,0.0036198023749095,0.3147908347236247,5.565310790395942,0.0157930871829668,5.4635127731848985e-09,-1.9606808562669672e-07,1.0927025546369797e-08,-3.921361712533936e-07,0.003619791447884,1.962140731391841e-09,1.962140735241837e-09,0.0,0.037097048598821,-0.0004265816212153,2.671190118050133,-0.0307162066571664,29.525976939518543,51.79789606899794,1.0919923006116823e-08,0.0036197914549865404,0.0038795409626258084,7.06281589905209e-05,9.170815564331298e-09,0.003879531791810238,1.620553457529458e-10,7.062799693517504e-05
1.391724065392934,8.744460199325125,0.00384266864628,0.3244075476527363,5.565319251300357,0.0162739211875217,6.1632730813788125e-09,-2.1977803090814497e-07,1.2326546162757625e-08,-4.3955606181628994e-07,0.0038426563197338,2.2133574745974947e-09,2.213357479496446e-09,-4.336808689942019e-19,0.0370986361945787,-0.0004394403495114,2.8367688888100218,-0.0336020630365905,30.049361104538125,52.0665889640004,1.2318040990651208e-08,0.0038426563282389723,0.004494424234909697,7.891107382986216e-05,1.108554800389129e-08,0.004494413149361688,1.8782465450632414e-10,7.891088600520754e-05
1.4341792086061216,9.01121373137643,0.0040792059251993,0.3343138610635314,5.565328204979024,0.0167693494682714,6.9524703267688e-09,-2.4628852325164894e-07,1.39049406535376e-08,-4.925770465032979e-07,0.0040791920202586,2.4966642997446035e-09,2.4966643059779363e-09,0.0,0.0370997593697587,-0.0004526810756908,3.012573655405166,-0.036758596446268,30.5726278700374,51.1497074780018,1.3894756280423389e-08,0.004079192030442973,0.0051670728738078195,8.744361310612642e-05,1.3311284128214726e-08,0.005167059562523679,2.1603237357225585e-10,8.744339707375264e-05
1.47792946428454,9.286104695040418,0.0043303979557533,0.3445239741648184,5.565337679150067,0.0172798119624172,7.842774658319802e-09,-2.759269871890758e-07,1.5685549316639604e-08,-5.518539743781516e-07,0.004330382270204,2.816244899963648e-09,2.816244907894883e-09,0.0,0.0371010219547518,-0.000466330942625,3.199285694045904,-0.0402125287883144,31.09592305701731,51.826180520998605,1.5673353899621905e-08,0.004330382282399417,0.00590291751369961,9.623334131293779e-05,1.5898508888823982e-08,0.005902901615190708,2.4690885883910574e-10,9.62330944040787e-05
1.5230143403928469,9.569381326180142,0.0045971560472954,0.3550478403719823,5.565347703037724,0.0178057616934412,8.847186635379451e-09,-3.090502728533667e-07,1.76943732707589e-08,-6.181005457067334e-07,0.0045971383529222,3.176759145451499e-09,3.176759155543297e-09,0.0,0.0371024863854713,-0.0004804026394808,3.3975881735562354,-0.0439919392325254,31.619266740047763,51.62199444400176,1.7679769269406948e-08,0.004597138367526201,0.0067079128460549465,0.00010528820607276507,1.8905951740625497e-08,0.0067078939401032,2.8070681648655066e-10,0.00010528792536594842
1.569474550103211,9.861299433200786,0.0048805661166946,0.3658995881350244,5.565358307453682,0.0183476651507575,9.9806002108399e-09,-3.460611456367025e-07,1.99612004216798e-08,-6.92122291273405e-07,0.0048805461554941,3.58354477693794e-09,3.5835447897797332e-09,0.0,0.0371046017427604,-0.00049492119672,3.608245401084317,-0.0481287238802595,32.142770594370425,51.48547925400271,1.9943710765932997e-08,0.004880546172983755,0.007588586764686034,0.00011461651407760593,2.24019412855767e-08,0.007588564362744741,3.1770346707797197e-10,0.00011461619637413866
1.6173520485606887,10.162122628053323,0.0051813954350727,0.3770786252620836,5.565369524882999,0.018906002679591,1.1258994205575546e-08,-3.873764276305896e-07,2.2517988411151093e-08,-7.747528552611792e-07,0.0051813729170843,4.042327003783199e-09,4.042327020123607e-09,0.0,0.0371062856711774,-0.0005098733428751,3.831919230331059,-0.0526539757956454,32.66618917580439,50.20182684100291,2.2497043607407025e-08,0.005181372938029104,0.00855206986203391,0.00012422669001622692,2.6465855589664256e-08,0.008552043396178308,3.5820173061068606e-10,0.00012422633181449606
1.6666900707701413,10.472122564285057,0.0055009011865368,0.3886017179679352,5.565381389574855,0.0194812688812717,1.2701371025791644e-08,-4.334898962162765e-07,2.5402742051583287e-08,-8.669797924325529e-07,0.0055008757837947,4.5599136233250785e-09,4.559913644117891e-09,0.0,0.0371082094945348,-0.0005252899928136,4.069484819251952,-0.0576061114394349,33.18968862374815,51.33437385200159,2.5377658533042172e-08,0.0055008758088782184,0.009606156637963773,0.00013412732101167904,3.118994182461709e-08,0.009606125448021932,4.0253288167143786e-10,0.0001341269184787971
1.7175331706389114,10.791579182351978,0.0058401106139119,0.4004747979012752,5.565393937638401,0.0200739730241282,1.4328488732284717e-08,-4.849230832153473e-07,2.865697746456944e-08,-9.698461664306946e-07,0.0058400819569344,5.1437396484104055e-09,5.143739674868463e-09,0.0,0.0371099346197813,-0.0005411729381981,4.321755492088018,-0.0630240161237245,33.71317608236569,51.0552140189975,2.8626937603303063e-08,0.0058400819869742614,0.01075938102913,0.00014432731125831966,3.668146397408268e-08,0.010759344347666002,4.5105987700547536e-10,0.00014432686019844233
1.7699272612105128,11.1207809624145,0.0062004987985918,0.4127170288980696,5.565407207143978,0.0206846394651543,1.6164717359553894e-08,-5.422825963564001e-07,3.2329434719107795e-08,-1.0845651927128e-06,0.0062004664691571,5.802532487099879e-09,5.8025325207692625e-09,0.0,0.0371122343199593,-0.000557559655167,4.589735677833928,-0.0689543889968541,34.23684331313654,51.99993430299946,3.229345631077657e-08,0.006200466505135508,0.012021094589321992,0.00015483593547562383,4.3065201246866525e-08,0.012021051524120717,5.041807070421957e-10,0.00015483543129491645
1.8239196561256648,11.460025184844824,0.0065833161376803,0.4253380715372318,5.56542123822998,0.0213138080825748,1.823689050334524e-08,-6.062137792989046e-07,3.647378100669048e-08,-1.2124275585978092e-06,0.0065832796638993,6.5458993528819375e-09,6.545899395730736e-09,0.0,0.0371149334034374,-0.0005744591335092,4.874385011890007,-0.0754449687376121,34.76066040721583,50.74950938900293,3.6430687520316636e-08,0.006583279706992786,0.013401552158444848,0.0001656629169915391,5.0486363474734775e-08,0.013401501672081349,5.623322181436152e-10,0.00016566235465932062
1.8795591123481168,11.809618198681196,0.0069896700423139,0.4383391388192296,5.5654360732156665,0.0219620347195209,2.05744609171075e-08,-6.773988174937589e-07,4.1148921834215e-08,-1.3547976349875178e-06,0.0069896288933921,7.384382265479383e-09,7.384382320008483e-09,8.673617379884035e-19,0.0371171304139349,-0.0005918624907869,5.176617870993816,-0.0825453345344874,35.284427965301155,53.31274348599982,4.10973077421912e-08,0.006989628945006192,0.014911939299184315,0.00017681798272962108,5.911359447158032e-08,0.014911880185589824,6.259912512224838e-10,0.00017681735673836951
1.936895874193836,12.169875698271472,0.0074211904795669,0.4517379989696384,5.565451756720213,0.0226298916389061,2.3212119185046912e-08,-7.566343197666494e-07,4.6424238370093824e-08,-1.5132686395332988e-06,0.0074211440553286,8.330395975278921e-09,8.330396044674416e-09,0.0,0.0371193601454614,-0.0006098000229058,5.497595295646386,-0.0903149656695258,35.808282590911126,50.61109112199847,4.6362417301008344e-08,0.0074211441171496695,0.01656448345465422,0.00018831105883366646,6.914290932336829e-08,0.016564414311744886,6.956794446084954e-10,0.0001883103631542216
1.9959817187033329,12.541123008355838,0.0078797065695341,0.4655549675649191,5.565468335788318,0.0233179679896822,2.6189431925272053e-08,-8.448068948716019e-07,5.23788638505441e-08,-1.689613789743204e-06,0.0078796541906702,9.398096701024394e-09,9.398096789348616e-09,0.0,0.0371222710481933,-0.0006283094874585,5.838582115382764,-0.0988203693582773,36.33238741317679,51.89018245000261,5.2304810097793577e-08,0.007879654264723953,0.018372616302452207,0.00020015272140600464,8.080258223590576e-08,0.018372535499869964,7.719704599383103e-10,0.00020015194943554448
2.0568700023980817,12.923695377846068,0.0083666078219153,0.4797937813708554,5.565485860022697,0.0240268702845615,2.954922355927529e-08,-9.428284103015126e-07,5.909844711855058e-08,-1.8856568206030253e-06,0.0083665487234681,1.0602800748582375e-08,1.0602800861001761e-08,0.0,0.0371251230660638,-0.0006473850997956,6.2007086746218105,-0.1081274908363375,36.85657998416222,50.709271897998406,5.900973826854178e-08,0.008366548812176949,0.02035103670177352,0.00021235385867477883,9.435808583647036e-08,0.020350942343687662,8.554926774439031e-10,0.00021235300318210107
2.119615709463271,13.317938282566658,0.0088837482989474,0.4944700525118866,5.565504381723775,0.0247572228893319,3.3341151750831735e-08,-1.0517376580122109e-06,6.668230350166347e-08,-2.1034753160244213e-06,0.0088836816166439,1.1962264188696103e-08,1.1962264331791873e-08,0.0,0.0371281231389361,-0.0006670513190901,6.5853216419308005,-0.1183132115632393,37.380918550829286,54.09249481199731,6.65760345539257e-08,0.008883681722912849,0.022515808285633203,0.00022492553317046818,1.101180220626182e-07,0.02251569816761111,9.469334870099956e-10,0.00022492458623698077
2.1842755014003874,13.724207737231238,0.0094332710233097,0.5096038816430067,5.565523956036943,0.0255096685238608,3.762199223024303e-08,-1.1726907649919429e-06,7.524398446048605e-08,-2.3453815299838854e-06,0.0094331957793253,1.3496782378035064e-08,1.3496782560198202e-08,0.0,0.0371317522584961,-0.0006873453975575,6.993909535368025,-0.1294641711655074,37.90552453307957,52.06379161000223,7.511666666820471e-08,0.009433195906643092,0.024884557602203778,0.0002378793959443205,1.2844166322268015e-07,0.024884429160540532,1.0470478647711757e-09,0.00023787834889645536
2.250907768194472,14.142870616935902,0.0100166248590141,0.5251951712285288,5.565544641107709,0.0262848687748328,4.245278666779949e-08,-1.3068530859107308e-06,8.4905573335599e-08,-2.6137061718214616e-06,0.0100165399534407,1.5228166149632932e-08,1.5228166381529976e-08,0.0,0.0371349767281059,-0.000708245527398,7.427767355324579,-0.1416638293994206,38.43016352394271,53.57089518800058,8.475303979862073e-08,0.010016540105974237,0.02747653890530012,0.00025122725428418136,1.4974662508985925e-07,0.027476389158675008,1.1566615694744293e-09,0.0002512260976226115
2.319572681042258,14.574304988459875,0.0106365734526115,0.5412742358475566,5.565566498245118,0.0270835046203051,4.7907245131604735e-08,-1.4556385580663968e-06,9.581449026320948e-08,-2.9112771161327936e-06,0.0106364776381212,1.7182747656648347e-08,1.718274795189517e-08,0.0,0.0371389398174488,-0.0007298168565179,7.888695795637853,-0.1550206655305158,38.95510912787744,51.93859223700201,9.563172634885767e-08,0.010636477820885115,0.030312839029491733,0.0002649813175917358,1.7451883358302885e-07,0.030312664510658113,1.2766799701859232e-09,0.0002649800409117652
2.390332246688802,15.018900451672652,0.0112950383835923,0.5578463307453043,5.565589592093786,0.0279062769660977,5.4064367507232725e-08,-1.6204545318909888e-06,1.0812873501446545e-07,-3.2409090637819776e-06,0.0112949302548573,1.9388734424152804e-08,1.9388734800075837e-08,0.0,0.0371429541423704,-0.0007520549470273,8.378238508794583,-0.1696390570809956,39.48020489677946,52.99426141099684,1.0790974060716866e-07,0.011294930473851708,0.03341658168440851,0.0002791543860495315,2.0332384516876657e-07,0.033416378360563305,1.4080966266694673e-09,0.00027915297795290443
2.4632503634216767,15.477058491355857,0.0119944944817862,0.5749294148444355,5.565613990814941,0.0287539071940069,6.10155451574569e-08,-1.8028909557780544e-06,1.220310903149138e-07,-3.605781911556109e-06,0.0119943724506958,2.1878747968166463e-08,2.1878748446846093e-08,0.0,0.0371472017867956,-0.0007749854074975,8.898216181948323,-0.1856394926688501,40.00549589886773,51.42386966599952,1.2176866845728728e-07,0.011994372713117657,0.0368130394366721,0.0002937594580502049,2.3681927925513255e-07,0.036812802617392795,1.5519987346161459e-09,0.00029375790605146987
2.538392878773294,15.949192839757654,0.012737238379366,0.5925326081952251,5.56563976627681,0.029627137721848,6.886197634127879e-08,-2.004608124959913e-06,1.3772395268255758e-07,-4.009216249919826e-06,0.0127371006554134,2.4688892946389557e-08,2.4688893555931006e-08,0.0,0.0371512598880977,-0.0007986133534993,9.450416831950212,-0.203148671158472,40.53088389795644,50.47236894699745,1.3740948776026488e-07,0.012737100969878323,0.04052984866905455,0.0003088098288529133,2.75769876419895e-07,0.04052957289917808,1.7095765232531926e-09,0.0003088081192763896
2.6158276489834567,16.435729850206975,0.0135265521593966,0.6106849985605257,5.565666994254751,0.0305267325752442,7.772253514482427e-08,-2.227528932255616e-06,1.5544507028964854e-07,-4.455057864511231e-06,0.0135263967143263,2.7861566191686612e-08,2.7861566967953504e-08,0.0,0.0371559403887887,-0.000822996744451,10.037053659914836,-0.222318757096577,41.05655758219445,51.72502049800096,1.5506820368175722e-07,0.013526397091192908,0.0445973098394884,0.00032431938952621776,3.2106576207671867e-07,0.04459698877372628,1.8821359516898603e-09,0.0003243175073902656
2.695624600275847,16.937108882125045,0.0143650605069117,0.6293977032958645,5.565695754641468,0.0314534779711015,8.772711655254922e-08,-2.473598277962317e-06,1.7545423310509845e-07,-4.947196555924634e-06,0.0143648850526786,3.1443068259899044e-08,3.1443069248565615e-08,1.734723475976807e-18,0.0371608701152127,-0.0008481412386781,10.660177430881491,-0.2433025939038784,41.582426257535445,50.77653060300145,1.7500255702963935e-07,0.014364885504354675,0.04904864115428762,0.00034030264725199507,3.7374304290777747e-07,0.04904826741124468,2.0711101373143382e-09,0.00034030057614185734
2.7778557920037783,17.453782697781854,0.0152557895192108,0.6486859864778648,5.565726131667688,0.0324081829126022,9.902315139979105e-08,-2.74492380419508e-06,1.980463027995821e-07,-5.48984760839016e-06,0.015255591472908,3.548592444776525e-08,3.5485925707016135e-08,0.0,0.0371659254449354,-0.0008740678042903,11.32202424708091,-0.2662712351514037,42.108455572552224,51.77094836499964,1.975049440139579e-07,0.015255592014266786,0.05392015674957241,0.0003567743617324428,4.350065143845951e-07,0.05391972174305798,2.2780670735751848e-09,0.0003567720836653688
2.862595481722232,17.986217871155798,0.0162027955117127,0.6685847846685967,5.565758214133626,0.0333916797956473,1.1178337366257603e-07,-3.0439303830338745e-06,2.2356674732515206e-07,-6.087860766067749e-06,0.0162025719449654,4.005164975872105e-08,4.0051651362855764e-08,0.0,0.0371720608222362,-0.0009008450596885,12.025311602389165,-0.2914270101954516,42.63486135812162,51.5092926819998,2.2291780756243072e-07,0.016202572593905163,0.059251738218576495,0.0003737501428469503,5.062595014229183e-07,0.059251231959075036,2.50472994763335e-09,0.00037374763811700223
2.949920192244952,18.534895209265866,0.0172083868364495,0.6890874307566645,5.565792095651578,0.0344048250264387,1.2618879504492646e-07,-3.372826382529922e-06,2.523775900898529e-07,-6.745652765059844e-06,0.0172081344588594,4.5204651312761924e-08,4.520465335622253e-08,0.0,0.0371778433585197,-0.0009284318385488,12.772163319097022,-0.3189556467341031,43.161298851656944,52.371032574999845,2.5159970233673295e-07,0.017208135236747153,0.06508698187212668,0.00039124587887256774,5.891337098027314e-07,0.06508639273841683,2.7529838934441285e-09,0.00039124312588867383
3.039908780747137,19.100310186356623,0.0182771832982398,0.7102316729774184,5.565827874899941,0.0354484996500969,1.424591587915724e-07,-3.734363927730737e-06,2.849183175831448e-07,-7.468727855461473e-06,0.0182768983799222,5.102309405243877e-08,5.102309665579503e-08,3.469446951953614e-18,0.0371843004667399,-0.0009569050512747,13.565645258043691,-0.3490998703292778,43.68799686287743,51.685024231999705,2.839857736305379e-07,0.018276899312466153,0.07147357460935862,0.00040927778306032485,6.855268718118624e-07,0.07147288908248677,3.0248919695541473e-09,0.0004092747581683548
3.1326425099761472,19.682973391328307,0.0194130340936372,0.7320346829261442,5.565865655888946,0.036523609989931,1.6083505101081473e-07,-4.131261630220599e-06,3.2167010202162946e-07,-8.262523260441198e-06,0.0194127124235352,5.7592489090751624e-08,5.759249240764663e-08,-3.469446951953614e-18,0.0371912651799171,-0.000986285644332,14.40861918556475,-0.3821062335100112,44.214902710244274,51.45563641999979,3.205520755287653e-07,0.019412713541561693,0.0784638834377603,0.0004278630128481615,7.976489702371159e-07,0.07846308578879002,3.322720496856684e-09,0.00042785969012766416
3.22820512163452,20.283410988815906,0.0206199774733271,0.7545134390688429,5.565905548238359,0.0376310882971428,1.8158744115283138e-07,-4.566370518604601e-06,3.631748823056628e-07,-9.132741037209202e-06,0.0206196142984448,6.500907954938535e-08,6.500908377556604e-08,0.0,0.0371985480886264,-0.0010165931896117,15.304106181218248,-0.418243477671621,44.74195666694765,51.51369439100017,3.6183442007231533e-07,0.020619615638907036,0.08611520171353823,0.0004470191134887393,9.280702415972044e-07,0.0861142736432966,3.6489496710835192e-09,0.00044701546453906774
3.3266829120015657,20.90216519433364,0.021902485740029,0.7776894060520163,5.5659476674673405,0.0387718934105766,2.0502383391357445e-07,-5.042724752630331e-06,4.100476678271489e-07,-1.008544950526066e-05,0.0219020756923612,7.338200856939327e-08,7.338201395431288e-08,0.0,0.0372061649509324,-0.0010478572691582,16.255392435182454,-0.4578093751046246,45.26914512885375,52.18081214599806,4.084404494030636e-07,0.021902077299579624,0.09449023814996886,0.0004667640990251013,1.0797801758396047e-06,0.09448915836979299,4.006294665822885e-09,0.00046676009273043497
3.4281648098618387,21.539794763914006,0.0232656147607599,0.8015894035504632,5.565992135296664,0.0399470114261449,2.3149406453308134e-07,-5.563561960065942e-06,4.629881290661627e-07,-1.1127123920131884e-05,0.0232651517726308,8.283535127028378e-08,8.283535813197975e-08,3.469446951953614e-18,0.0372143473202158,-0.0010801223974397,17.266071237405217,-0.5011365670030578,45.79650330325225,50.79804331000196,4.6106095188708187e-07,0.02326515369980798,0.10365772727309605,0.0004871166901953549,1.256257480629786e-06,0.10365647101561538,4.397731611965609e-09,0.0004871122924637424
3.5327424568108428,22.1968754986834,0.0247144522074341,0.8262350491376881,5.566039079963399,0.0411574563755245,2.6138995034544266e-07,-6.132178629679249e-06,5.227799006908853e-07,-1.2264357259358498e-05,0.0247139294275334,9.350794981081828e-08,9.350795855455577e-08,0.0,0.037223033898924,-0.0011134203194003,18.339836518357824,-0.5485836186665778,46.32399653186194,51.96051942199847,5.204689516022552e-07,0.02471393173848249,0.11369301228107474,0.000508096339105348,1.4615496560637812e-06,0.11369155073141862,4.826521638495139e-09,0.0005080915125837089
3.6405102900104978,22.87400076483005,0.0262541628523245,0.8516464444336506,5.566088636548126,0.0424042709136802,2.9515200459758546e-07,-6.751947947371878e-06,5.903040091951709e-07,-1.3503895894743756e-05,0.0262535725483153,1.055557626507547e-07,1.055557737927749e-07,-3.469446951953614e-18,0.0372320720450049,-0.0011477731037192,19.48056142134012,-0.6005377411640447,46.851567757251246,51.21077350099949,5.875327930300088e-07,0.026253575319531465,0.12467856669342968,0.0005297230140573959,1.7003635504646933e-06,0.12467686632987916,5.296233239839164e-09,0.0005297177178241554
3.7515656274691054,23.571782029433848,0.0278907663022779,0.8778507238438215,5.566140947314701,0.0436885270147028,3.332815613979391e-07,-7.426435735977828e-06,6.665631227958782e-07,-1.4852871471955656e-05,0.0278900997391551,1.1915612154527689e-07,1.1915613574345989e-07,0.0,0.0372415934759475,-0.0011832268882959,20.692505916827287,-0.6574350639111735,47.37922557459777,51.98165740799959,6.63239846285461e-07,0.027890103062431608,0.13670473345130327,0.0005520173323899129,1.9781735055510406e-06,0.13670275527779768,5.810772966856601e-09,0.0005520115216169454
3.8660087559228073,24.290849412641816,0.029631017597406,0.9048831404806066,5.566196162062508,0.045011326675506,3.763510160762216e-07,-8.159434105758364e-06,7.527020321524431e-07,-1.6318868211516727e-05,0.0296302648953739,1.3451130779885674e-07,1.345113258921511e-07,0.0,0.0372520172147489,-0.0012198427932283,21.980380101452823,-0.7197625864019307,47.90704540257369,52.122066215000814,7.487164259348308e-07,0.029630268880980117,0.1498706792587385,0.0005750009353671766,2.3013508916164748e-06,0.14986837790784685,6.374425388684478e-09,0.0005749945609417874
3.9839430213979097,25.031852256688,0.0314816342562368,0.9327714376675418,5.5662544384910655,0.0463738026268217,4.250008632066432e-07,-8.95468247706387e-06,8.500017264132864e-07,-1.790936495412774e-05,0.0314807842545104,1.5184741033996546e-07,1.5184743339760497e-07,0.0,0.0372633805961492,-0.0012576629940689,23.34899681695236,-0.7880436175012092,48.43501367977515,51.393352036997385,8.452214501228951e-07,0.03148078903478669,0.16428523067392864,0.0005986964551497332,2.6773106768681033e-06,0.1642825533632518,6.991888674933632e-09,0.0005986894632610578
4.105474922535851,25.795459712271512,0.0334489042932714,0.9615301313603892,5.566315942576781,0.0477771190509418,4.799404101349189e-07,-9.815679289856647e-06,9.598808202698378e-07,-1.963135857971329e-05,0.0334479444124511,1.7141448730768688e-07,1.7141451669061838e-07,6.938893903907228e-18,0.0372751694323542,-0.0012966973516412,24.80311176564205,-0.8628298631167092,48.96298900559395,51.87503723500049,9.541473570440828e-07,0.033447950145914326,0.1800674942575928,0.00062312702634629,3.1146721008347256e-06,0.18006437958549198,7.668298293528285e-09,0.000623119358047996
4.230714206765084,26.58236134282232,0.0355410318131341,0.9911987955073956,5.566380848961553,0.0492224723056597,5.419936942722406e-07,-1.074639514559746e-05,1.0839873885444812e-06,-2.1492790291194923e-05,0.0355399478257456,1.935027677313089e-07,1.9350280517463722e-07,0.0,0.0372878384551429,-0.0013370156004869,26.34840454474783,-0.9447645501534756,49.49105748325827,51.98016253199967,1.0771103089444391e-06,0.0355399547028252,0.19734799469156633,0.0006483165364060933,3.623458613181818e-06,0.1973443712329532,8.409274602243718e-09,0.0006483081271314904
4.359773969406729,27.39326774720038,0.0377647829279529,1.021788287984606,5.566449341352825,0.0507110916538147,6.120584868889871e-07,-1.1750154584677472e-05,1.2241169737779745e-06,-2.3500309169354945e-05,0.0377635588109792,2.184279448699817e-07,2.184279925807592e-07,0.0,0.037300708240222,-0.0013786154786813,27.990120153715804,-1.0345008101603184,50.01904266369702,51.32907951499874,1.2158683554341867e-06,0.03776356705959755,0.21626965679304028,0.0006742895285998527,4.215321177515934e-06,0.21626544147186286,9.220962945201913e-09,0.0006742803076369069
4.492770755803485,28.22891120139058,0.0401307102162103,1.0533570220721789,5.566521612934597,0.0522442399978406,6.91204199494304e-07,-1.283126287608176e-05,1.382408398988608e-06,-2.566252575216352e-05,0.0401293278078113,2.465657435686554e-07,2.465658043633363e-07,0.0,0.0373148299825424,-0.0014216173599438,29.735121839436754,-1.1328462551421397,50.54717424899842,51.28220764899743,1.372513878999115e-06,0.04012933770233129,0.23698935731896884,0.0007010716584843408,4.903814215808104e-06,0.2369844535047531,1.0110097242798095e-08,0.0007010615483870976
4.629824666564024,29.0900463197727,0.0426474694921746,1.0859293418368687,5.566597866788806,0.0538232146188304,7.805970313038809e-07,-1.3993178300374974e-05,1.5611940626077618e-06,-2.798635660074995e-05,0.042645908298112,2.783251523177017e-07,2.783252297826137e-07,0.0,0.0373299282476135,-0.0014660502435565,31.589734854034795,-1.2406168629484544,51.07537548526453,51.20599328600292,1.5493246303814017e-06,0.042645920167544225,0.25967950382831445,0.0007286900237194392,5.70471300445079e-06,0.2596737991153101,1.1084065816129424e-08,0.0007286789396536227
4.771059466017914,29.97745073656384,0.0453244541623548,1.1195328501713468,5.566678316326319,0.0554493479194306,8.815554258489504e-07,-1.5239240458494324e-05,1.7631108516979007e-06,-3.0478480916988648e-05,0.0453226910515031,3.141678512650441e-07,3.1416794996651386e-07,0.0,0.0373458323727921,-0.0015119515852317,33.560740863976456,-1.358711591813638,51.60359751958782,51.73711924399686,1.7488719147632848e-06,0.04532270529044003,0.28452889781815527,0.0007571723564885737,6.636353259676837e-06,0.2845222614648957,1.215094473538332e-08,0.0007571602055438377
4.916602693979008,30.891925808048477,0.048173643278829,1.154219546988596,5.5667631857267335,0.0571240081701471,9.956072624539285e-07,-1.6573237667525775e-05,1.991214524907857e-06,-3.314647533505155e-05,0.0481716520643041,3.546281259339676e-07,3.546282516951199e-07,-6.938893903907228e-18,0.0373631464143902,-0.0015594250607153,35.65606461177103,-1.4881766140729789,52.13197541893474,51.35766001199954,1.9741314961550276e-06,0.048171669147332855,0.31174492763777695,0.0007865477295860588,7.72006912794727e-06,0.3117372075686491,1.3319587334169991e-08,0.0007865344099987242
5.06658578091822,31.834297336230367,0.0512033077769527,1.1899915748945968,5.566852710385988,0.0588486002584654,1.124390263263166e-06,-1.799727141700621e-05,2.248780526526332e-06,-3.599454283401242e-05,0.0512010589964261,4.002773413536851e-07,4.002775015756993e-07,0.0,0.0373808022940175,-0.0016084321647231,37.88254562280365,-1.630021324370029,52.66025805142025,52.04957297999863,2.2282858945532135e-06,0.05120107949105808,0.34155465141768304,0.0008168458596912901,8.980652193678165e-06,0.3415456707654894,1.4599668557112977e-08,0.0008168312600227325
5.221144166649697,32.805416314559785,0.0544284784289972,1.226921312847757,5.566947137370664,0.0606245664404196,1.2698831267050716e-06,-1.9515117575387444e-05,2.539766253410143e-06,-3.903023515077489e-05,0.0544259386627438,4.518051144406318e-07,4.5180531856858556e-07,0.0,0.0373999616735002,-0.0016591308553167,40.24966445317692,-1.785548894231292,53.18871619689981,51.4877847989992,2.5151763248542282e-06,0.054425963252672356,0.37420720813353153,0.0008480975779874914,1.0446935920497903e-05,0.374196761197611,1.6001782998445718e-08,0.0008480815762044925
5.380417422637569,33.80615969640943,0.0578610612106341,1.265036195706802,5.567046725877755,0.0624533870941816,1.434235144234434e-06,-2.1128827978577893e-05,2.8684702884688683e-06,-4.2257655957155786e-05,0.0578581927403457,5.099586334647576e-07,5.09958893522698e-07,6.938893903907228e-18,0.0374202869260291,-0.0017115538035152,42.7660156538024,-1.95606027549042,53.71727271871628,52.59089762599979,2.838964988517779e-06,0.057858222245645644,0.40997664931709793,0.0008803355573095487,1.2152478960497777e-05,0.40996449683813746,1.753755819639882e-08,0.0008803180197513518
5.54454937803371,34.83743118699312,0.0615157921842501,1.3043872962714205,5.567151747698476,0.0643365814754055,1.6199249016273403e-06,-2.284067662232965e-05,3.239849803254681e-06,-4.5681353244659305e-05,0.0615125523344468,5.755980043763934e-07,5.755983356896467e-07,0.0,0.0374421204959114,-0.001765795872091,45.44150267504362,-2.143052177132183,54.246007566665625,52.23278505000053,3.2044432805069514e-06,0.06151258774096955,0.4491637620705797,0.000913593681600683,1.4136311793402255e-05,0.44914962575878625,1.9219726537690938e-08,0.000913574461874145
5.713688249560336,35.90016205944215,0.0654052584097395,1.3449946298789714,5.567262487684599,0.0662757084741,1.829670432682362e-06,-2.4651229877882715e-05,3.659340865364724e-06,-4.930245975576543e-05,0.0654015990688741,6.496638946797618e-07,6.496643167432121e-07,1.3877787807814457e-17,0.0374648623494228,-0.0018218652690604,48.28552518173449,-2.3480593764493416,54.77477636906418,52.80193711200263,3.6168517801917298e-06,0.06540164155795927,0.492098328611462,0.0009479068332807196,1.64438040912357e-05,0.4920818848073707,2.1062212923771252e-08,0.0009478857710677954
5.8879867753547455,36.995311995776646,0.069547951417309,1.386929858864193,5.567379244215602,0.0682723673730028,2.066674099149182e-06,-2.656216678982704e-05,4.133348198298365e-06,-5.312433357965408e-05,0.0695438180691107,7.332626544299859e-07,7.332631921045006e-07,0.0,0.0374893407851925,-0.0018799125528458,51.30990284493929,-2.5729481613504643,55.30375584821496,51.80733470599807,4.082354276269875e-06,0.06954386906303273,0.5391426196596183,0.0009833113931430454,1.9127724622092986e-05,0.5391234919349961,2.3080268311840505e-08,0.0009832883128747332
6.067602352897023,38.12386995353086,0.0739608460047511,1.4302385540510325,5.567502329664834,0.0703281986075253,2.3344737413875563e-06,-2.8573535717231405e-05,4.668947482775113e-06,-5.714707143446281e-05,0.0739561770572683,8.276128616617186e-07,8.276135466053344e-07,0.0,0.0375155658592464,-0.001940014119629,54.52622863716757,-2.819673674738254,55.832913179512815,52.91089069299778,4.607740348787375e-06,0.07395623826440229,0.5906954507223402,0.0010198459237915347,2.224947735204638e-05,0.590673201244988,2.5290620099688908e-08,0.0010198206331714346
6.252697181145312,39.28685505881544,0.0786600694799865,1.4749492061641634,5.567632070862711,0.0724448845274577,2.6369787372294707e-06,-3.0683956951499295e-05,5.273957474458941e-06,-6.136791390299859e-05,0.078654795522512,9.340567833493012e-07,9.340576558121908e-07,0.0,0.0375430714409705,-0.0020021981744842,57.94611568168638,-3.090306748576582,56.36207566876071,51.46182259999841,5.200489360534797e-06,0.07865486899062593,0.6471941349998287,0.0010575499954197356,2.5880382538979903e-05,0.6471682546172897,2.771152401770818e-08,0.0010575222838957175
6.443438407006971,40.48531752662284,0.0836678943485114,1.5211381103565544,5.567768809554863,0.0746241501609895,2.978732154232706e-06,-3.289350962549073e-05,5.957464308465412e-06,-6.578701925098146e-05,0.0836619368842029,1.0541504082228627e-06,1.0541515194571172e-06,0.0,0.0375725868855114,-0.0020666231478484,61.58375939963216,-3.3873212694834165,56.89130817584616,52.11383284100157,5.869271950578204e-06,0.08366202507656079,0.7091194046243784,0.0010964649449457103,3.0103302223935236e-05,0.7090893013221543,3.036292332825852e-08,0.0010964345820223815
6.639998276277893,41.72033960920704,0.0890039767305489,1.5688466666418694,5.567912902853051,0.0768677639816024,3.364673481200143e-06,-3.520085696969976e-05,6.729346962400286e-06,-7.040171393939952e-05,0.0889972473835865,1.189578547050461e-06,1.189579962149264e-06,0.0,0.0376038805373398,-0.0021333473687953,65.45281572707121,-3.713276135768461,57.42040430878433,52.47511523900175,6.623477620226331e-06,0.08899735325292867,0.7770001254365094,0.0011366341972951029,3.5014448668878635e-05,0.7769651109878404,3.326657959715403e-08,0.001136600930715505
6.842554289186317,42.99303657339413,0.0946912446379107,1.6181332404013726,5.568064723676516,0.0791775386787076,3.800356501132826e-06,-3.760612208893825e-05,7.600713002265652e-06,-7.52122441778765e-05,0.0946836439249085,1.3422285976642709e-06,1.342230399244297e-06,-1.3877787807814457e-17,0.0376371005485744,-0.0022024786380525,69.56846158520096,-4.071064143897908,57.94919593501922,52.72680547200071,7.473625737078416e-06,0.09468377101217369,0.8514172686979606,0.0011781027595571683,4.0725354768105864e-05,0.8513765433431922,3.6446143929192003e-08,0.0011780663134132385
7.0512893606815386,44.30455770770598,0.1007558078505887,1.669072605974137,5.568224661181436,0.0815553319332786,4.292021126556269e-06,-4.011208055381901e-05,8.584042253112538e-06,-8.022416110763802e-05,0.1007472238083356,1.5142127054422995e-06,1.514214998285889e-06,0.0,0.0376727066543727,-0.0022741634961195,73.94752358973236,-4.463941503302944,58.47754370317852,52.87793286300075,8.431489295786293e-06,0.10074737636129293,0.9330105776473949,0.0012209180663980915,4.7365265415155326e-05,0.9329632123819795,3.9927314842829214e-08,0.001220878139083248
7.26639198561232,45.65608736020683,0.1072205916721559,1.721701847228252,5.56839312117603,0.0840030471997965,4.846377959706821e-06,-4.272326687690303e-05,9.692755919413642e-06,-8.544653375380605e-05,0.1072108989162365,1.707789925426327e-06,1.7077928419777377e-06,-1.3877787807814457e-17,0.0377102363950893,-0.0023484402162242,78.60616994528255,-4.895272700197019,59.00506541084204,53.16284661699683,9.509661913662497e-06,0.10721108201024226,1.0224831165693857,0.0012651293360572652,5.508364285402034e-05,1.0224280329265314,4.3737887393189926e-08,0.0012650855981698713
7.488056408944133,47.04884600800971,0.1141172487875786,1.7761197025115971,5.568570526518882,0.0865226344963117,5.471188120151352e-06,-4.545394802947742e-05,1.0942376240302705e-05,-9.090789605895483e-05,0.1141063064113383,1.925563513774535e-06,1.92556722157652e-06,0.0,0.0377505476374325,-0.0024255057981262,83.56438237526017,-5.36908486506452,59.53167174095837,53.38940456199998,1.0722656876901863e-05,0.1141065261307017,1.120608566103417,0.0013107880146907228,6.405321340877201e-05,1.1205445128900082,4.790789793903918e-08,0.0013107401067927833
7.716482801168939,48.48409135940866,0.1214697416100747,1.832358997613448,5.5687573174980365,0.0891160912045697,6.174646462968547e-06,-4.832882043138802e-05,1.2349292925937094e-05,-9.665764086277603e-05,0.1214573923171488,2.1702636463636527e-06,2.1702683564181693e-06,1.3877787807814457e-17,0.0377929944903023,-0.002505352543572,88.84026104352486,-5.8893500496266284,60.05693552573384,53.42888170000151,1.2085697790738118e-05,0.121457655912284,1.2282371386466895,0.0013579473888191028,7.447327374739768e-05,1.228162665372942,5.2469713112084876e-08,0.00135789491910599
7.951877439065949,49.96311948963201,0.1293093534646749,1.890533265183255,5.568953952188468,0.0917854628826674,6.966429644386587e-06,-5.14059175117962e-05,1.3932859288773174e-05,-0.0001028118350235,0.1292954206053861,2.445106261578092e-06,2.4451122401373405e-06,0.0,0.0378385754231291,-0.0025880960753763,94.45693942747512,-6.460698678282614,60.58087474046549,52.96913357499943,1.3616717473257241e-05,0.1292957367472016,1.3463012472012101,0.0014066617596948485,8.657369521569118e-05,1.3462146735059943,5.7458212312416964e-08,0.0014066043014825354
8.194452891976539,51.487266011242255,0.1376164470543353,1.950703233934392,5.569160906785614,0.094532844092778,7.857302793807866e-06,-5.480143282200261e-05,1.571460558761573e-05,-0.000109602865644,0.1376007324487477,2.753674204065761e-06,2.753681786808264e-06,-2.775557561562892e-17,0.0378871007349361,-0.0026728249082848,100.43637631457057,-7.085494617008601,61.103463430219136,53.34742591300164,1.5335696956820142e-05,0.1376011113573785,1.4758005411100512,0.001456977962604044,0.00010061998530215339,1.475699921124749,6.291118114563447e-08,0.0014569150514228974
8.444428213761578,53.05790728023951,0.1470092870877216,2.0129240403395943,5.56937867591277,0.0973603792470966,8.86121988577547e-06,-5.875308625249094e-05,1.772243977155094e-05,-0.0001175061725049,0.14699156464795,3.1002863847345583e-06,3.100295996540025e-06,0.0,0.037938247916711,-0.0027707328581817,106.80153709450327,-7.800005123634443,61.6256142963838,51.99411756599875,1.7266722412147745e-05,0.1469920203653094,1.6180993600709792,0.0015090394585163974,0.00011691958584761056,1.6179824404851317,6.886985538027578e-08,0.0015089705886610163
8.702029140614496,54.6764616389576,0.1564100361736617,2.077326727470761,5.569607772900321,0.1002702634752724,9.999159603107452e-06,-6.369478474254852e-05,1.9998319206214904e-05,-0.000127389569485,0.1563900378544555,3.49253527897236e-06,3.4925474768176365e-06,0.0,0.0379930717021864,-0.0028606466381543,113.5808751261364,-8.551947342797188,62.15024270816572,52.73804628399739,1.9452119574106912e-05,0.1563905840540876,1.774421557865413,0.0015628988920846543,0.0001358372013048605,1.7742857206641083,7.538216059233888e-08,0.001562823509924061
8.967488294908712,56.34439069687534,0.1666449431846783,2.14395790792187,5.569848730034997,0.1032647435169771,1.1313169587751933e-05,-7.02238926580078e-05,2.2626339175503865e-05,-0.000140447785316,0.1666223168455028,3.9442803329729045e-06,3.944295890381613e-06,0.0,0.0380509555859083,-0.002957613723808,120.80000200160532,-9.389507786456107,62.68631707121731,50.73005516699777,2.1969131455924284e-05,0.16662297405322238,1.945937361087414,0.0016185450999124476,0.00015782850184134156,1.9457795325855727,8.251072979922126e-08,0.0016184625891826473
9.241045395263544,58.06320065049948,0.1775888004363969,2.212911486351508,5.570102098777557,0.1063461186436139,1.2890774724666538e-05,-7.814197281505884e-05,2.578154944933308e-05,-0.0001562839456301,0.1775630188869476,4.485549049420685e-06,4.48556916966121e-06,0.0,0.0381121168237299,-0.0030585430780049,128.48872365382263,-10.311374153020022,63.25300837321567,53.02274074700108,2.498507824614181e-05,0.17756381535815077,2.1342725305859553,0.0016760839062804113,0.0001835178167524416,2.134089012769203,9.035148892152264e-08,0.001675993554791489
9.52294747301824,59.83444364351117,0.1892947153900783,2.28432650404253,5.570368449947657,0.1095167416132852,1.4823835070036444e-05,-8.352754931463814e-05,2.964767014007289e-05,-0.0001670550986292,0.1892650677199382,5.147465969624008e-06,5.147492466166306e-06,2.775557561562892e-17,0.0381774503938294,-0.0031636412718714,136.68140546951165,-11.326343980022129,63.85948750590048,52.248670381999545,2.867342962987605e-05,0.18926604196044838,2.341122981396816,0.0017355930674059611,0.00021377070647137368,2.340909210690345,9.904535570011105e-08,0.0017354940220502602
9.813449095309654,61.65971916840442,0.2018313002857358,2.358307317405345,5.570648373874943,0.1127790196636818,1.698797950734366e-05,-8.215926836486977e-05,3.397595901468732e-05,-0.0001643185367297,0.2017973243267211,5.8858516499891245e-06,5.885886293442676e-06,0.0,0.0382471303666557,-0.0032733087825861,145.41256690400678,-12.444861295012377,64.45114117017498,51.85086169600254,3.278820290937926e-05,0.2017985120828264,2.5683684655452184,0.0017971561189400822,0.00024948011439403857,2.5681189854308246,1.087092368762701e-07,0.001797047409703205
10.112812594955011,63.540675510882,0.2152612450907844,2.4349886824273206,5.5709424805158045,0.1161354155473259,1.9239095953767064e-05,-7.991359547487173e-05,3.847819190753413e-05,-0.0001598271909497,0.2152227668988769,6.64998913488832e-06,6.6500333575378935e-06,0.0,0.0383217311249752,-0.0033877707997284,154.72082574278448,-13.677844924381976,64.99168553542435,51.86337856099999,3.7046953328354996e-05,0.21522419813745608,2.818093033665029,0.001860862607141342,0.00029129230793325557,2.8178017413570964,1.19366588493354e-07,0.0018607432405528476
10.421308307347344,65.47901123831339,0.2296418524572162,2.514473056104604,5.571251399535638,0.119588448614192,2.1757804548299664e-05,-8.402373814073258e-05,4.351560909659933e-05,-0.0001680474762814,0.2295983368481196,7.501535919774056e-06,7.50159219323735e-06,0.0,0.0384012068684586,-0.0035071062942814,164.64520949910957,-15.036721437833169,65.52654251572743,51.28679531599846,4.17932560053192e-05,0.22960005920121088,3.0925944297122796,0.0019268050090224722,0.0003399360410203602,3.0922544936712595,1.3104228725578711e-07,0.0019266739667352152
10.739214814577496,67.47647673359866,0.2450455597562802,2.5968751676110484,5.571575780356872,0.1231406959464672,2.5003704108377947e-05,-9.187444431194866e-05,5.000740821675589e-05,-0.0001837488886238,0.2449955523480635,8.597329152559739e-06,8.597403067263765e-06,0.0,0.0384856366740023,-0.0036315701651663,175.22798682736703,-16.534811011566305,66.13215875609202,51.81188904399824,4.7901082703532676e-05,0.24499765867357673,3.3944068641981033,0.001995078970263895,0.0003969648688948588,3.3940098993292085,1.4392913409713594e-07,0.0019949350411297964
11.066819197003216,69.5348757758236,0.2615888255905287,2.682349514895837,5.571916292173506,0.1267947935506542,2.836564713896714e-05,-8.074473522447703e-05,5.673129427793428e-05,-0.0001614894704489,0.2615320942962508,9.72507834186648e-06,9.725172919935014e-06,0.0,0.0385755994379507,-0.0037619801958642,186.5168403056227,-18.189546491781,66.68018794163967,52.1326224450022,5.4187849436790493e-05,0.2615346377410919,3.726358154052456,0.0020657903174182515,0.0004638544320275227,3.7258942996204287,1.5816536980830488e-07,0.002065632152048442
11.404417292492475,71.65606716913354,0.2793130951570775,2.771044822158012,5.572273623933328,0.1305534376117164,3.180066738595737e-05,-7.428782970235332e-05,6.360133477191474e-05,-0.0001485756594047,0.2792494938223056,1.0869074974898637e-05,1.0869193112973495e-05,0.0,0.0386714612123125,-0.0038979685348597,198.56217390523415,-20.01447790779413,67.17588443882674,50.05305568599943,6.056611809685999e-05,0.2792525290389806,4.091573070634207,0.002139049351695704,0.0005413358738059167,4.091031734760402,1.7369683182138748e-07,0.0021388756548638816
11.752313963575055,73.84196642129628,0.2984451069118159,2.863099180073092,5.57264848428949,0.1344193858143104,3.580784412537783e-05,-7.30780054140229e-05,7.161568825075566e-05,-0.000146156010828,0.2983734912235651,1.2198015095191508e-05,1.2198163888578756e-05,0.0,0.0387733333608429,-0.0040416733380185,211.41687351579813,-22.037773563182487,67.69087054937845,51.81957441399936,6.79760795048032e-05,0.29837713083231104,4.493573381015054,0.002214982949679686,0.0006307746790844318,4.492942606335969,1.9057841179178852e-07,0.0022147923712678933
12.110823372743786,76.09454747347088,0.3189643459062681,2.9587435186813416,5.573041601523541,0.1383954587357233,4.046435347286418e-05,-7.37175520228798e-05,8.092870694572837e-05,-0.0001474351040457,0.3188834171993224,1.373534033532855e-05,1.3735528997494016e-05,0.0,0.038882464209579,-0.004191684640972,225.14424914412163,-24.271447561909103,68.22154900048784,49.55833423899821,7.654867452196709e-05,0.31888779723174615,4.936267577305056,0.002293725464111148,0.0007344016474372189,4.935533175657618,2.0899620120080302e-07,0.0022935164679099462
12.480269266153908,78.4158444827432,0.3410208866833597,3.0581373366729228,5.573453723442513,0.1424845413151167,4.5843086108672e-05,-7.551097777903774e-05,9.1686172217344e-05,-0.000151021955558,0.3409292005111424,1.550199777007627e-05,1.5502238085736508e-05,0.0,0.038998972170043,-0.0043488773083149,239.8064217994144,-26.74144081552953,68.76336439516469,51.5728691660006,8.640100658064047e-05,0.3409344856767791,5.42392524508818,0.002375405800340552,0.0008548038284689136,5.423070441259711,2.2914659355920614e-07,0.002375176653746992
12.860985265976836,80.80795365903879,0.3647558577010449,3.1614445706907865,5.573885617252978,0.1466895844030064,5.203054198278289e-05,-7.844796970005395e-05,0.0001040610839655,-0.0001568959394001,0.3646517966170793,1.752270858654107e-05,1.7523015637237637e-05,0.0,0.0391229381210442,-0.0045138608414723,255.4698663640009,-29.47517444596898,69.31302150895908,51.00162133599952,9.767128483129789e-05,0.36465818641621356,5.961326242868336,0.0024601671019823497,0.0009949623613980997,5.960331280506938,2.51234681681192e-07,0.0024599158673006675
13.253315171672318,83.2730351580718,0.3903316232855993,3.268916728464107,5.574338069415469,0.1510136063950021,5.908471595795732e-05,-8.19948845297975e-05,0.0001181694319159,-0.0001639897690595,0.3902134538536834,1.981156342328862e-05,1.9811955929110046e-05,0.0,0.0392554050931244,-0.0046873711585588,272.21261765820066,-32.50409898916895,69.86492028741634,52.536881605003146,0.00011043854016521964,0.39022118474543405,6.553813043282997,0.002548165365381799,0.0011582577774284747,6.552654785505569,2.7546786248092936e-07,0.002547889897519317
13.657613270450964,85.81331503203843,0.4179156766228317,3.380754121385406,5.574811885482857,0.1554596949529666,6.688263129688273e-05,-8.201424805948101e-05,0.0001337652625937,-0.0001640284961189,0.4177819113602379,2.232126543506073e-05,2.2321763685072925e-05,0.0,0.0393966148507746,-0.0048700563131351,290.11371846430814,-35.86272961486255,70.40263975530311,51.22151157400003,0.00012443963349648417,0.4177912369893352,7.207358736674902,0.002639569839219336,0.0013481793755405291,7.206010557299361,3.0200981931785697e-07,0.002639267829400017
14.074244657207664,88.43108723981798,0.4477362477037819,3.4971836238842005,5.575307889926574,0.1600310088164197,7.427103275225801e-05,-3.25512941137398e-05,0.0001485420655045,-6.51025882274796e-05,0.4475877056382774,2.466229071383775e-05,2.4662898957421684e-05,0.0,0.0395469934051598,-0.0050631091585423,309.2597501373665,-39.59380318112189,70.85455410064804,51.4522615249989,0.00013750325514577498,0.4475987444486361,7.928674260036507,0.002734567304834326,0.0015664466334326897,7.927107813403074,3.3074234868685383e-07,0.002734236562485637
14.503585564214609,91.12871571849516,0.4797670396705077,3.618488564916617,5.575826925954678,0.164730779706397,8.91542018836416e-05,-9.52675151563119e-05,0.0001783084037672,-0.0001905350303126,0.4795887312667405,2.944523770574081e-05,2.9446104753294776e-05,0.0,0.0397074460710546,-0.0052647185454972,329.748215762912,-43.7205541692377,71.65369595068731,51.23786943400046,0.00016418638374790306,0.4796028532867599,8.725104465342902,0.002833339060406082,0.0018255020398271068,8.723278963303075,3.6281782128800417e-07,0.002832976242584792
14.946023700871812,93.90863651807564,0.514561063273374,3.7450373648179847,5.576369855325813,0.1695623143233449,0.0001006047480186,-0.0001210112389845,0.0002012094960372,-0.0002420224779691,0.5143598537773367,3.3034276488484976e-05,3.3035367787958385e-05,0.0,0.0398795840688959,-0.0054793795581765,351.69135263930394,-48.3217278572938,72.17851440321104,52.26680772400141,0.00018421742909237253,0.5143768458442817,9.604961811527676,0.002936091173518261,0.002133796307341743,9.602828015220336,3.9879689507358605e-07,0.002935692376623186
15.401958603821887,96.77336000132188,0.5522459617252675,3.877024985108363,5.576937558162963,0.1745289964398922,0.0001138237521234,-0.000127905816401,0.0002276475042469,-0.0002558116328021,0.5520183142210207,3.714157089736866e-05,3.714295044489595e-05,-1.1102230246251563e-16,0.0400629365876663,-0.0057065907571848,375.1927346180112,-53.44269726331554,72.71451694700977,48.81515785200099,0.00020714391535712594,0.5520388178099105,10.577750926346097,0.0030430686349020414,0.002490666900541726,10.575260259445555,4.3801444948592113e-07,0.0030426306204525545
15.871801997745106,99.72547311069565,0.5931165722050006,4.014853198981739,5.5775309327707605,0.1796342890887631,0.0001292640309658,-0.0001313013911049,0.0002585280619317,-0.0002626027822098,0.5928580441430689,4.1896423628684845e-05,4.189817901254202e-05,-1.1102230246251563e-16,0.0402590539182024,-0.0059474931900963,400.3831347384438,-59.14883077293776,73.2668274195418,51.78778126299949,0.00023368838946921978,0.5928828838155314,11.654032966774691,0.0031545223180114374,0.002904911193042938,11.651128055581648,4.808796011141941e-07,0.0031540414384103217
16.355978167160828,102.76764170445502,0.6374756725531804,4.158833156952022,5.578150895459621,0.1848817368452691,0.0001471698704392,-0.0001330606585742,0.0002943397408785,-0.0002661213171484,0.6371813328123018,4.7354798049369536e-05,4.73570406324649e-05,0.0,0.0404683136440186,-0.006203077758527,427.3934757822529,-65.51187151225173,73.83011425907523,49.80994803900103,0.00026416471861030174,0.63721150783457,12.845679845134116,0.00327072351308246,0.0033870084146462483,12.84229283671947,5.278548192138999e-07,0.003270195658263245
16.854924339570754,105.90261296401457,0.6856991543535647,4.309373392192962,5.578798380379478,0.1902749682032394,0.0001678305572912,-0.0001335128575746,0.0003356611145824,-0.0002670257151493,0.6853634932389823,5.358149041026241e-05,5.358436154021641e-05,-1.1102230246251563e-16,0.0406918514244523,-0.0064748086488344,456.3739024708338,-72.61733215325764,74.40053241674966,51.71286288900228,0.0002989363493742277,0.6854002180041905,14.166065875762694,0.003391966928825853,0.003948922659747895,14.162116953102947,5.794128900511183e-07,0.0033913875159358015
17.369091080290204,109.13321787474342,0.7382686463869792,4.46688326134386,5.579474339365152,0.1958176980427698,0.0001916282813841,-0.0001325193301195,0.0003832565627683,-0.0002650386602391,0.7378853898242108,6.066352550787792e-05,6.0667205794464125e-05,-1.1102230246251563e-16,0.0409305557769833,-0.0067648389808712,487.4853441812839,-80.56963303624211,74.97633733890488,49.84135737699762,0.00033849111797119744,0.7379301552690081,15.630379641755109,0.003518581779745661,0.004604410666407995,15.625775231088701,6.360481410136566e-07,0.003517945731604647
17.89894269932391,112.46237378244132,0.7956325423620249,4.631936847209288,5.580179741794423,0.2015137301873412,0.0002190522342587,-0.0001297666459164,0.0004381044685175,-0.0002595332918328,0.7951944378935073,6.871351429310366e-05,6.871823616460655e-05,1.1102230246251563e-16,0.041186547032786,-0.0070746554212093,520.9186130475138,-89.47872437259211,75.55715661997806,53.33114361299886,0.0003834601093375824,0.7952490822526872,17.25585969834788,0.003650932195994585,0.005369464719713851,17.250490233628167,6.982940145440737e-07,0.0036502339019800403
18.444957670653647,115.8930870278004,0.8582661615764258,4.804987370656176,5.580915574458821,0.2073669600478325,0.0002506778981221,-0.0001248155253837,0.0005013557962443,-0.0002496310507674,0.8577648057801814,7.786017180392095e-05,7.786623448231546e-05,0.0,0.0414605175673986,-0.0074056717582347,556.8648195149381,-99.46711495659292,76.14279452876909,49.9701322860019,0.0004345648807468168,0.857831596695679,19.061966605174366,0.0037894100652804633,0.006262772502729734,19.055703832671632,7.667350500749992e-07,0.003788643330230388
19.007629064316507,119.42845566123314,0.9268088561365784,4.9865832351524535,5.581682841445834,0.213381377350678,0.0002871970082844,-0.0001171165787396,0.0005743940165688,-0.0002342331574792,0.9262344621200096,8.825301517741832e-05,8.826080445953386e-05,0.0,0.0417537278493932,-0.0077603687580582,595.5399348004534,-110.68735038154556,76.73340068257075,52.8152094290017,0.000492643817823986,0.9263162123187545,21.07078790119302,0.003934444379055176,0.007306200124012053,21.063481701069012,8.420142603797485e-07,0.0039336023647947955
19.58746499166384,123.07167224051672,1.0019665156358428,5.177314759418335,5.582482564029844,0.219561068947443,0.0003294301214264,-0.0001059885385359,0.0006588602428528,-0.0002119770770719,1.00130765539299,0.0001000630781529,0.0001000730917745,-2.220446049250313e-16,0.0420674771469782,-0.0081413252732742,637.1807851571231,-123.31369460830705,77.32921315363907,50.16716011400058,0.0005586562899597046,1.0014078593458826,23.307534413865717,0.004086512517303896,0.008525363269846254,23.29900905059587,9.248412703640424e-07,0.004085587676033532
20.18498906420302,126.82602671378103,1.084558782168278,5.377864149291208,5.583315780567464,0.2259102217034479,0.0003783580705156,-9.059437623263106e-05,0.0007567161410312,-0.0001811887524652,1.083802066027247,0.000113486859105,0.000113499739834,0.0,0.0424034741814303,-0.0085515474250083,682.053142261092,-137.55028107993985,77.93059805407691,51.59829164099938,0.0006337048885054737,1.0839250772797726,25.801032600665625,0.004246145227021048,0.009950292284434524,25.79108230838119,1.0160005444305373e-06,0.004245129226476616
20.800740866436477,130.69490939044363,1.1755147597208615,5.588942676712039,5.584183546391412,0.2324331254639074,0.0004351458815074,-6.990543763263216e-05,0.0008702917630149,-0.0001398108752652,1.1746444679578465,0.0001287471309522,0.0001287637089103,0.0,0.0427632774893732,-0.0089943423596482,730.4463567212633,-153.6337950088471,78.53791291902205,51.65196706699862,0.0007190401846692305,1.1747957195361918,28.584321313862397,0.004413933607546359,0.011616202717974025,28.57270511114442,1.116359666022041e-06,0.004412817247880336
21.43527644312467,134.68181400277365,1.275915240090345,5.811334956863138,5.585086933695322,0.2391341760970426,0.0005011878748534,-4.26632997562407e-05,0.0010023757497069,-8.53265995124814e-05,1.2749128643406382,0.0001460975706343,0.0001461189182533,0.0,0.0431486240357845,-0.0094735525322228,782.6811337680577,-171.84257904915214,79.15157300524046,52.423935653001536,0.0008160868611022007,1.2750991532292428,31.69536041114431,0.004590537077646378,0.01356438816853048,31.681796022975778,1.2268777057186068e-06,0.004589310199940659
22.08916880141352,138.79034086085113,1.3870163582467032,6.045896690330329,5.586027031400312,0.2460178786149991,0.0005781572006776,-7.330223401647774e-06,0.0011563144013553,-1.4660446803295547e-05,1.385860043845348,0.0001658263597028,0.0001658538626451,0.0,0.0435613649540052,-0.0099936087024766,839.1120624604381,-192.50447314063635,79.77203657406095,51.612841623998975,0.0009264641599976831,1.3860898940867052,35.177901656741305,0.004776694116897908,0.01584326976178176,35.16205838697952,1.3486146604695907e-06,0.004775345502237438
22.763008428279147,143.0242001037686,1.510281319637409,6.293554103284518,5.587004944992716,0.2530888503758982,0.0006680678789168,3.7971490247476695e-05,0.0013361357578337,7.594298049495339e-05,1.508945183879575,0.000188260090972,0.0001882955395074,-2.220446049250313e-16,0.0440034210904052,-0.0105596208092172,900.130541432059,-216.0067776728045,80.39979866873895,51.696459951999714,0.0010520081103479152,1.5092293115270607,39.08252962910945,0.00497323437795782,0.018509615794609087,39.06402001331484,1.4827413300588536e-06,0.004971751636627761
23.45740382375772,147.38721505001274,1.6474358467030796,6.555327934869686,5.588021796321005,0.2603518243717704,0.0007733589699557,9.5535205473044e-05,0.0015467179399115,0.000191070410946,1.645889128763168,0.0002137691928032,0.0002138148998418,2.220446049250313e-16,0.0444769102438449,-0.0111776034722147,966.1715280599944,-242.81098141912665,81.03542497720328,52.34898977800185,0.001194802320694171,1.6462410443823852,43.46793815017043,0.005181093806084033,0.0216299654302668,43.446308184740154,1.6305500388178958e-06,0.005179463256045214
24.17298205044164,151.88332565005078,1.8004738745163835,6.832252259980435,5.589078723339261,0.2678116526111982,0.000896973913087,0.0001681617883276,0.0017939478261741,0.0003363235766553,1.7986799266902094,0.0002427681246486,0.0002428270753223,2.220446049250313e-16,0.0449835571530899,-0.0118543221700635,1037.7051949259037,-273.4619598075805,81.67943780012092,52.829557933000615,0.0013571796401345671,1.7991166948762485,48.40243639832338,0.005401330498895251,0.025282250882385168,48.37715414744098,1.7934646149118344e-06,0.005399537034280339
24.91038929973825,156.51659204423893,1.9718158598637472,7.125543935082392,5.590176879783933,0.275473309607755,0.001042531464555,0.0002592844116233,0.00208506292911,0.0005185688232467,1.9697307969346367,0.0002757292952925,0.0002758053429053,0.0,0.0455258055520936,-0.0125981267168558,1115.2658531805916,-308.62189852465434,82.33256210890954,52.62286372399831,0.001541800651230088,1.9702740592125165,53.965863991481534,0.005635146926120463,0.029557709047225742,53.9363062824343,1.9730523100322667e-06,0.005633173873810432
25.670291475402685,161.29119822926754,2.164267291899148,7.43637537957584,5.5913174347709,0.2833418959895153,0.001214428352921,0.0003731099033254,0.002428856705842,0.0007462198066508,2.1618384351933058,0.0003131751881311,0.000313273297555,0.0,0.0461052770468317,-0.013418384361078,1199.4218954544117,-349.07726479882547,82.99542465394886,51.276782439999806,0.0017516104504674435,2.16251568144868,60.251901162988844,0.005883914900798059,0.03456304957030048,60.21733811341853,2.171034761618999e-06,0.0058817438660364405
26.453374794871472,166.21145583645122,2.3812043769546567,7.766018562327712,5.592501572300574,0.2914226422483906,0.0014180887470257,0.000514817981891,0.0028361774940515,0.001029635963782,2.378368199460605,0.0003556912572524,0.0003558178185396,0.0,0.0467237262512718,-0.0143263553343622,1290.801251297393,-395.7834461377633,83.66877947640387,51.97102110999913,0.0019899117096352733,2.3792144652450213,67.37086724898356,0.006149203295827448,0.04042289675629898,67.33044435222725,2.3892971907909516e-06,0.006146813998636658
27.26034640894016,171.28180802527862,2.6266537449360152,8.115735791456187,5.593730490660492,0.299720912652599,0.0016602047614838,0.0006908019363741,0.0033204095229676,0.0013816038727482,2.623333335413048,0.0004039238833374,0.0004040871037695,0.0,0.0473823570933956,-0.0153352756794134,1390.0778998160813,-449.89800248900974,84.35340594347792,51.96899249099806,0.0022603543532381423,2.624393390582777,75.4532659522818,0.0064328150427227756,0.047282584886255676,75.40598336739554,2.6298981184890355e-06,0.006430185144604286
28.091935040344552,176.50683349573626,2.905472695979622,8.486779119094333,5.595005401717152,0.3082422093488374,0.0019490964178692,0.0009089929794251,0.0038981928357384,0.0018179859588503,2.9015745031438835,0.0004585851279111,0.0004587955247155,0.0,0.0480818728148524,-0.0164609643628885,1497.9745088890747,-512.835785375683,85.0501709322867,90.9004179020012,0.0025669634390668777,2.9029057325405545,84.65417286379594,0.006736830655305023,0.05531127007876966,84.59886159371716,2.895076598893509e-06,0.00673393557870613
28.948891641821906,181.8912506230293,3.2235083136340608,8.88026038162856,5.596327530092271,0.3169921766851371,0.0022951329757696,0.0011792643483768,0.0045902659515393,0.0023585286967536,3.218918047682521,0.0005204480029868,0.0005207190101558,0.0,0.0488218116660979,-0.0177221735657577,1615.2416666725585,-586.3279585606316,85.75996880625219,51.92766656499953,0.0029141141319773004,3.2205941995020826,95.15871433683144,0.007063660949263208,0.06470536129420115,95.09400897553724,3.1872565371625327e-06,0.007060473692726046
29.83199007424687,187.4399217184352,3.58788271928942,9.297084219636895,5.597698112222839,0.3259766057888227,0.0027113397049777,0.00151398330544,0.0054226794099554,0.00302796661088,3.582460039879464,0.0005903469262773,0.0005906956416337,4.440892098500626e-16,0.0496003419890593,-0.0191415077769771,1742.644738338439,-672.5124560385352,86.48378649098186,97.66161656999977,0.003306535878071221,3.5845761834113476,107.18897182444789,0.007416111823475148,0.07569225383927758,107.11327957060858,3.5090470435436883e-06,0.007412602776431605
30.742027805454,193.1578574201349,4.007185140251461,9.737630268008088,5.599118395309437,0.3352014394363925,0.0032140676652568,0.0019286687149316,0.0064281353305137,0.0038573374298632,4.000757004920947,0.0006691580488496,0.0006696061211752,0.0,0.0504128094920203,-0.0207456491481756,1880.899798917896,-774.0192959767747,87.22255852738394,51.82600208200165,0.003749203950683862,4.003435936300777,121.01256847096948,0.007797460089351224,0.08853423277077375,120.92403423819867,3.863235369239517e-06,0.007793596853981986
31.67982663037827,199.05022121798933,4.491946149397459,10.201592945608189,5.600589636163276,0.3446727772553305,0.0038240451702151,0.0024429424132181,0.0076480903404302,0.0048858848264362,4.484298059057029,0.0007577967027248,0.0007583713940666,0.0,0.0512513519612517,-0.0225668985540996,2030.629332599189,-894.1228747368597,87.97730414946521,103.59281559899682,0.004247326969972096,4.487698822427487,136.95351914358918,0.008211546009418334,0.10353250737249722,136.84998663621664,4.252772493419207e-06,0.008207293236924916
32.64623341316386,205.12233411634645,5.054942838199858,10.687377245607376,5.602113099968933,0.3543968812978129,0.004567512188973,0.0030816351619374,0.0091350243779461,0.0061632703238748,5.045807813821911,0.0008571808603564,0.0008579162497455,0.0,0.0521024553062341,-0.0246435516638215,2192.219766200915,-1036.8816737962638,88.74894133275292,51.63107677199878,0.0048061438613754845,5.050136694338481,155.4058756878194,0.008662884343498514,0.12103117861082884,155.28484450920854,4.680748559975549e-06,0.008658203594938537
33.64212085191105,211.3796794390875,5.711800928522068,11.191519048287798,5.603690058987152,0.3643801820277869,0.0054778916767641,0.0038763353318302,0.0109557833535282,0.0077526706636605,5.7008451451685405,0.0009682110449844,0.0009691493861243,-8.881784197001252e-16,0.0529451037014786,-0.027021523278296,2365.6597088635167,-1207.358649290877,89.53835340557237,106.8076338289975,0.005430812780698241,5.70637011574137,176.85080543479535,0.009156794352310411,0.1414208916725105,176.7093845431228,5.1503551087228554e-06,0.009151643997201689
34.668388266752366,217.8279077812556,6.481246572486607,11.707410666112848,5.605321791229527,0.3746292847611464,0.0065974649274021,0.0048670498345883,0.0131949298548043,0.0097340996691767,6.468051642631803,0.0010917019171806,0.0010928950327832,0.0,0.0537461466042703,-0.0297539770661302,2550.200770935318,-1411.7963806991918,90.34606953457212,51.73551604399836,0.006126028342786179,6.47512054414382,201.87746011059022,0.009699542084779677,0.16514171059957067,201.71231839999064,5.664829119842203e-06,0.009693877255659835
35.725962411969014,224.47284211173388,7.385897450997895,12.223999272698652,5.607009579144653,0.3851509765959473,0.0079799652656509,0.0061046048673701,0.0159599305313019,0.0122092097347403,7.369937520466593,0.0012283571716688,0.0012298678887101,0.0,0.0544564730312187,-0.0329033008247896,2743.9558587144343,-1657.9333923713082,91.1723932496185,107.22034969599918,0.00689588103307994,7.379001569964815,231.20852608505592,0.010298497682381256,0.19268497995411135,231.01584110510183,6.227380542089256e-06,0.010292270301839167
36.81579831288149,231.320483031584,8.452176178571248,12.72324716257817,5.608754708363108,0.3959522338668185,0.0096927257785135,0.0076528081354865,0.019385451557027,0.015305616270973,8.432790727014222,0.0013786748340424,0.0013805782024666,-1.7763568394002505e-15,0.0550026828399842,-0.0365388143228855,2943.147679377813,-1955.1614762951488,92.0169322849978,50.889008092999575,0.007743324493348019,8.4444328540779,265.73032857065516,0.010962290265227869,0.22459364344118643,265.505734927214,6.841101383743466e-06,0.010955449163844125
37.938880128269886,238.37701419279293,9.709932241859496,13.176894501778987,5.610558466555833,0.4070402301511683,0.0118188012194895,0.0095905520736077,0.0236376024389791,0.0191811041472154,9.686294639420517,0.0015428750220118,0.0015452591637782,1.7763568394002505e-15,0.0552775381737178,-0.0407335089532011,3141.0687676675047,-2314.624655828799,92.87830249346956,92.2143012259985,0.008669766884358767,9.701262474975136,306.5253959628516,0.011700909839505348,0.26146013236240756,306.26393583048923,7.508848972053819e-06,0.011693400990533296
39.09622203910253,245.6488078823197,11.19072246770699,13.54194512422879,5.612422142467337,0.4184223448493084,0.0144575536102911,0.0120125544399546,0.0289151072205822,0.0240251088799093,11.161807360486408,0.0017208152337791,0.0017237815433186,-1.7763568394002505e-15,0.0551272576527877,-0.0455557776330345,3326.562676174594,-2748.987633534113,93.75361716129429,52.378619175000495,0.00967458970249783,11.181047878004492,354.9038032812972,0.01252569961938611,0.30392151777286325,354.5998817635243,8.233111406412765e-06,0.0125174665079797
40.28886916437592,253.14243077648752,12.923043793007036,13.754913350516585,5.6143470251907175,0.4301061723508854,0.0177206721398577,0.0150259635720173,0.0354413442797155,0.0300519271440347,12.88760244872732,0.001911884181938,0.0019155464849623,0.0,0.0543366566731813,-0.0510504847147393,3481.952200669728,-3271.3707187928003,94.63757771626324,88.14224524800011,0.010754542709462625,12.912289250297572,412.4222313020081,0.013449089671550793,0.35265100985877196,412.06958029214917,9.015852441085482e-06,0.013440073819109711
41.51789850489252,260.864649870914,14.924216767692378,13.72593257014701,5.616334403756516,0.4420995317925448,0.0217212170746371,0.0187403479442369,0.0434424341492742,0.0374806958884739,14.880774333543105,0.0021149595152859,0.0021194420494154,0.0,0.0526170662714903,-0.0572105755803918,3580.610594063174,-3893.200581701696,95.5217303633296,51.57615027600332,0.011903495298899931,14.912313272393478,480.8724318662282,0.014483879229835808,0.4083457968804073,480.46408606934773,9.858349421686177e-06,0.014474020880414126
42.78441991582905,268.8224385913388,17.184147855500495,13.33485435679282,5.618385567110272,0.4544104773994885,0.0265458016830127,0.0232420663048434,0.0530916033660254,0.0464841326096869,17.13105625213447,0.0023283203836193,0.002333754110886,0.0,0.0496046923265372,-0.0639237853266544,3584.708066453384,-4619.484531629768,96.39296681862766,81.326454181999,0.013111930413786166,17.17103592508671,562.2042943970906,0.0156417411839384,0.4717109414180262,561.7325834556725,1.0761031942979394e-05,0.015630980151995426
44.089577108973394,277.022983090863,19.64170206443233,12.435609721057263,5.620501804555525,0.4670473093935162,0.032204709277481,0.0285476281005032,0.064409418554962,0.0570952562010065,19.577292645877368,0.0025496357676865,0.0025561530268715,0.0,0.0448901733073115,-0.0709027888057572,3444.9497014810186,-5441.202898871006,97.23232867814866,52.20592685500014,0.014366862700251334,19.627335201732077,658.3313402303983,0.0169305509221243,0.543439230401448,657.7879009999969,1.172332859645974e-05,0.016918827593527842
45.43454868553504,285.47368873928934,22.156294357077854,10.878015640999788,5.622684406738703,0.4800185854376343,0.038557248096655,0.0345331991179915,0.0771144961933101,0.069066398235983,22.079179860884548,0.0027760018411387,0.0027837294792985,0.0,0.038105142680712,-0.0776123868189906,3105.3872511998943,-6325.039078908518,98.0143289562902,77.2319540339995,0.015652032335830526,22.140642324742025,770.7655745187119,0.018350350812966564,0.6241883515680834,770.1413861671437,1.2743546786536284e-05,0.01833760726618003
46.82054920046207,294.1821868104222,24.48847064705001,8.556401258509549,5.624934667250347,0.4933331325758557,0.0452308221412485,0.0408570158186876,0.090461644282497,0.0817140316373752,24.398009002767512,0.0030040323682535,0.0030130837694251,3.552713678800501e-15,0.0290853819236291,-0.0832425338616132,2517.140833455788,-7204.071846592007,98.7077550373174,53.06464645400047,0.0169483993499686,24.47152224770004,900.0649111474548,0.01988835349944998,0.7145567817748054,899.3503543656799,1.3818801174654402e-05,0.019874534698275333
48.24883025922532,303.1563413733664,26.316003465591717,5.4823485394522535,5.627253884912744,0.5070000596136754,0.051588234743927,0.0469256108242296,0.1031764694878541,0.0938512216484593,26.21282699610386,0.0032299921187037,0.0032404587750079,0.0,0.0180842284697591,-0.086806706224169,1662.0087253539637,-7977.863330197612,99.27906667373958,79.37307293900085,0.018234884230562798,26.29776858136115,1045.1910472984835,0.021514610184243544,0.8150600168211439,1044.3759872816622,1.4945001773348217e-05,0.021499665182470196
49.72068164806066,312.40425639404845,27.312099517388745,1.8468367468383269,5.6296433668181125,0.5210287698741521,0.0568246036778789,0.0519810590889185,0.1136492073557579,0.1039621181778371,27.19845031003299,0.0034500059014862,0.0034619496482032,0.0,0.0059116888103753,-0.0874255038412116,576.959660577231,-8532.41614029008,99.69908265625152,51.73820671199792,0.01948954187326544,27.29260997551548,1203.0562430106922,0.023181306392285942,0.9261095147290153,1202.130133495963,1.6116913574690025e-05,0.023165189478711257
51.23743249868976,321.9342830533733,27.26992647250355,-1.9862293385078085,5.6321044321732,0.5354289742528267,0.0602153218137794,0.0553320209308076,0.1204306436275589,0.1106640418616153,27.149495828875992,0.0036602799376266,0.0036737268061514,-3.552713678800501e-15,-0.0061696732627214,-0.0847065003884115,-639.4353180720873,-8779.124227843637,99.950956382852,51.43158070299978,0.020690813027518795,27.24923565947603,1368.630911709149,0.0248283907856137,1.0479966896777018,1367.5829150194709,1.7328291531130048e-05,0.02481106249408258
52.80045248857096,331.75502728862284,26.20056901888817,-5.584492795285619,5.6346384169960935,0.5502107044854775,0.061399507667463,0.0566223953891131,0.122799015334926,0.1132447907782263,26.077770003553244,0.0038573336009272,0.0038722702390321,-3.552713678800501e-15,-0.0168331821251563,-0.078975650295403,-1852.683559693098,-8692.17048983869,100.03571275972035,51.8815731249997,0.021818842649840915,26.178750176238328,1535.7818183529446,0.02639507287832326,1.180883572851062,1534.6009347800934,1.8572081608746746e-05,0.026376500796714518
54.41115307776462,341.87535756491,24.327136384192386,-8.597662397497098,5.6372466796992216,0.5653843265334859,0.0605011941414563,0.0559510830815754,0.1210023882829127,0.1119021661631509,24.20613399590947,0.0040382072283919,0.0040545804645319,0.0,-0.0251485291561697,-0.0711579113436789,-2939.3289063667016,-8316.848449876103,99.97189141112727,53.00093863299844,0.022856670261255783,24.304279713931127,1698.5518280796368,0.027832442893661092,1.3248013227879278,1697.2270267568488,1.9840673466714328e-05,0.02781260222019438
56.0709887835293,352.3044128837027,21.98030139583836,-10.8529134529987,5.639930607579569,0.5809605539867503,0.0580110752708702,0.0537664277533622,0.1160221505417405,0.1075328555067244,21.86427924529661,0.0042006218675999,0.0042183415252559,0.0,-0.0308054996080372,-0.0623900825309677,-3823.529302136345,-7743.757178267661,99.7895603056354,51.80984878799791,0.023791153481514636,21.95651024235684,1852.2773054191791,0.029111284318473884,1.479656769676863,1850.7976486495022,2.112618275544517e-05,0.02909015813571844
57.78145849380023,363.0516110356527,19.47575568574907,-12.352716992257935,5.642691624222018,0.5969504613765467,0.0545455345108705,0.0506418655702584,0.109091069021741,0.1012837311405168,19.36666461672733,0.004343065782511,0.0043620102801014,0.0,-0.0340246857933509,-0.0536445923768025,-4484.673804706727,-7070.704477847973,99.52225422227214,52.0536395809977,0.02461347887229851,19.45114220687677,1994.0959653098146,0.030222582100050924,1.6452460846328578,1992.4507192251817,2.242073687076062e-05,0.030200161363180166
59.54410682073603,374.1266571051804,17.042934283788835,-13.208963339485438,5.645531197807267,0.6133654972919043,0.0506498232872954,0.0470897210034991,0.1012996465745909,0.0941794420069983,16.941634637214243,0.004464808193254,0.0044848321083969,0.0,-0.0353061271861521,-0.0455539159269195,-4941.825298026567,-6376.216030857189,99.2006652061142,51.42003084600219,0.02531925958488244,17.017615024203952,2122.835180863201,0.031172723287345713,1.8212738004346039,2121.013907062767,2.3716738758714364e-05,0.031149006548587
61.36052549555568,385.5395522344939,14.813765595153075,-13.572105023756205,5.648450850299158,0.6302174971899186,0.0467139110006956,0.0434796075359446,0.0934278220013913,0.0869592150718892,14.720337773151686,0.0045658700879471,0.0045868128796735,0.0,-0.0352028863059459,-0.0384234652691172,-5232.583293738492,-5711.292554462068,98.84958522504402,51.95716904499932,0.025908387110354907,14.78785720804272,2238.5653900196717,0.031977114193552654,2.007375508683189,2236.5580145109884,2.500709240405485e-05,0.031952107101148604
63.23235480592604,397.300602654961,12.843443131303705,-13.585588773062115,5.651452167470997,0.6475186957950013,0.0429719705891863,0.0400358205449249,0.0859439411783727,0.0800716410898499,12.757499190125332,0.0046469006604252,0.0046685951583498,0.0,-0.0341947348739881,-0.0323267647858508,-5397.562606960051,-5102.707696231681,98.487226984414,52.3417061020009,0.026384342226700577,12.817058789077002,2342.104537894096,0.03265481953918108,2.203141635667917,2339.9013962584286,2.628537440144576e-05,0.03262853416477964
65.16128507719698,409.4204289939845,11.139072280720304,-13.366160370760069,5.654536809714557,0.6652817389858796,0.0395411179071425,0.0368724756114415,0.079082235814285,0.0737449512228831,11.059990044906018,0.0047090673236718,0.0047313475578534,0.0,-0.0326465398993474,-0.0272069283599035,-5472.379112998982,-4560.563751767508,98.1261302649706,50.90841175699825,0.026753578925435124,11.112318701794868,2434.6257378130463,0.03322508195690653,2.408140324993443,2432.2175974880533,2.7545946628716425e-05,0.03319753601027782
67.14905819882266,421.9099758657895,9.682388477516836,-13.000725436588814,5.657706523560839,0.6835196950768498,0.0364626850883853,0.0340317712818054,0.0729253701767706,0.0680635425636109,9.609463107340064,0.0047539060332838,0.0047766136055218,0.0,-0.0308139797119288,-0.0229489441619574,-5485.135755188942,-4085.0962888723257,97.77441000385986,52.47171024899944,0.027024677956490148,9.655363799560345,2517.4024179094617,0.033705507978857484,2.6219382721089874,2514.780479637353,2.878401463912204e-05,0.03367672396421837
69.19746919734685,434.7805217547817,8.444530756272258,-12.550429363246952,5.660963153827968,0.7022460654090207,0.0337345519920536,0.0315142691447887,0.0674691039841072,0.0630285382895775,8.37706165228815,0.0047831791225542,0.0048061678844385,0.0,-0.0288661260918341,-0.019422513966794,-5456.682226799043,-3671.5174881863536,97.43697290927562,47.91930389299887,0.027207539304917663,8.41732321696734,2591.665179365168,0.03411135958579223,2.8441180127342296,2588.821061352434,2.9995635205922485e-05,0.03408136395058631
71.30836785737255,448.04368920040025,7.394374349981295,-12.05665649752848,5.664308656299743,0.721474794179397,0.0313327091710554,0.0292992427633789,0.0626654183421109,0.0585984855267578,7.331708931639184,0.0047987548447243,0.0048218939315893,0.0,-0.026909555447696,-0.0165036904396034,-5401.908856574636,-3313.002763094431,97.11652110694844,51.581661625998095,0.027312695536460475,7.367061654444834,2658.533826495298,0.03445546561619875,3.0742913940761327,2655.4595351012217,3.1177684360950894e-05,0.034424287931837806
73.48366039198046,461.7114552926662,6.502627204741677,-11.546597458294718,5.667745110827607,0.7412202774476621,0.0292242182639841,0.0273570009037891,0.0584484365279683,0.0547140018075782,6.444178768213709,0.0048025183628274,0.0048256938461369,8.881784197001252e-16,-0.0250082542374341,-0.0140837467431251,-5331.196316147854,-3002.337469926962,96.81430829591272,49.31497514199873,0.027350802702793282,6.475276402038883,2718.9939139661446,0.034748426853314175,3.312109593346937,2715.681804372798,3.232779871605512e-05,0.034716099054598125
75.72531116410386,475.79616248789966,5.743414842227493,-11.037590463262145,5.671274734741084,0.7614973712761546,0.0273740242040866,0.0256554329731074,0.0547480484081733,0.0513108659462149,5.688666793819319,0.004796280094961,0.004819395264538,0.0,-0.0231981494040378,-0.0120711668042794,-5251.643185533167,-2732.694741507886,96.53062404809866,52.3019482109994,0.02733211460050518,5.716082727626987,2773.8966131862326,0.03499892599138653,3.557269600936734,2770.3393435852963,3.3444298252596686e-05,0.034965481693133946
78.03534446041499,490.3105297543774,5.094723444813674,-10.54034291984911,5.674899896445489,0.7823213989738234,0.0257487807812685,0.0241637223050125,0.051497561562537,0.048327444610025,5.043225883251137,0.0047817421214023,0.0048047170392503,0.0,-0.0214972803564494,-0.0103908097738914,-5168.041120824018,-2497.996551178639,96.26518456091942,50.92856515200037,0.027266288228491406,5.067457156585181,2823.9695338124116,0.03521404905470945,3.8095178578575144,2820.160015954554,3.452610028966346e-05,0.03517952295441979
80.41584631932477,505.267664057993,4.538130192715168,-10.061115383776322,5.678623129081785,0.8037081574297175,0.0243181083020844,0.0228536214651174,0.0486362166041689,0.0457072429302349,4.489493976111,0.004760437594241,0.0047832077562649,-8.881784197001252e-16,-0.0199124466089354,-0.0089816359041616,-5083.5562677786,-2292.9704416642426,96.0173193800568,52.46287571900029,0.02716203419592925,4.51096815851924,2869.831585793898,0.03539957727495415,4.068651303274862,2865.762934490623,3.557263052442268e-05,0.035364004644429736
82.86896641474587,520.6810721982898,4.058427642896434,-9.60328952683689,5.682447144122556,0.8256739225400473,0.0230553903207913,0.0217002693241322,0.0461107806415827,0.0434005386482645,4.012316862254851,0.0047337412347227,0.0047562561204429,8.881784197001252e-16,-0.0184437077504897,-0.0077944597174657,-5000.251087464039,-2113.146456542493,95.78617473006904,50.598305311999866,0.027027174008326188,4.031400468888107,2912.0083633498753,0.035560235715064496,4.3345165744764955,2907.6738467753985,3.658373685491768e-05,0.035523651978209586
85.39691999732158,536.5646730055615,3.643109506034557,-9.168376507017062,5.6863748447780855,0.8482354537460333,0.0219376114069696,0.0206820895724166,0.0438752228139392,0.0413641791448332,3.599234283220617,0.00470285614554,0.0047250775053241,-4.440892098500626e-16,-0.0170871788029959,-0.0067896931895044,-4919.426942479482,-1954.7638608288848,95.57079812611208,53.22062574099982,0.026868561865901752,3.616240944168654,2950.946620203835,0.03569989881062669,4.607008411654113,2946.339611792181,3.755961158198301e-05,0.03566233919904471
88.00198989487184,552.9328099100252,3.2819005642180934,-8.756693679378579,5.690409339090261,0.8714099977182342,0.0209450230304974,0.0197805130834891,0.0418900460609948,0.0395610261669782,3.2400105181570984,0.0046688139968893,0.0046907140683872,0.0,-0.0158368133025122,-0.0059354418934773,-4841.863241660155,-1814.6705008184076,95.3701959364298,51.4789147320007,0.026692083141752594,3.2552084810763406,2987.0268907523305,0.03582175605760958,4.886066859659746,2982.140823892671,3.850072024212921e-05,0.03578325533736745
90.68652857386448,569.800263894427,2.9663686386233112,-8.367836510248745,5.694553952595666,0.8952152912346869,0.0200608642000471,0.018979741943382,0.0401217284000943,0.0379594838867641,2.9262469102232167,0.0046325005191447,0.0046540604566261,4.440892098500626e-16,-0.0146855609596543,-0.0052059797556936,-4767.995451765156,-1690.2376330957147,95.18339639538112,52.01613737399748,0.026502798368899346,2.939865840254411,3020.5743314559027,0.03592844484134649,5.171674293539295,3015.402657162364,3.940774046067312e-05,0.035889037100885826
93.45296026377224,587.1822668417714,2.689556079771846,-8.000946150009879,5.698812240446216,0.919669563315956,0.0192707912550805,0.018266231469241,0.038541582510161,0.036532462938482,2.651014497261685,0.0045946459476828,0.0046158541633093,0.0,-0.013626000991215,-0.0045804450026018,-4698.013697241744,-1579.2596357185007,95.00943954284963,50.69146137300049,0.026304886205981665,2.663251193565864,3051.8677902093045,0.03602215616737213,5.463851997696502,3046.403938211609,4.028150906179205e-05,0.03598187465831035
96.30378314623388,605.0945152902258,2.4457234086601587,-7.654931235988045,5.703187998882972,0.9447915366918096,0.0185626558646214,0.0176284953573217,0.0371253117292429,0.0352569907146434,2.408598096930916,0.0045558614976323,0.004576712365283,0.0,-0.0126508025482869,-0.0040418865926872,-4631.956905820195,-1479.8938204971776,94.84742276353964,52.79449698199824,0.026101851036021306,2.4196215576241373,3081.14733475622,0.03610471874444951,5.762656649145817,3075.384678107075,4.1122977429537444e-05,0.036063595767019986
99.24157161099738,623.5531846076295,2.2301078575001325,-7.328577891926401,5.707685275967151,0.970600428685154,0.0179260838240872,0.0170567183739589,0.0358521676481745,0.0341134367479179,2.194255689851958,0.0045166417221198,0.0045371343323441,0.0,-0.0117529315427005,-0.0035764517166301,-4569.758083155776,-1390.5908565627053,94.69648898148051,50.9468140780009,0.02589653482380547,2.204211322676327,3108.6205410700327,0.036177666152307206,6.068177165476459,3102.5523639045573,4.193317552700964e-05,0.036135732976780216
102.26897858068077,642.5749435983971,2.038754375970077,-7.020652046724108,5.712308381481981,0.997115951608936,0.0173523063036477,0.0165426051488047,0.0347046126072954,0.0330852102976095,2.0040497633627816,0.0044774005440646,0.0044975378223574,0.0,-0.0109258104703067,-0.0031727884759295,-4511.295092947715,-1310.052478149957,94.5558576774114,52.20700098399902,0.025691322998684395,2.013063052971392,3134.4677076264843,0.03624229049145499,6.3805320461221395,3128.087175580363,4.271318333336622e-05,0.03619957730812164
105.38873790645152,662.1769695560165,1.86834746054139,-6.72991937300482,5.717061895929113,1.0243583127816516,0.0168337544332422,0.0160790013019173,0.0336675088664844,0.0321580026038347,1.8346799516749053,0.004438456421309,0.0044582441436562,0.0,-0.0101633244320127,-0.0028215228653966,-4456.397615772658,-1237.1766594989767,94.42478644095104,51.77930837700114,0.02548805771644598,1.8428594028249434,3158.84614240887,0.03629968530464531,6.69986674666854,3152.1462756622022,4.346410755705382e-05,0.03625622119708827
108.60366683678676,682.3769637747255,1.7161010785637776,-6.455186143772257,5.721950678553068,1.0523482142723652,0.0163639117007038,0.0156597571537005,0.0327278234014076,0.0313195143074011,1.68337325516237,0.0044000531953939,0.0044194992270901,2.220446049250313e-16,-0.0094598535508348,-0.0025148871806439,-4404.870321387991,-1171.0278435208822,94.3025813087946,53.34717819099751,0.025288156601312953,1.6908129219624641,3181.893637024204,0.03635077991832233,7.0263505874346714,3174.8672864367704,4.41870615621873e-05,0.036306592856760155
111.91666856154411,703.1931675343815,1.579675086107752,-6.195337129074811,5.726979874338522,1.0811068524953515,0.0159372561309146,0.0152796762158206,0.0318745122618293,0.0305593524316413,1.5478005738459226,0.0043623946161928,0.0043815084852195,0.0,-0.0088102919867632,-0.0022464312212341,-4356.5187397374775,-1110.8167274752568,94.18862416353338,51.6532556380007,0.02509281091409554,1.5545822751936562,3203.731461260146,0.036396367454584265,7.360175051981656,3196.371286208165,4.4883152197746854e-05,0.036351484302386536
115.33073483364076,724.6443785729565,1.457080092541967,-5.949314369653273,5.732154919935816,1.1106559177796256,0.0155489560585478,0.0149342266392498,0.0310979121170957,0.0298684532784997,1.425982180424871,0.0043256218586708,0.0043444141514876,-2.220446049250313e-16,-0.0082099779499694,-0.0020107519434724,-4311.137214332556,-1055.8648981910994,94.08232751157706,54.042204513003526,0.024902854952688427,1.4321772375892778,3224.4668281242316,0.03643712749146583,7.7015520851552575,3216.765276039077,4.555346936652517e-05,0.03639157402209932
118.8489486707075,746.7499680615301,1.346626511717589,-5.716137066140084,5.737481548480861,1.1410175940422491,0.0151948439951417,0.0146195172685676,0.0303896879902834,0.0292390345371353,1.3162368237273057,0.0042898396992312,0.0043083217087344,-2.220446049250313e-16,-0.007654686723293,-0.0018033164637599,-4268.525171575437,-1005.5933046159194,93.98315495325843,51.46947892500248,0.02471891630878315,1.3219075954088058,3244.194906864594,0.03647364443030783,8.050712089698997,3236.144194774896,4.6199077146174786e-05,0.03642744535316167
122.47448713915892,769.5298980971186,1.2468752059139911,-5.494905810995165,5.742965793287363,1.172214558701653,0.0148713450194666,0.0143322298019719,0.0297426900389333,0.0286644596039439,1.217132515875058,0.0042551311313564,0.0042733146455387,0.0,-0.0071406008065221,-0.0016203076826478,-4228.494308788374,-959.5077501468172,93.8906262960406,53.37645679400157,0.024541499833282666,1.2223337060807085,3263.0005873551304,0.036506422689813675,8.407903157088969,3254.5926841980427,4.682100915811139e-05,0.036459601680655575
126.2106242231912,793.0047397291189,1.15658698839056,-5.284780606210481,5.748613990401097,1.2042699829695516,0.0145752857203718,0.0140694350851007,0.0291505714407436,0.0281388701702015,1.1274364169498163,0.0042215384505498,0.0042394353900576,0.0,-0.0066642484482699,-0.0014584868544236,-4190.856069153439,-917.1789637027416,93.80428313474096,47.968063431999326,0.02437087759468665,1.132216110795873,3280.9599158235515,0.03653589910611711,8.773389851442607,3272.1865259721103,4.742026440411498e-05,0.03648847884171301
130.06073378130145,817.195691535669,1.0746992080857447,-5.084996528792471,5.754432780017759,1.2372075326640728,0.0143039357307614,0.0138286326459726,0.0286078714615229,0.0276572652919453,1.0460913366242215,0.0041890933593549,0.0042067156840918,0.0,-0.0062224955190803,-0.0013151063071149,-4155.43725480304,-878.2395625444659,93.72371719636256,53.36441446800018,0.02420726262875269,1.0504919454569912,3298.1413084474175,0.03656245317595949,9.147452175421575,3288.993856271997,4.799780444915533e-05,0.036514455371510345
134.02829259299625,842.1245987666806,1.0002936135634874,-4.894851135508831,5.760429106778762,1.2710513696892736,0.0140549043194735,0.0136076504494067,0.028109808638947,0.0272153008988135,0.9721838049245404,0.0041578111988482,0.0041751707706355,0.0,-0.0058125022623463,-0.0011878213924975,-4122.0745485130055,-842.371857971025,93.64855444802642,48.74300813800073,0.024050775232940646,0.9762428383305465,3314.6066205548927,0.03658641562269068,9.530385382128099,3305.076235172766,4.855455282348152e-05,0.036537861069867214
138.11688349844124,867.8139730708407,0.9325745798802348,-4.713700698290358,5.7666102189737405,1.3058261543304586,0.0138260986486186,0.0134046037146618,0.0276521972972372,0.0268092074293236,0.9049223825829976,0.0041276958506903,0.0041448043423762,0.0,-0.0054316948615271,-0.0010746249874039,-4090.615330850152,-809.3012513507367,93.57845427931817,53.19099021000147,0.023901471076393326,0.9086731088038411,3330.412035189169,0.036608075490111865,9.922499618440101,3320.48953557073,4.909139457492355e-05,0.036558984095536956
142.33019863388796,894.2870128243968,0.8708494257289205,-4.5409539454887,5.772983666691414,1.3415570485130226,0.0136156735123582,0.0132178453264018,0.0272313470247165,0.0264356906528036,0.843618078704204,0.0040987403876511,0.0041156092013043,0.0,-0.0050777366554247,-0.0009737918735714,-4060.916139284248,-778.7893315549578,93.5131039318366,49.63379670899667,0.023759344697614617,0.8470900810313057,3345.6088225060907,0.03662768607622015,10.324119691376833,3335.2847028147153,4.9609176395634934e-05,0.03657807689982453
146.6720427657972,921.5676240800728,0.8145151641429386,-4.376072733372445,5.7795572989775215,1.3782697201772334,0.0134220297588075,0.0130459634005133,0.026844059517615,0.0260919268010266,0.7876711046253235,0.0040709379018428,0.0040875781787775,0.0,-0.0047485096253687,-0.000883836565934,-4032.8469516956334,-750.6308045963984,93.45222655158736,52.80810527299764,0.023624392298294748,0.7908907718446435,3360.2440032154163,0.03664546992949867,10.735585292224071,3349.5084179231935,5.0108707577506944e-05,0.03659536122192118
151.1463367266727,949.6804421550482,0.7630426241670154,-4.2185613082490985,5.786339260073276,1.4159903489164156,0.0132437465464457,0.0128877146816859,0.0264874930928914,0.0257754293633718,0.736555131074124,0.0040442737285831,0.0040606962959325,0.0,-0.0044420850646099,-0.0008034730318711,-4006.285168476183,-724.6466567020794,93.39556689007516,48.63676861700151,0.02349656640038835,0.7395460577666267,3374.3609177857506,0.03666162305615688,11.157251334096436,3363.2036664516563,5.059076121113631e-05,0.036611032294945764
155.7571209557058,978.6508538774845,0.715968519853646,-4.067969684826667,5.793337984826427,1.4547456330279989,0.0130796044777747,0.0127420462480324,0.0261592089555494,0.0254840924960648,0.6898093108980965,0.0040187397746198,0.0040349552096095,-1.1102230246251563e-16,-0.004156711935323,-0.0007315872836741,-3981.1220056033385,-700.6832033041692,93.34290485713112,52.37347375000172,0.02337585928290399,0.6925926605707419,3387.99972030058,0.03667631847798355,11.589488616330538,3376.410231684252,5.1056075718945986e-05,0.03662526240226462
160.50855914742883,1008.5050205116904,0.6728841907803108,-3.9238854179870217,5.800562193383541,1.4945627981185452,0.0129285380143851,0.0126080486483925,0.0258570760287703,0.025216097296785,0.6470271147515405,0.0039943292172814,0.0040103478669377,0.0,-0.0038907941340699,-0.0006672095597887,-3957.2581439525247,-678.6070846248897,93.29404541947348,48.99909797199871,0.02326227221927515,0.6496219185610352,3401.1978159245486,0.03668970926193883,12.032685014750646,3389.1651309098,5.150535687009737e-05,0.03663820390506875
165.40494201167326,1039.2699013826368,0.6334280336567639,-3.7859312946096377,5.808020885292839,1.5354696074023038,0.0127896259779767,0.0124849461593104,0.0255792519559535,0.0249698923186208,0.6078487817008104,0.0039710400994881,0.0039868721285823,0.0,-0.0036428759166149,-0.0006094932921794,-3934.604443190397,-658.3026900714626,93.24881984797588,52.32322801899864,0.023155836589797914,0.610272197066966,3413.990225506722,0.036701931081436254,12.487246679877401,3401.5029788268466,5.1939279553956676e-05,0.03664999180188232
170.45069114822493,1070.9732782211324,0.5972795876545355,-3.653764617317225,5.815723333163967,1.577494373819618,0.012662095671739,0.0123721005322545,0.0253241913434781,0.0247442010645091,0.5719553963110574,0.0039488819288181,0.0039645374189881,-1.1102230246251563e-16,-0.0034116300486843,-0.0005576979368211,-3913.08427005661,-639.6704780049441,93.20709104889974,47.03642589300216,0.023056652772810743,0.5742229348817248,3426.40990934188,0.036713104411610256,12.953599936475975,3413.456309405406,5.235848998084188e-05,0.036660745921629434
175.65036303967963,1103.6437802516753,0.5641521662922026,-3.5270707172511813,5.82367907605245,1.6206659740939795,0.0125452865780743,0.0122689754458805,0.0250905731561487,0.024537950891761,0.5390615931360538,0.0039278703842118,0.0039433593887693,0.0,-0.003195841611545,-0.000511172333308,-3892.629659602081,-622.6230294438982,93.1687446061284,52.74517596900114,0.022964859561730753,0.5411873067304718,3438.48803743156,0.03672333640106667,13.432193464652276,3425.0558439669094,5.27636077893662e-05,0.036670572793277324
181.00865316610103,1137.3109100456118,0.5337883032460384,-3.405562363237646,5.831897912753922,1.665013864828891,0.0124386555432895,0.012175141572038,0.0248773110865791,0.0243502831440761,0.5089109921594593,0.0039080328879627,0.0039233655294834,-1.1102230246251563e-16,-0.0029943987463384,-0.0004693424625853,-3873.183230550892,-607.083260936455,93.13369326313456,48.902859863999765,0.022880667242364924,0.510907636003673,3450.25420458621,0.03673272246669638,13.923500731882225,3436.3307038543303,5.3155227974067916e-05,0.03667956723872234
186.53040024519828,1172.0050701629573,0.5059560211147175,-3.28898036643438,5.840389895213323,1.7105681007316242,0.012341792090218,0.0120902917710319,0.024683584180436,0.0241805835420638,0.4812724369342814,0.0038894167613727,0.0039046033912492,0.0,-0.0028062851007778,-0.0004317012221153,-3854.701665127515,-592.9830220259252,93.10188476769976,52.31102023199856,0.0228044061910675,0.4831516149236497,3461.7366149583045,0.03674134767326844,14.42802357346102,3447.3085913848454,5.3533923314831686e-05,0.036687813749953634
192.22059060185296,1207.757590606945,0.4804429487968146,-3.177086278508203,5.849165322269384,1.757359355025727,0.01225437575727,0.0120141996722647,0.0245087515145401,0.0240283993445294,0.4559341972822745,0.0038720803033853,0.0038871315890479,0.0,-0.0026305661858118,-0.00039779749888,-3837.1500688814526,-580.2586182629367,93.07328908684984,49.873409488001926,0.02273647529375686,0.45770647350305765,3472.9622107711134,0.03674928791077595,14.946296142778024,3458.0159146283377,5.390024654878291e-05,0.03669538766422719
198.08436267093845,1244.600757116073,0.4570534277463506,-3.069662661943096,5.8582347339717975,1.805418942094239,0.01217618767069,0.0119467313903231,0.0243523753413801,0.0238934627806462,0.4327010524049704,0.003856098837896,0.0038710258963564,0.0,-0.0024663834120235,-0.000367228948828,-3820.5044731453168,-568.8490422156043,93.04790400188828,51.55860137700074,0.022677378362139372,0.4343760493842107,3483.956740906399,0.0367566108976415,15.478889116011985,3468.4778517903887,5.425473216661741e-05,0.0367023561654749
204.1270116375016,1282.567840319227,0.435605131011179,-2.966511208126364,5.867608906719791,1.8547788423651148,0.012107106824019,0.0118878423831751,0.0242142136480381,0.0237756847663503,0.4113909173631408,0.0038415661443657,0.0038563806858482,0.0,-0.0023129468203319,-0.0003396351579365,-3804.7518734894097,-558.6931321129816,93.0257551128721,49.624875608002185,0.022627733659985074,0.41297739735119343,3494.7447855415385,0.03676337704936822,16.026414892693026,3478.7183706488477,5.4597898366821735e-05,0.03670877915100142
210.3539942184944,1321.6931257801832,0.4159252586946328,-2.8674473483168126,5.8772988494807805,1.905471729420552,0.0120470759921654,0.0118375445322274,0.0240941519843309,0.0236750890644548,0.3918311067103018,0.0038285863605319,0.0038433007694371,-5.551115123125783e-17,-0.0021695258092714,-0.0003146912475988,-3789.885448806946,-549.7255552550406,93.00688455325007,51.17187950099833,0.022588227190421268,0.3933370315042109,3505.3497153493067,0.03676964022052875,16.58953289388968,3488.760182455419,5.493024851697251e-05,0.03671470997201179
216.7709335903737,1362.0119449586375,0.3978494480313718,-2.772302140564436,5.887315801353507,1.9575309992798309,0.0119961261702998,0.0117959306778749,0.0239922523405996,0.0235918613557499,0.3738571956907721,0.0038172826630051,0.0038319101471762,0.0,-0.0020354462755087,-0.0002921042282367,-3775.908630483162,-541.8757005139291,92.9913602701912,49.15038308400108,0.022559665158837287,0.37528978287253434,3515.7936012601663,0.03677544835030244,17.16895546983633,3498.6246457903317,5.525227246152294e-05,0.03672019607784094
223.383624467022,1403.5607071157149,0.3812178795813329,-2.6809127037288887,5.897671230740483,2.0109908017677185,0.0119543015710746,0.0117631014393793,0.0239086031421493,0.0235262028787587,0.3573092764391836,0.0038077759810801,0.0038223305595766,5.551115123125783e-17,-0.0019100796211644,-0.0002716076886796,-3762.823730161222,-535.0624366303291,92.979249168789,51.08749667699885,0.022542848975595085,0.35867503060573724,3526.0970640793644,0.036780844022564915,17.76545343729766,3508.331610642069,5.5564447203544594e-05,0.03672527957536139
230.19803833256847,1446.3769321927573,0.3658757653222161,-2.593124098665837,5.908376836390337,2.065886073843937,0.0119216788849055,0.0117391845535744,0.023843357769811,0.0234783691071489,0.342032407552405,0.0038001909204776,0.0038146874611318,5.551115123125783e-17,-0.0017928411612141,-0.0002529601773775,-3750.634878623402,-529.1942670104243,92.97062384045395,47.92335009800081,0.02253861103341979,0.34333715428879585,3536.2790746647493,0.03678586495915706,18.37986088962668,3517.8992137751247,5.586723687721023e-05,0.03672999772227987
237.22032883384307,1490.4992846931127,0.3516724440200873,-2.5087835992872494,5.919444550561777,2.1222525747335546,0.0118983172871532,0.0117242860476555,0.0237966345743064,0.023448572095311,0.3278758094457808,0.0037946405074034,0.0038090946522674,5.551115123125783e-17,-0.0016831833634886,-0.0002359427123727,-3739.340160187458,-524.1675262582188,92.96554408555828,51.133432206999714,0.02254772458193827,0.3291247194381486,3546.3567386140912,0.036790544473972515,19.013079582284696,3527.3436590318092,5.616109241396654e-05,0.03673438338155857
244.45683733732776,1535.967608597488,0.338462252022239,-2.427737378258348,5.930886544543123,2.180126922656932,0.0118842241711245,0.0117184566894937,0.0237684483422491,0.0234369133789875,0.3146938036799899,0.003791214863539,0.0038056428733658,5.551115123125783e-17,-0.0015805915207255,-0.0002203576755966,-3728.92597518621,-519.8670558391188,92.9640439635717,47.65008781900178,0.02257083611098165,0.315891415911257,3556.345069807012,0.036794911892447754,19.666081278523308,3536.6789885284907,5.64464502772913e-05,0.036738465442170486
251.9140986556256,1582.822963344415,0.32610655901584,-2.3498282920596143,5.942715236740159,2.2395466329235774,0.0118793268258597,0.011721664126002,0.0237586536517195,0.023443328252004,0.3023479053641206,0.0037899711342574,0.0038043896612571,-5.551115123125783e-17,-0.0014845806173386,-0.0002060284482648,-3719.362180588345,-516.1689501075024,92.96612111282197,50.74992056200063,0.0226084044064493,0.30349815460939056,3566.2567963828146,0.036798992956879974,20.339908083924723,3545.9168882988915,5.6723730620242534e-05,0.036742269226259755
259.5988469486186,1631.1076609083225,0.3144767455978972,-2.274894558632913,5.954943303515879,2.3005501571200546,0.0118834494149267,0.0117337700893768,0.0237668988298534,0.0234675401787537,0.2907098467680437,0.0037909246220012,0.0038053504185984,0.0,-0.0013946930746227,-0.0001927995025311,-3710.5979423448016,-512.9454289222477,92.97172830933536,47.82893857399904,0.022660645992763892,0.2918160996051331,3576.102239296115,0.03680281022906832,21.035670599486266,3555.0665686966304,5.699333506541069e-05,0.03674581689400293
267.5180218046417,1680.8653040086729,0.3034572520003895,-2.2027680528465705,5.96758369293025,2.3631769230897715,0.0118962821633967,0.0117544997501646,0.0237925643267935,0.0235089995003293,0.279664687673596,0.0037940374709284,0.0038084870133647,0.0,-0.0013104964732112,-0.0001805363292803,-3702.556392808543,-510.0707661372712,92.9807626325327,52.668278809000185,0.022727464995691816,0.2807297870046976,3585.8892940490396,0.03680638349316462,21.754543374090595,3564.1347506749503,5.725564415262268e-05,0.03674912784901201
275.6787745071669,1732.1408254847054,0.2929494844049994,-2.1332770162911,5.9806496414885055,2.4274673753812457,0.0119173954272336,0.0117834552573396,0.0238347908544672,0.0235669105146793,0.2691146935505321,0.0037992212087782,0.0038137103379784,0.0,-0.001231584051888,-0.0001691256739029,-3695.136211986016,-507.4297617425945,92.99307157486166,49.10312747600256,0.022808465365571524,0.2701410190394276,3595.6235498208885,0.03680973016004465,22.497758307605952,3573.1257915132837,5.751101490507472e-05,0.03675221914513959
284.0884744926546,1784.98052887131,0.2828743912181759,-2.0662473988627776,5.994154693959202,2.4934630158159496,0.0119462406584432,0.0118201163046957,0.0238924813168865,0.0236402326093915,0.2589819099012893,0.0038063359262276,0.0038208794770509,0.0,-0.0011575741950357,-0.0001584747769753,-3688.2113748010497,-504.9252804407696,93.00845484513914,52.12271182100085,0.022902942652417036,0.25997144856575854,3605.3085618978316,0.03681286566681396,23.266596762296956,3582.0419651355364,5.775977888590248e-05,0.036755105887928075
292.7547160054045,1839.4321302126896,0.2731745732624672,-2.0015077390200324,6.008112726274749,2.5612064438201565,0.0119821942368835,0.0118638830864176,0.0239643884737671,0.0237277661728352,0.2492101847887,0.003815203370101,0.0038298148927868,0.0,-0.0010881117634868,-0.0001485102759572,-3681.6376440228023,-502.4860872161226,93.02668210256294,48.824848183998256,0.023009959596628937,0.2501646136658379,3614.9462711360393,0.03681580385859151,24.06238136117997,3590.8838897748606,5.800224101541369e-05,0.036757801617576115
301.6853249554167,1895.5448011515728,0.2638144037660639,-1.9388927615532587,6.022537971473607,2.6307413961566315,0.0120245936547011,0.0119141118101174,0.0240491873094022,0.0238282236202348,0.2397652164566617,0.0038256187171635,0.0038403102800506,0.0,-0.0010228683386303,-0.000139176031928,-3675.2580941526967,-500.07202152766456,93.04750789255765,52.10336933800136,0.02312841448384518,0.24068598928221877,3624.537548264657,0.03681855733915055,24.886468914184157,3599.651079350474,5.823867945458683e-05,0.03676031865969598
310.8883659854524,1953.3692133328643,0.2547788870187173,-1.8782482129860285,6.037445048590458,2.7021127857003213,0.0120727960463143,0.0119701724869665,0.0241455920926287,0.023940344973933,0.2306332949260885,0.0038373701158318,0.0038521522497567,0.0,-0.0009615428563969,-0.0001304304814879,-3668.9122342443766,-497.6772341095747,93.07069439331434,47.49890692599729,0.02325715752671018,0.23152172949200683,3634.082818930644,0.03682113777550434,25.740245559013797,3608.3425733716317,5.846934658551598e-05,0.03676266842891884
320.3721497536808,2012.9575841618653,0.2460710824113023,-1.819434949360184,6.052848994345556,2.7753667389120227,0.0121262383043019,0.0120315085291972,0.0242524766086039,0.0240630170583944,0.2218186058026983,0.0038502594592517,0.0038651412559337,0.0,-0.0009038615436687,-0.0001222435506577,-3662.445380203741,-495.3306515827503,93.09603411207318,52.242544782999175,0.023395116363981814,0.22267596604731998,3643.58272455144,0.03682355614769886,26.625125714764778,3616.9575988366773,5.8694471187693386e-05,0.03676486167651118
330.14524043848485,2074.36372395836,0.2377083806856846,-1.762331071777553,6.06876529743478,2.8505506316906466,0.0121844816703454,0.012097681193084,0.0243689633406909,0.024195362386168,0.2133394173449936,0.0038641187745278,0.0038791081090002,0.0,-0.000849576692565,-0.0001145933945624,-3655.715644900013,-493.09364177526817,93.12336622850228,50.67237445700084,0.023541396676898266,0.21416698400878592,3653.038765680026,0.03682582293791785,27.5425553115188,3625.4962103685084,5.891426152689566e-05,0.036766908676390965
340.2164634722048,2137.6430845491577,0.2297188008029423,-1.7068345895360506,6.085209935172154,2.9277131233125044,0.0122472727981891,0.012168430598464,0.0244945455963782,0.0243368611969281,0.205224255206564,0.0038788316734022,0.0038939355941189,-2.775557561562892e-17,-0.0007984656568128,-0.0001074635903735,-3648.603156791039,-491.0568059273352,93.15259800656705,52.48139625499971,0.023695415564252816,0.20602338523868938,3662.4538924736157,0.036827948261479386,28.494020254483967,3633.959872219133,5.9128909204761704e-05,0.03676881935227464
350.59491351080396,2202.8528093429813,0.2221368671249133,-1.6528631212567166,6.1021994121964465,3.006904188209863,0.012314572981001687,0.012243705381553827,0.024629145962003374,0.024487410763107655,0.1975077211629099,0.00389434477773314,0.003909569991211597,2.7755575615628914e-17,-0.0007503284442094415,-0.00010084054013176096,-3641.014170119767,-489.3348218047638,93.183713967729,56.99550991999786,0.023856975702312273,0.198279891422601,3671.8330154221103,0.03682994194610295,29.481060488435897,3642.3519549336756,5.933859349885916e-05,0.036770603352604105
361.28996264664966,2270.0517849328908,0.2150003265166165,-1.6003544172171182,6.119750800916389,3.088175145383597,0.0123866054471004,0.0123237104773943,0.0247732108942008,0.0246474209547886,0.1902271156224156,0.0039106841604114,0.0039260376536768,2.775557561562892e-17,-0.0007049858632473,-9.471163959502916e-05,-3632.887401328956,-488.06187497019977,93.21679069795552,54.32677796099961,0.024026372075516497,0.19097395444109952,3681.1834229523142,0.03683181356870294,30.505290002981233,3650.678132949334,5.954348593833332e-05,0.03677227008276462
372.31126887183166,2339.300694272881,0.20834728574250813,-1.54926635620326,6.1378817833451915,3.171578685303164,0.012463903233572386,0.01240895569232563,0.02492780646714477,0.02481791138465126,0.18341947927536337,0.0039279714292960845,0.00394346123234929,-2.7755575615628914e-17,-0.0006622775601256403,-8.906391822675373e-05,-3624.199862679903,-487.38695018731966,93.25201088416554,57.72375004599962,0.024204498861364686,0.18414278688114347,3690.515110301129,0.036833572461586334,31.568424399186426,3658.946685901944,5.974375516303806e-05,0.03677382870642331
383.6687847996564,2410.662071476648,0.2022133655884685,-1.4995760357409862,6.156610693955095,3.2571688941965755,0.0125473499704171,0.012500297405338,0.0250946999408342,0.025000594810676,0.1771186656476343,0.0039464372194999,0.0039620732930098,0.0,-0.0006220598289093,-8.38829166398271e-05,-3614.971072656105,-487.4680907697624,93.28967377660692,54.37520948599922,0.02439294280597801,0.17782042278249033,3699.8410085747882,0.0368352276948669,32.672316834763194,3667.1686917400266,5.993957190825168e-05,0.03677528812295866
395.37276665219383,2484.2003582880075,0.1966292024945549,-1.4512816559570705,6.175956563179254,3.345001275698617,0.012638274325790911,0.012599033890509315,0.025276548651581823,0.02519806778101863,0.17135265384297307,0.0039664509166333975,0.003982246301124754,2.7755575615628914e-17,-0.0005842047526944343,-7.915190972360313e-05,-3605.2744097053674,-488.46633528685845,93.33022283534626,58.197498488996644,0.02459418017962773,0.17203502231492715,3709.177100932515,0.036836788040658826,33.81900563162628,3675.3580953008895,6.013111436977922e-05,0.036776656926289064
407.4337835219955,2559.9819622739906,0.1916164654949159,-1.4044038096706308,6.195939161189491,3.435132769878104,0.012738549155577,0.0127070056128949,0.025477098311154,0.0254140112257898,0.1661393671837619,0.003988552084732,0.0040045243386312,0.0,-0.0005485991035745,-7.485070923105494e-05,-3595.2484205056894,-490.5346953416813,93.37427251147462,53.81996144699952,0.0248117891716615,0.16680467632325408,3718.542376035012,0.03683826191844396,35.010778091255894,3683.531597943757,6.031857427811312e-05,0.03677794334416586
419.86272691634105,2638.075316793109,0.18718149230963993,-1.3589876569549186,6.216579041594646,3.527621769725692,0.012850720055545882,0.012826725089431529,0.025701440111091763,0.025653450178863058,0.16148005219854816,0.004013491756135663,0.004029664782520298,0.0,-0.0005151436156140258,-7.095380905848475e-05,-3585.1117936392716,-493.7988746225602,93.42264162452008,58.10422521200235,0.025050729631667733,0.1621307626779722,3727.958492785904,0.036839657311335317,36.25025493866803,3691.708237847238,6.050216378178566e-05,0.036779155147553554
432.6708205926403,2718.5509427930124,0.1833048998082038,-1.3151051538878558,6.23789758472787,3.622528135233868,0.0129781498349553,0.0129615228699793,0.0259562996699106,0.0259230457399586,0.1573486001382932,0.0040422802010091,0.0040586865492894,0.0,-0.0004837522568316,-6.742742868002989e-05,-3575.18035597378,-498.3237081921713,93.47638697648676,53.305003174999,0.025317671022979844,0.15798722878522398,3737.448941617983,0.03684098163647212,37.54050132648823,3699.9084402914964,6.068212332599771e-05,0.03678029951314614
445.8696306938666,2801.481512493291,0.17992499086746822,-1.2728530375858185,6.259917040222928,3.7199132052466104,0.013125088793136862,0.013115619511025911,0.026250177586273724,0.026231239022051822,0.15367481328119448,0.004076214518856612,0.0040928980493094074,0.0,-0.0004543499687252948,-6.422494314707675e-05,-3565.874252917599,-504.05653555073644,93.53680510693701,58.411335466997116,0.025621202242767142,0.15430378862470107,3747.037346318218,0.03684224154364398,38.88516635649829,3708.1521799617212,6.0858730025534075e-05,0.036781382813618466
459.4710761931755,2886.9419150109525,0.1769148304620711,-1.232341796069149,6.282660568619872,3.819839807293521,0.0132965424407881,0.0132939947658039,0.0265930848815762,0.0265879895316078,0.1503217455804949,0.0041168471979374,0.0041338656913254,0.0,-0.0004268675409302,-6.128104952239747e-05,-3557.699184691905,-510.7428394480097,93.6053598304344,53.74530336200041,0.02597167497486062,0.15094315548721027,3756.7444210818117,0.03684344261457153,40.288641771754484,3716.4557793100585,6.1032304722682506e-05,0.03678241030984886
473.4874396571437,2975.009323987846,0.17405712639690757,-1.193665742147832,6.306152281787213,3.9223722656588915,0.013497662632764156,0.013501779033065363,0.02699532526552831,0.027003558066130726,0.14706180113137926,0.004165810634365429,0.004183237208414314,2.7755575615628914e-17,-0.0004012309247312828,-5.850641374245946e-05,-3551.1667126146726,-517.8215739373311,93.68345195585005,55.759215725000104,0.026380130867099096,0.14767699552980845,3766.583122107803,0.036844588955100815,41.756205649106484,3724.8269164586977,6.120321370255887e-05,0.03678338574139828
487.93137833734033,3065.7632672810605,0.1710319020415097,-1.156846687776924,6.330417281992114,4.027576407944329,0.0137323790878837,0.0137428823074526,0.0274647581757675,0.0274857646149053,0.1435671438657422,0.0042244055745626,0.0042423268839001,2.775557561562892e-17,-0.0003773437760583,-5.5787706724398566e-05,-3546.618081262255,-524.3433228120731,93.7719607790039,52.454798480001045,0.026855699421700945,0.1441762026198086,3776.552011639749,0.036845682735758,43.29407578566804,3733.2579358540825,6.137185820995484e-05,0.03678431087754807
502.8159356002567,3159.2856987792898,0.16744454683274757,-1.1217537816005874,6.355481699504071,4.135519570405206,0.01400118040973581,0.01401776786603973,0.02800236081947162,0.02803553573207946,0.13944218601327596,0.00429291391040905,0.004311422475929618,0.0,-0.00035506563462557995,-5.300076118391133e-05,-3543.9406797623224,-529.0051621472784,93.87057070391668,57.640110520002054,0.02740116664460122,0.14004338018814635,3786.628155810584,0.03684672385662789,44.90925464540856,3741.718901165177,6.153864358676691e-05,0.036785185213041145
518.1545527059075,3255.6610724099683,0.1629230269583751,-1.0880371304036618,6.381372728663327,4.246270602333403,0.014298842892387,0.0143211692597539,0.028597685784774,0.0286423385195078,0.134325341173601,0.0043698645129551,0.0043890440407546,2.775557561562892e-17,-0.0003341985256463,-5.004299382975178e-05,-3542.28013079185,-530.4221566675817,93.97718292076549,51.47573297299823,0.028008125946573696,0.1349149010118013,3796.7629192475933,0.03684771004549329,46.60905849171057,3750.1538607558846,6.170392492923288e-05,0.036786006120564076
533.9610809457441,3354.976418404029,0.157272314045966,-1.0551412788628665,6.408118662393125,4.359899869754337,0.014613882471218658,0.014641531559645924,0.029227764942437316,0.02928306311929185,0.1280445491035287,0.004451793510443722,0.0044717005981472005,2.7755575615628914e-17,-0.0003145003562692103,-4.687732324532428e-05,-3539.9741086695867,-527.6449048920487,94.08795492400662,57.45381101100065,0.028655188055621575,0.12861712599034442,3806.885272647292,0.036848637684626345,48.40035903758743,3758.484913609707,6.18679411645443e-05,0.036786769743461824
550.2497941508433,3457.3214218871703,0.1506012982835463,-1.0224457111069765,6.435748925172218,4.476479258680935,0.0149314382974289,0.0149638951836119,0.0298628765948578,0.0299277903672239,0.1207384216886884,0.0045340553693163,0.0045547066615106,0.0,-0.0002957334844929,-4.3560109086224615e-05,-3534.923459726811,-520.6770947197242,94.19836441364436,51.80386323900166,0.029312948501291586,0.12128834978225414,3816.9150025965982,0.036849503327294114,50.2888117404066,3766.626190856194,6.203076758249313e-05,0.03678747255971165
567.0354015816564,3562.78850386854,0.1433125252837394,-0.9894754395178514,6.4642941045236855,4.596082178154094,0.015238762322447181,0.015275401360021342,0.030477524644894362,0.030550802720042684,0.11283500063884502,0.004612490778038737,0.004633864435011911,0.0,-0.00027772500064021796,-4.022481972424916e-05,-3525.2917207744717,-510.59221754127617,94.3048707087979,57.096856027001195,0.029954662548409474,0.11335786273532991,3826.7820467183774,0.03685030533166328,52.27849744529141,3774.5035492730885,6.219231850647043e-05,0.036788113013156834
584.3330612109736,3671.472904700059,0.1359426390420713,-0.9560420934179068,6.493785981097775,4.718783563258169,0.0155297894710691,0.0155698851314127,0.0310595789421383,0.0311397702628255,0.104883060099933,0.0046848944688,0.0047069460141466,0.0,-0.000260397425838,-3.702673084364685e-05,-3510.082641736568,-499.1097158363855,94.4060876552334,51.39690384300047,0.03056590004044924,0.1053767390016219,3836.4429682828513,0.03685104481502425,54.37222562976514,3782.070742653089,6.2352404815915e-05,0.03678869241020836
602.1583934120864,3783.472770081686,0.12896804956761118,-0.9222311957908029,6.52425755744932,4.8446598782756505,0.015805946835895156,0.0158486995885381,0.03161189367179031,0.0316973991770762,0.09735615589582086,0.0047513635549124205,0.004774046786824786,0.0,-0.00024375256591866305,-3.408721494903919e-05,-3489.236616994375,-487.9471037496021,94.50278759828733,56.94018992600104,0.031147110828558255,0.09782093873905293,3845.887210339037,0.03685172554608339,56.572335469507024,3789.314874869533,6.251081627085531e-05,0.03678921472981256
620.5274950645138,3898.889239690306,0.1226945013221913,-0.888283316100148,6.555743085616341,4.973789120103769,0.0160737380731309,0.0161183015691242,0.0321474761462618,0.0322366031382484,0.0905470251759295,0.0048136223072795,0.0048369053427355,1.3877787807814457e-17,-0.0002278298411397,-3.146909126660319e-05,-3463.31826293929,-478.3722709742599,94.59705830617057,51.32934175600167,0.031709508756418994,0.09098499256577176,3855.1328402978447,0.036852353064024956,58.881574738875834,3796.251265558972,6.266738921760246e-05,0.036789685674807386
639.4569540900329,4017.826538512306,0.11725190299007525,-0.8544690948275274,6.588278093613118,5.106250822032302,0.016341551742707277,0.016387052815540894,0.032683103485414554,0.03277410563108179,0.0845687995046607,0.004874052237775503,0.004897924979984653,-1.3877787807814457e-17,-0.00021266948352228134,-2.9182918143970075e-05,-3433.1086055366277,-471.0978075245947,94.69135529721002,56.93281916599881,0.03226889184979336,0.0849830111402819,3864.2169515553446,0.03685293361750777,61.30372776446292,3802.9132237908843,6.282203976449185e-05,0.03679011157774331
658.9638644321317,4140.392070962251,0.1126457278926821,-0.8210148215243331,6.621899410937573,5.242126057936668,0.0166174389242511,0.016662989672698,0.0332348778485023,0.033325979345396,0.0794108500441797,0.0049349847930895,0.0049594596510494,0.0,-0.0001982939797615,-2.720653647336897e-05,-3399.323257181836,-466.3974785946325,94.78789720205064,52.38101770499998,0.03284104294185269,0.07980468495082935,3873.186136502326,0.03685347334891467,63.843915085184,3809.3422214171446,6.297476629296937e-05,0.03679049858262173
679.0658414924213,4266.696517872723,0.10881502119001929,-0.788078608205296,6.656645193187655,5.381497446931086,0.016908149125391868,0.016952854264592795,0.033816298250783736,0.03390570852918559,0.07499872293923555,0.004998373677361777,0.005023482922168621,0.0,-0.0001847046315349876,-2.5503342160429062e-05,-3362.492253439518,-464.2806720037019,94.88843344391628,57.83436421299848,0.03343954344691403,0.07537547774310525,3882.089734297956,0.036853977840548856,66.50865673944307,3815.5810775585155,6.312563532854832e-05,0.03679085220522034
699.7810380379412,4396.853936442872,0.1056744213330915,-0.7557555997636619,6.692554945855747,5.524449158490818,0.017219002157061,0.0172619651416081,0.0344380043141221,0.0345239302832163,0.0712364170189694,0.0050657314506531,0.0050915237426077,0.0,-0.0001718855369516,-2.4034098667053725e-05,-3322.9469838096,-464.6349954197261,94.99424044253512,52.90526340900033,0.034075302405531124,0.0715991189275598,3890.976116215567,0.03685445194956563,69.30582334259084,3821.6702928729787,6.327476282257658e-05,0.03679117718674309
721.1281605937223,4530.981863235917,0.10313788862778822,-0.7240931348227311,6.729669547350781,5.671066918046634,0.017554110011553874,0.01759444030903619,0.03510822002310775,0.03518888061807238,0.06802966860468047,0.005138183733708526,0.0051647210192387214,0.0,-0.00015980932095490695,-2.276281206610914e-05,-3280.8528611754346,-467.3159027849544,95.10620545979819,57.939026037001895,0.03475686576373331,0.06838102286405491,3899.891200159348,0.03685489981296518,72.24456080196968,3827.646639357381,6.342229721473027e-05,0.03679147751575048
743.1264863354169,4669.201420318683,0.1011294487967247,-0.6931061850309617,6.76803127127334,5.821438013049149,0.0179166684771585,0.0179534913327182,0.0358333369543171,0.0359069826654365,0.0652961118424076,0.0052165524166031,0.0052439075351279,1.3877787807814457e-17,-0.0001484421258879,-2.1658831927156923e-05,-3236.25238357823,-472.1937659577126,95.2249223943227,52.28717429000244,0.03549093018141153,0.06563851861531256,3908.8782790134546,0.03685532492942923,75.33522859764444,3833.543050415812,6.35684062556583e-05,0.036791756523173604
765.7958804972369,4811.637424638893,0.09958648360221949,-0.6627895017993641,6.807683807939061,5.975651299491122,0.01830918599098765,0.018341655359733106,0.0366183719819753,0.03668331071946621,0.06296811162024418,0.005301424504383239,0.005329679397340808,1.3877787807814457e-17,-0.00013774718319494025,-2.0697004951426346e-05,-3189.1027715155874,-479.17405148862673,95.3507668771769,58.27297040100166,0.03628277213478343,0.06330371146743605,3917.978496185672,0.036855730263005426,78.58936129416237,3839.3891348915117,6.37132673777681e-05,0.03679201699562769
789.156814310938,4958.418500739134,0.0984593988235308,-0.6331261818943298,6.848672285127892,6.133797208900353,0.0187336135540099,0.0187609285772116,0.0374672271080198,0.0375218571544232,0.060992171715511,0.0053931937398815,0.0054224379985502,1.3877787807814457e-17,-0.0001276871207623,-1.985701666949933e-05,-3139.304573607175,-488.2029046982484,95.4839443494778,51.7537020689997,0.03713650083849511,0.061322897985035284,3927.23156968852,0.03685611834208046,82.01964684732,3845.2119228412025,6.3857060633375e-05,0.036792261281447115
813.2303834920347,5109.677196909172,0.09770980780439349,-0.6040933820301657,6.891043288009767,6.295967755815586,0.019191371911984563,0.019212797187968096,0.038382743823969126,0.03842559437593619,0.059327063980424366,0.005492073235060782,0.005522402674985296,0.0,-0.00011822535137749599,-1.9122501097231317e-05,-3086.722178963279,-499.2655768524873,95.62451339477265,58.031319046000135,0.03805511588714461,0.059654691917248884,3936.6765556224364,0.03685649134357151,85.63990802148639,3851.036647600952,6.399996315405935e-05,0.03679249138041748
838.0383272899461,5265.550104881547,0.0973082492084774,-0.5756658889639924,6.934844878183707,6.462256545787441,0.0196832736225418,0.0196981634525789,0.0393665472450837,0.0393963269051578,0.0579417019633937,0.0055980787863876,0.00562959369543,1.3877787807814457e-17,-0.0001093268276813,-1.848016774510713e-05,-3031.1975820110792,-512.381461825538,95.77238725680708,51.75239099800092,0.03904035900500802,0.05826789020346931,3946.352549618343,0.036856851160246326,89.46506843788204,3856.8874811804626,6.414214420748312e-05,0.036792709016038865
863.6030481192793,5426.177983178561,0.09723191950814826,-0.5478184790692855,6.980126611757038,6.632758783972199,0.020209351278224902,0.020217177997491433,0.040418702556449804,0.040434355994982865,0.056813216951698456,0.005710986998594847,0.005743789706933809,0.0,-0.00010095844271373917,-1.79190435347997e-05,-2972.560569904122,-527.5977008973041,95.92731972905858,57.14438118199905,0.04009237938570484,0.05713954012244342,3956.299279825007,0.03685719945242319,93.5110811687205,3862.788198656288,6.428376011167827e-05,0.03679291569231154
889.9476317899638,5591.7058842219685,0.097462464830193,-0.5205272167520033,7.026939556384352,6.807571284408386,0.0207685689428685,0.0207689552565369,0.0415371378857371,0.0415379105130738,0.0559253269444559,0.0058302630539448,0.0058644543655639,0.0,-9.308916232893564e-05,-1.7429826755588386e-05,-2910.635100809861,-544.9814380817674,96.08887399391912,51.865484333000495,0.04120916635799187,0.056253298472200904,3966.5575648218346,0.03685753768622225,97.79479191752209,3868.762772904314,6.442494837094405e-05,0.03679311273785133
917.0958683545249,5762.283285320254,0.09798386208197539,-0.49377017148355323,7.0753363071937265,6.986792480107973,0.0213584144104416,0.021351169354450153,0.0427168288208832,0.042702338708900306,0.05526703326109219,0.005954959183872084,0.005990633159824389,0.0,-8.569002026357519e-05,-1.7004346581084424e-05,-2845.2436059293946,-564.6107707060919,96.2563779680304,56.76089003400193,0.04238574429878418,0.05559811778319121,3977.1696110592065,0.03685786716045082,102.3337007377291,3874.8359103214793,6.456582044771433e-05,0.03679330134000313
945.0722735913068,5938.064223651704,0.0987802854346076,-0.4675275249169197,7.125371001531757,7.170522434107576,0.0219743461726148,0.0219595037815773,0.0439486923452297,0.0439190075631547,0.0548315930893778,0.0060835786239029,0.006120815083707,0.0,-7.873399601417689e-05,-1.6635098866253274e-05,-2776.208469281592,-586.5636789413469,96.42886447466482,52.486441013999865,0.04361307830318403,0.055167207131422945,3988.1791181131944,0.03685818902386646,107.14557655972665,3881.0335415534696,6.470645263491539e-05,0.036793482571231564
973.9021111430503,6119.207435365194,0.09983392840536165,-0.4417810665239017,7.177099332486305,7.358862851676484,0.02260908332506417,0.022586942259939128,0.04521816665012834,0.045173884519878256,0.05461576175523331,0.006213904268319153,0.006252758309869619,0.0,-7.219579842492072e-05,-1.6314846237828767e-05,-2703.349987076625,-610.9045169998054,96.6049972047238,57.49562218900246,0.044876667491963444,0.054957260913398205,3999.631149154142,0.036858504284164234,112.24786655226504,3887.3832826018784,6.484687451518968e-05,0.03679365740964907
1003.6114153308242,6305.876498924345,0.1011227999660174,-0.4165128556887302,7.230578561159683,7.551917093877968,0.0232517303819408,0.0232228915431625,0.0465034607638816,0.046445783086325,0.0546193392021358,0.0063427925488691,0.0063832803720502,-1.3877787807814457e-17,-6.605154029892258e-05,-1.6036279807139735e-05,-2626.478628187431,-637.6678878111371,96.7829824445494,50.928670917001,0.04615481020801758,0.054967989757999144,4011.5717182976723,0.03685881380989332,117.65683027556764,3893.9148880221064,6.498705458152213e-05,0.03679382675531183
1034.2270146638932,6498.239982824381,0.10261877027572891,-0.3917026310658121,7.285867527704375,7.749790192720734,0.02388676737619589,0.02385216482763144,0.04777353475239178,0.04770432965526288,0.05484523552333713,0.0064659434728128705,0.006508023988039242,0.0,-6.02782648995926e-05,-1.5791779088947546e-05,-2545.3776985693676,-666.8413959940117,96.9604704176505,57.68596924599842,0.047416600643976244,0.055202169631752666,4024.0470588616954,0.03685911832682642,123.3863199229169,3900.6607389387805,6.512688279738581e-05,0.03679399144402906
1065.7765560667765,6696.471597815231,0.1042867488723507,-0.3673235189347392,7.343026661164414,7.952588868143035,0.0244930466000535,0.0244539648757779,0.0489860932001071,0.0489079297515558,0.0553006556722436,0.0065776865431886,0.0066212389777115,0.0,-5.485329304683096e-05,-1.5573387768324887e-05,-2459.771511756026,-698.3532518521862,97.13446348083252,52.63266551200286,0.04861993434327656,0.05566681452907366,4037.10260734739,0.036859418411769714,129.44613719645645,3907.6564701509355,6.526615046347533e-05,0.036794152261306265
1098.288529845356,6900.750353768209,0.1060873939271135,-0.34333577196938336,7.402117988203781,8.160421547079164,0.025043282098691808,0.025001350017629112,0.050086564197383616,0.050002700035258224,0.05600082972972988,0.006670910243956141,0.006715710143548177,0.0,-4.975339700296536e-05,-1.537331282665278e-05,-2369.2744498790034,-732.0826211728757,97.30129670013766,57.40320151799824,0.04971047885712056,0.05637691506999295,4050.781964576165,0.03685971449084056,135.83996882767283,3914.9419957484934,6.540452946070022e-05,0.036794309961379876
1131.7922954145886,7111.260721328001,0.1079895483304554,-0.3196816245945722,7.463205140844751,8.373398384860726,0.025505881724565,0.02546302830096,0.05101176344913,0.0509260566019201,0.0569777848813253,0.0067376108452293,0.0067833141763908,0.0,-4.495428266830201e-05,-1.5185710742762468e-05,-2273.3393803097047,-767.9418333563193,97.4569691380072,51.85802903399963,0.050625265233204896,0.057364283097250134,4065.1267319505164,0.03686000685942273,142.5632193241064,3922.5635126264115,6.554155876680174e-05,0.03679446530065596
1166.3181078110583,7328.192798495938,0.11000126110816795,-0.29630270244190543,7.5263533633796,8.591631289199176,0.025855680971151204,0.02581403033622305,0.05171136194230241,0.0516280606724461,0.05828989916586554,0.006771733960138226,0.006817902985320851,0.0,-4.0433256955619336e-05,-1.5010694196084055e-05,-2171.3633302096564,-806.1104494783477,97.59886556321226,55.21270137400279,0.0513139470647654,0.05868731404340255,4080.1793515321815,0.03686029575722014,149.60228756339365,3930.5770639687894,6.567666630681335e-05,0.03679461909091335
1201.8971450142933,7551.742482294901,0.1121679357293897,-0.2732515246602414,7.591629518656534,8.81523394697705,0.0261031436962705,0.0260648273292302,0.052206287392541,0.0521296546584605,0.0599616483368486,0.0067766952209807,0.006822932152693,0.0,-3.618390395340957e-05,-1.4853252211972009e-05,-2063.5251471285974,-847.0633653989563,97.73039136027433,51.75040203199751,0.05179717313417495,0.060370762595214546,4095.988483771574,0.03686058147204107,156.93947632664432,3939.0490074449312,6.580928982214265e-05,0.03679477218221895
1238.5615361015427,7782.111645670992,0.11425272358951108,-0.2507549224134385,7.6591020939807075,9.044321854062183,0.026267864705186165,0.026234871275411655,0.05253572941037233,0.05246974255082331,0.06171699417913875,0.006758437076823652,0.00680442435064147,0.0,-3.222196414425995e-05,-1.4681455213131926e-05,-1951.4028019229459,-889.127450795563,97.85627571760394,55.64409687599982,0.052115780792331395,0.06213694279717968,4112.591634978576,0.036860864039274195,164.55928669022984,3948.0323482883477,6.59389944816113e-05,0.03679492504479261
1276.3443902614229,8019.50831979166,0.1156451234125488,-0.2285209485895058,7.728841206898208,9.279012348319968,0.0262082611559236,0.0261824663827084,0.0524165223118472,0.0523649327654168,0.0632286011007016,0.0066819572505738,0.006726906149896,-1.3877787807814457e-17,-2.849563083880467e-05,-1.4420475520568228e-05,-1832.6256484602245,-927.4170293502688,97.95443396321444,51.07948614099951,0.05199118944625317,0.06365393396629523,4129.964028628475,0.03686114247918476,172.4262036373327,3957.537824991143,6.606511072501898e-05,0.03679507736845977
1315.2798266926357,8264.14688190488,0.11633096683290893,-0.2058352343285323,7.800918611165185,9.519424645980164,0.025788145680683428,0.02577098694894684,0.051576291361366856,0.05154197389789368,0.06475467547154207,0.006514420298773518,0.00655713624019849,1.3877787807814457e-17,-2.4907015481444035e-05,-1.407658509647577e-05,-1701.0526099623005,-961.3761968211644,98.00297136146182,55.92898631999924,0.05115168613211011,0.0651792807007988,4148.0282092591015,0.03686141514454681,180.45802938816038,3967.570179870942,6.618638557039392e-05,0.036795228758976437
1355.4030054147674,8516.24824892912,0.1165748264478996,-0.1823602723468052,7.875407703220671,9.765679881468438,0.0250218670615764,0.0250139517018916,0.0500437341231528,0.0500279034037832,0.0665310923247468,0.0062617421819149,0.006301198663382,0.0,-2.1413217066533523e-05,-1.3688519056799266e-05,-1553.0253500477177,-992.7801616061412,98.00289535532482,52.25016302299992,0.0496245084931224,0.06695031795477684,4166.718050797553,0.036861680814027006,188.54495192392946,3978.1730988736244,6.630139425902295e-05,0.03679537941976801
1396.7501590189715,8776.040076948753,0.11650933959030504,-0.1578581706162403,7.952383529498919,10.017901150775588,0.023951052531149056,0.023952072497020152,0.04790210506229811,0.047904144994040304,0.06860723452800693,0.005936639120071136,0.005972093282681818,0.0,-1.7987403114859556e-05,-1.3275844067340782e-05,-1385.369631801939,-1022.4906335833491,97.95785037725915,56.10764867100079,0.047492376257830024,0.06901696333247502,4185.992784429332,0.03686193882678853,196.5759654266483,3989.4168190026844,6.640896788851762e-05,0.036795529858900035
1439.3586253872318,9043.75696679526,0.1162526061078476,-0.1320174191928417,8.031922794930122,10.276213558407417,0.0226178264490356,0.0226266130317828,0.0452356528980713,0.0452532260635656,0.0710169532097763,0.0055516297418326,0.0055826223943545,0.0,-1.4597630130658338e-05,-1.2854459328648107e-05,-1193.9334545635932,-1051.3603163959526,97.8700676984688,52.05023614200036,0.044839192064703284,0.07141341404314402,4205.828043499513,0.03686218886180437,204.44417847384702,4001.383865025667,6.650823363379149e-05,0.036795680628170596
1483.2668814097349,9319.640675899733,0.11598590001636754,-0.10446895953175044,8.114103872970576,10.54074426789521,0.021073520030188995,0.02108820883564312,0.04214704006037799,0.04217641767128624,0.07383885995598954,0.005121091169468688,0.005147451739115136,1.3877787807814457e-17,-1.1209548003487253e-05,-1.244531887546942e-05,-973.6131646210245,-1080.9469116233784,97.7424028996977,55.586242114000925,0.04176695809228325,0.07421894192408428,4226.222419069884,0.03686243094987595,212.04962850227972,4014.1727905676057,6.65986059614382e-05,0.036795832343914536
1528.5145777308064,9603.940336608011,0.1159709764058708,-0.074809267829853,8.1990068175115,10.811622555833566,0.0193788015178944,0.0193970968790077,0.0387576030357888,0.0387941937580155,0.077213373370082,0.0046611793797141,0.0046830077187277,-1.3877787807814457e-17,-7.78943487858804e-06,-1.2075353692464762e-05,-718.4637448632376,-1113.7783381801592,97.57930486967216,51.4965063080017,0.03839601221230739,0.07757496419356309,4247.21344767776,0.03686266557903572,219.30400797535404,4027.9094397024064,6.667979473169827e-05,0.03679598578430405
1575.1425745547922,9896.912681155696,0.11655322912546039,-0.04260294447219608,8.286713376999227,11.08897986935824,0.01759759740860171,0.01761708917153537,0.03519519481720342,0.03523417834307074,0.08135803430825697,0.004188275401324474,0.004205890830430221,-1.3877787807814457e-17,-4.304670137518197e-06,-1.1776726023599723e-05,-421.63762140144934,-1153.5171313614144,97.38688181578225,55.56065224199847,0.034853011806724496,0.0817002173187359,4268.897723511789,0.036862893801877177,226.13491849399304,4042.762805017797,6.675179863434126e-05,0.03679614200324286
1623.192978544201,10198.822273505994,0.118171239523427,-0.0073655024990598,8.377307011084511,11.37294988694639,0.0157896648720786,0.0158081359181378,0.0315793297441573,0.0316162718362756,0.0865919097792697,0.0037171927009403,0.0037310617765428,-1.3877787807814457e-17,-7.221914748130897e-07,-1.1586753485292764e-05,-75.11945094297599,-1205.2074697393396,97.17260158336452,52.19903253399752,0.03125624997942143,0.08691498954400498,4291.4549346013455,0.036863117334929044,232.48807196652484,4058.9668626348216,6.681487183303965e-05,0.03679630246309602
1672.7091808434536,10509.94174825999,0.12138688688783558,0.0314715999527301,8.47087291010393,11.663668582394521,0.014004717823283485,0.014020389870212976,0.02800943564656697,0.02804077974042595,0.09337745124126862,0.0032598450591977382,0.0032705064033377333,0.0,2.994459979565585e-06,-1.1549720235883535e-05,330.7646822277352,-1275.7691101937762,96.94496841893992,56.180972139001824,0.02770404409435504,0.09368284279348055,4315.178951900966,0.03686333867435875,238.3270516644859,4076.8519002364806,6.686946873233737e-05,0.03679646920562644
1723.735896262557,10830.552056854933,0.1269527154957616,0.0746113432869283,8.567498017670104,11.961274291801155,0.0122794530218591,0.0122911406619363,0.0245589060437182,0.0245822813238726,0.1023938094520433,0.0028246644667311,0.0028326657971545,2.775557561562892e-17,6.8889695460819e-06,-1.1721721554850015e-05,808.0820375009511,-1374.9679939359405,96.7134787136327,52.46920628999942,0.024268858601843083,0.10268385689391844,4340.522860337208,0.036863561274911916,243.6310646952532,4096.8917956419555,6.691617887348725e-05,0.03679664509603845
1776.319203656092,11160.9427212729,0.13594290545611695,0.1229526445007266,8.667271056626086,12.265907783362563,0.010637816416800972,0.010644982751995625,0.021275632833601944,0.02128996550399125,0.11466727262251501,0.0024168028773629475,0.002422657964101454,0.0,1.1016331466908909e-05,-1.2180235025936296e-05,1372.2674227016391,-1517.2509811591385,96.48925457960613,55.42472766100036,0.020997833252361212,0.11494507220375573,4368.170702835062,0.036863789866080236,248.3916094401693,4119.779093394893,6.695566485600169e-05,0.03679683420122426
1830.5065875339887,11501.412095489004,0.1499965249234869,0.1776501503899216,8.770282558589084,12.577712329770067,0.0090946559981505,0.0090973788872297,0.0181893119963011,0.0181947577744595,0.1318072129271857,0.0020390967396884,0.0020432631509177,0.0,1.5445942542968115e-05,-1.3041574693451543e-05,2043.2275884600856,-1725.17184603631,96.28705400601504,51.50976336099848,0.01791999517510128,0.132076529748385,4399.159322194676,0.03686403102567323,252.6093200575554,4146.550002137121,6.698861454630671e-05,0.036797042411126954
1886.346980941642,11852.267634895095,0.17176819768369894,0.2401277593712187,8.876624897287012,12.896833782992895,0.007663967750290099,0.007662829996673242,0.015327935500580198,0.015325659993346483,0.15644026218311874,0.0016939953138308934,0.0016968698033259086,2.7755575615628914e-17,2.0260068939402082e-05,-1.4492433260449174e-05,2846.058470635373,-2035.8426501107676,96.13003856671496,55.50587343400184,0.015062476743657276,0.15670572094004165,4435.094259584855,0.03686429422008682,256.2928284725561,4178.801431112299,6.701571858037959e-05,0.03679727850150647
1943.890809648111,12213.82617394244,0.2057678540491532,0.3118944384992979,8.986392325863367,13.223420651223178,0.0063762756726536,0.0063721849391366,0.0127525513453072,0.0127443698782733,0.1930153027038459,0.0013873291039004,0.0013892564598199,2.775557561562892e-17,2.5536177939449343e-05,-1.684712481729503e-05,3809.424456449805,-2513.2128015415155,96.05987911651228,52.621007948000624,0.012484403589181658,0.1932834504599713,4478.543999367718,0.03686459369023537,259.46313439909704,4219.080864968621,6.703769026274437e-05,0.036797555999972656
2003.190037682304,12586.414212253974,0.2598841651912848,0.3936669206707493,9.099681018301292,13.557624177755995,0.005317985959127569,0.005311910345679003,0.010635971918255138,0.010623820691358006,0.2492481932730297,0.0011363745761409682,0.0011376673924418438,0.0,3.1277130565707916e-05,-2.0647990826351868e-05,4954.8549252245775,-3271.0097503033467,96.15540717477266,55.65866618000291,0.010352410376143371,0.24953175481514148,4533.769609914761,0.03686495183942013,262.1715452769056,4271.598064637856,6.705536582002668e-05,0.03679789647360014
2064.2982142582537,12970.368209464516,0.3477308364665354,0.4822712213478002,9.216589115096657,13.899598421584349,0.0047232887584683,0.0047158652382181,0.0094465775169366,0.0094317304764362,0.3382842589495988,0.000987689408633,0.0009886659034745,-5.551115123125783e-17,3.718253896569301e-05,-2.6809634919446253e-05,6255.235317709134,-4510.1969867560565,96.55523423508065,52.08700357099952,0.009112127404430279,0.33861870906210445,4608.030099537765,0.03686540495524421,264.5504301002347,4343.47966943753,6.706997230305848e-05,0.03679833498294118
2127.2705221318824,13366.03488905529,0.48964174709259095,0.5614068575543395,9.337216773294196,14.249500339498782,0.005163599139985652,0.0051545916358875414,0.010327198279971304,0.010309183271775083,0.47931454881261965,0.0010509155350661163,0.0010520211204047673,0.0,4.200249828870675e-05,-3.663328362950269e-05,7503.783645026196,-6544.568674777557,97.43882962681047,52.430695408002066,0.009822949251303146,0.4798187978412878,4713.492667811407,0.03686601046739086,266.9352010537859,4446.557466757622,6.708371898197043e-05,0.03679892674840892
2192.163827432889,13773.771551456894,0.6986970839749963,0.5828299549398569,9.461666220979904,14.607489869480691,0.0077171033041504,0.0077050979042561,0.0154342066083008,0.0154101958085123,0.6832628773666954,0.0015190605045366,0.0015213715599861,0.0,4.231447811969912e-05,-5.07266351387317e-05,8027.766652687504,-9623.694018340691,98.8520096901166,52.9570101620011,0.014394709898679983,0.6843023740763154,4867.723136942428,0.03686684416686723,270.078328951577,4597.6448079908505,6.710070269954819e-05,0.03679974346416772
2259.0367310168017,14193.946396703772,0.9229633261120022,0.47133524310749053,9.590041816325012,14.97373001521282,0.013098137704516441,0.013082249241853739,0.026196275409032882,0.026164498483707478,0.8967670507029692,0.0024917970698300576,0.002498021632815078,1.1102230246251565e-16,3.320677913909465e-05,-6.50251382044348e-05,6690.107175545061,-13100.49197695718,100.41515252343068,54.279581938000774,0.023956131916781084,0.899007194195221,5084.613417441621,0.036867949446346866,275.20759324575147,4809.405824195869,6.712675404751913e-05,0.03680082269229938
2327.949621383537,14626.93885693132,1.0235407582900715,0.2464763286022403,9.722450111254624,15.348386931510376,0.0190484583325985,0.0190323357225279,0.0380969166651971,0.0380646714450558,0.9854438416248744,0.0035452213879287,0.0035578346996005,0.0,1.6850848356793516e-05,-6.997641600211124e-05,3605.194188145882,-14971.268089085996,101.47988764655496,53.08809151300011,0.03459087037095644,0.988949887919115,5352.891862575225,0.03686924022145403,283.2768795456632,5069.614983029562,6.716542619390116e-05,0.03680207479526016
2398.964729210257,15073.13993901594,0.9708436151062079,0.0670699822241048,9.858999919837153,15.731630010531953,0.022111889178325444,0.022101759060979047,0.04422377835665089,0.044203518121958094,0.926619836749557,0.004083510367805344,0.00410025379669478,1.1102230246251565e-16,4.44963574248376e-06,-6.440885038114958e-05,1010.9552277712432,-14633.661669396,101.85681126978862,54.166569524000806,0.04042440185292582,0.9304192132532819,5636.15470522455,0.03687052661266202,293.93131483692264,5342.223390387627,6.721366022671445e-05,0.03680331295243534
2472.146183547796,15532.952577667602,0.882352714354988,0.0007565111419248,9.999802391475612,16.12363196860186,0.0224764520917921,0.0224750381235437,0.0449529041835843,0.0449500762470875,0.8373998101714036,0.0041308825086952,0.0041480174815555,1.1102230246251563e-16,4.870362786097176e-08,-5.680521523149337e-05,11.75085169199578,-13705.542868852315,101.86143134976874,53.014059184999496,0.04147935513194133,0.8408733592230458,5907.39391035047,0.03687168729475789,305.91898694064463,5601.474923409825,6.726486436714445e-05,0.03680442243039078
2547.560069731351,16006.791999293428,0.8346181845604222,0.0016825998860260458,10.144971089008088,16.524568933512878,0.021777327935029678,0.021783747231845837,0.043554655870059356,0.043567494463691674,0.7910635286903629,0.003966874787831068,0.003982673555145135,0.0,1.0511787034530835e-07,-5.214150246953068e-05,26.933026393653744,-13359.559679086573,101.7635147287472,54.273926898000354,0.04040410807390445,0.7942140764865178,6166.360806253036,0.03687273019925112,318.26928728968653,5848.091518963349,6.731457926279481e-05,0.03680541561998836
2625.27448905779,16495.086096961302,0.8410332661820199,0.0162609569670513,10.29462207183862,16.934620532177007,0.020650813140402,0.0206623827146074,0.041301626280804,0.0413247654292148,0.7997316399012159,0.0037089533599147,0.003722760906487,0.0,9.85806128653484e-07,-5.098689762746699e-05,268.2258851904944,-13872.91613608099,101.60815152891792,53.115658200000325,0.038324416596099024,0.8027088495859208,6426.805365228943,0.03687371693871548,330.50597044799963,6096.299394780944,6.736098218913783e-05,0.03680635595652637
2705.359620283432,16998.275816801804,0.8886776082774492,0.003209186584243399,10.4488739842384,17.35396997848952,0.018991819993166705,0.019004897324183527,0.03798363998633341,0.038009794648367054,0.8506939682911159,0.0033502506847604726,0.003361512594632471,-1.1102230246251565e-16,1.8879482947742886e-07,-5.2280455844765344e-05,54.55063870654936,-15105.987097715832,101.32064103246205,53.54229908799971,0.03512402149774495,0.8535535867797044,6703.853609955955,0.036874704655615834,342.27022605412753,6361.583383901829,6.740301313296187e-05,0.03680730164248291
2787.887782997839,17516.815556197493,0.9360866663726098,-0.0659564929980879,10.60784814899167,17.782804161279177,0.0167676644110038,0.0167786815950471,0.0335353288220077,0.0335573631900943,0.902551337550602,0.0029050171677489,0.0029134808797224,0.0,-3.765324398517879e-06,-5.343931740158216e-05,-1155.347722581138,-16397.257479464784,100.87164928474697,52.86458063199825,0.03090576275708588,0.9051809036155236,7005.042495903469,0.0368757158528462,353.16885961208726,6651.873636291382,6.743970254279448e-05,0.03680827615030344
2872.933502930872,18051.173574119235,0.9219126758083435,-0.16655067749367108,10.771668666575236,18.22131373218093,0.014540132898980984,0.014546855909350107,0.02908026579796197,0.029093711818700213,0.8928324100103815,0.0024868571010456877,0.002493056977493479,0.0,-9.226584455010844e-06,-5.107217389622414e-05,-3006.4351883254108,-16641.605731197124,100.46676275755618,51.76116765799816,0.02685438372845327,0.8950582920798902,7321.07227928523,0.036876715997863484,362.9933660946875,6958.078913190544,6.747085270545009e-05,0.03680924514515807
2960.573579251934,18601.83241397983,0.8445284807816289,-0.2197121487915087,10.940462520116224,18.66969319328673,0.0132951721849822,0.0132966432869072,0.0265903443699645,0.0265932865738145,0.8179381364116644,0.002256288898985,0.0022613912509608,-1.1102230246251563e-16,-1.1811317503666383e-05,-4.540028433687751e-05,-4087.048571135046,-15709.777268332848,100.5307931375157,52.9768639089998,0.024740666224455376,0.8197878145571729,7630.694354845652,0.03687763971277327,372.03695432601137,7258.657400519641,6.749783070883177e-05,0.03681014188206447
3050.8871539222355,19169.289339387135,0.775681040685685,-0.19263581842700608,11.114359686380077,19.128140984359568,0.013490147029074362,0.013485407817547684,0.026980294058148724,0.026970815635095367,0.7487007466275363,0.002269150684802318,0.00227431144016422,0.0,-1.0049189357854664e-05,-4.046477816430541e-05,-3692.6917405569234,-14869.254303980819,101.19850968955424,52.99196752900025,0.02527751538483422,0.7504035253008507,7923.348182042795,0.036878461846641154,381.0715958852979,7542.276586157497,6.752317062558564e-05,0.0368109386760156
3143.9557831626685,19754.056783189968,0.7735530539411161,-0.1206839952565139,11.293493253081724,19.59685956937281,0.015176128471811,0.0151637685516425,0.0303522569436221,0.0303275371032851,0.7432007969974939,0.0025153012735152,0.0025216439677988,0.0,-6.109327141309625e-06,-3.915919967383021e-05,-2383.9984951194056,-15280.81095236282,102.316454712515,52.91078222099896,0.028478169137009977,0.7450748848041058,8211.718369161716,0.03687922375373231,391.0775316299563,7820.640837531759,6.754955908040419e-05,0.03681167419465194
3239.863511101835,20356.662810222315,0.8597480138875678,-0.06164346839470944,11.477999542840791,20.0760555220898,0.018844510835786477,0.018822905677987233,0.03768902167157295,0.037645811355974466,0.8220589922159949,0.0030547732880966054,0.0030641335213287216,1.1102230246251565e-16,-3.0281716099239273e-06,-4.223423170598652e-05,-1254.8553005636963,-17501.600420467552,103.80650429495029,53.84953458000018,0.03517012315701421,0.8245778907305535,8525.01075807384,0.03688000195863522,403.2862578322119,8121.724500241629,6.757983725306068e-05,0.03681242212138219
3338.696945670759,20977.65159416387,1.0186316580822532,-0.0918707477554547,11.66801824411359,20.565939610324005,0.0253587796886886,0.0253275688811273,0.0507175593773773,0.0506551377622547,0.9679140987048758,0.003997710961394,0.0040137568009536,0.0,-4.379458174480018e-06,-4.855794527380003e-05,-1927.2325381092423,-21368.50002603497,105.55061757377727,52.80469082499985,0.0468325875809616,0.9717990705012913,8896.304186884292,0.036880869609336404,419.49547692460413,8476.808709959689,6.761764974105504e-05,0.036813251959595374
3440.5453368127664,21617.583908947214,1.1474010549386993,-0.2730199238542536,11.863692549446881,21.066726878453053,0.03350016244627732,0.03346592298592242,0.06700032489255464,0.06693184597184484,1.0804007300461447,0.005149476817995622,0.005176131185542477,0.0,-1.262952996987117e-05,-5.3077210652750425e-05,-5902.031112733706,-24804.038582351885,107.08939314606329,53.70603864200166,0.061408028980879936,1.0859930259578194,9337.518080848577,0.036881841248281186,441.54374223068913,8895.974338617887,6.766609442144496e-05,0.03681417515385976
3545.500657079224,22277.03763515575,1.1084422177133446,-0.515788760798163,12.065169301385604,21.57863672766308,0.0377793189076458,0.0377570635919116,0.0755586378152916,0.0755141271838232,1.032883579898053,0.0057356054340715,0.0057686923774189,0.0,-2.3153381937290825e-05,-4.9757164119707473e-05,-11490.245636091026,-24692.80900039568,107.84059213580176,52.21808013000191,0.06960025018117165,1.0388419675321718,9811.043587152835,0.03688282548618687,469.0437740247104,9341.999813128125,6.772311715961543e-05,0.03681510236902728
3653.6576846838666,22956.608281869456,0.9446833874175113,-0.6543477590591683,12.272599146361102,22.10189299333332,0.035299155982907365,0.03529631253889065,0.07059831196581473,0.0705926250777813,0.8740850754516967,0.005341363611271142,0.005370046984826712,0.0,-2.8503677504309532e-05,-4.1150825758681354e-05,-15021.605184840422,-21686.726475333333,107.72547524703903,53.94788918799895,0.06590443404190333,0.8787789533756081,10255.163512652707,0.03688369639058887,498.35534176885733,9756.80817088385,6.778050575811839e-05,0.036815915884830776
3765.11408909074,23656.909524429782,0.7892488225605392,-0.6734697795025185,12.486136696838075,22.636724018860274,0.0290263538897645,0.0290357721083199,0.058052707779529,0.0580715442166399,0.7311961147810102,0.0043729583366674,0.0043921650916209,0.0,-2.8468206246764665e-05,-3.33622961928102e-05,-15932.213641128756,-18671.18798757741,107.03856802640958,52.90744660200289,0.05484117372905889,0.7344076488314801,10641.67921187154,0.03688441033663587,525.2710843490053,10116.408127522533,6.783022567626372e-05,0.03681658011095963
3879.9705192130477,24378.57375860937,0.6966944748810919,-0.6410909535753285,12.705940701931844,23.18336272511263,0.02198563931401299,0.021995774223758244,0.04397127862802598,0.04399154844751649,0.652723196253066,0.003280793519180314,0.003291592554701561,0.0,-2.6297311726405867e-05,-2.8578147424848926e-05,-15628.883097713362,-16984.417643104323,105.99023084930818,54.20545057599884,0.04182277981495838,0.6548716950661335,10983.019496888175,0.03688500357488542,547.4760376001542,10435.54345928802,6.786890092402852e-05,0.036817134673961416
3998.330694302517,25122.25267168673,0.6611977882776318,-0.6160218491094347,12.93217422663842,23.74204667463739,0.0153706533232259,0.0153743833631923,0.0307413066464519,0.0307487667263847,0.6304564816311797,0.0022614923370536,0.0022666182769179,1.1102230246251563e-16,-2.4520963830751663e-05,-2.631920779233363e-05,-15475.856544606895,-16610.77790307109,104.59562801655451,54.50714599999992,0.02931230246238525,0.6318854858152463,11304.460228928381,0.036885529072795756,564.3151591868547,10740.145069741522,6.789655359083095e-05,0.03681763251920495
4120.301497611413,25888.617830942072,0.645831391182772,-0.633898427784159,13.165004839712605,24.31301812964722,0.00982028758052888,0.009817657157390615,0.01964057516105776,0.01963531431478123,0.6261908160217142,0.0014221133921725197,0.0014241386788600376,0.0,-2.4485603361432594e-05,-2.4946538104126766e-05,-16410.754140539124,-16719.682069556435,102.8182688530949,55.645842158999585,0.01874879259961431,0.6270825985831577,11623.299026862285,0.03688601970169081,576.0392599320892,11047.25976693019,6.791470733550367e-05,0.03681810499435534
4245.993072911733,26678.361290105306,0.5854304273444352,-0.6827619848660613,13.40460481009429,24.896524102735665,0.006301627387902,0.006296295649832,0.012603254775804,0.012592591299664,0.5728271725686311,0.0009008736977356,0.0009016860029393,0.0,-2.5592350948455367e-05,-2.1944017512108763e-05,-18214.9709074062,-15618.324450915585,101.06540220314076,54.50992533899989,0.012086744532194835,0.5733436828122396,11932.817502017931,0.03688646870975716,583.7907944067465,11349.02670761118,6.792600855439607e-05,0.03681854270120279
4375.518923958772,27492.19621430399,0.4870188030827875,-0.6842082686253236,13.651151311632242,25.492816399215506,0.0050546257461820685,0.005048418161172765,0.010109251492364137,0.01009683632234553,0.47690955159042336,0.0007150325261571448,0.0007155441635079548,0.0,-2.488736306448064e-05,-1.771480165813e-05,-18810.387972496606,-13389.21649440747,100.24312189774831,57.115048851999745,0.009768001646202413,0.4772508014365851,12210.637300569586,0.036886848712023045,589.4523036030943,11621.184996966487,6.793375569913397e-05,0.03681891495632394
4508.996016988873,28330.85752407576,0.4155858044385563,-0.6374441906554684,13.904826635696512,26.102151649957747,0.0051359609242554,0.005129824302574,0.0102719218485108,0.010259648605148,0.4053138825900455,0.0007172923190202,0.0007178071966089,-5.551115123125783e-17,-2.2499996341930843e-05,-1.466901607497721e-05,-18059.34054500986,-11773.902214577152,100.43820632790612,54.3467568369997,0.009980984626702077,0.40560481981185414,12451.591378904634,0.03688715894820693,594.7243781590917,11856.867000745538,6.794052537249277e-05,0.03681921842283447
4646.544886343882,29195.102559026323,0.39100689628444973,-0.5863697476030604,14.165818411080943,26.724791333602425,0.00550215609283807,0.005498730461598864,0.01100431218567614,0.010997460923197727,0.3800025840987736,0.0007559555022006227,0.0007565274032536778,0.0,-2.0084524327926054e-05,-1.3392893396894788e-05,-17119.124918781727,-11415.486438311078,100.89530999718114,57.06193791899932,0.010716829817498207,0.3802900664669515,12673.483206933539,0.03688742758469633,600.4183001089307,12073.064906824604,6.794740513999479e-05,0.03681948017955637
4788.289743317767,30085.711761732902,0.3932554707970799,-0.5667448452799835,14.4343198303961,27.361001787033903,0.0054697511956234,0.0054713452014281,0.0109395023912469,0.0109426904028563,0.3823159684058329,0.0007377809364668,0.000738325659063,0.0,-1.883767450038681e-05,-1.3071170591259722e-05,-17050.922057541495,-11831.37074312552,101.04726219666568,53.97243950499978,0.010657228701903332,0.3825982420951764,12895.813521037482,0.03688768079829526,606.4776258444987,12289.335895192979,6.795430732235147e-05,0.03681972649097294
4934.358588323618,31003.489382510365,0.38080017428844315,-0.5797281805816036,14.710529881971818,28.01105420310548,0.004692904548291947,0.004697717742890326,0.009385809096583894,0.009395435485780652,0.3714143651918593,0.0006219338561673313,0.0006223208986035734,-5.551115123125783e-17,-1.8698804300029494e-05,-1.2282494063499172e-05,-17973.596491403798,-11806.134160409843,100.53879269209335,56.61169723400235,0.00915467017508342,0.3716455041133598,13121.944349133286,0.03688792345641712,612.265428217167,12509.678920916116,6.796052928215244e-05,0.036819962927135
5084.8833264823625,31949.26420567644,0.3427791771684283,-0.5918582821567178,14.99465358608454,28.675224614692755,0.0035943783904324,0.0035980583704025,0.0071887567808649,0.007196116740805,0.3355904203875634,0.0004687066533121,0.0004689264422555,-5.551115123125783e-17,-1.85249424946557e-05,-1.0728859824807065e-05,-18909.436628942767,-10951.54249555849,99.4589520064352,54.074374100997375,0.007031389558976298,0.3357477876094508,13339.777533963525,0.03688814381686259,617.1382330237492,12722.639300939773,6.796547024602345e-05,0.03682017834661659
5239.99988673758,32923.890297972255,0.28983540574191624,-0.5929779522776063,15.286902234140651,29.35379386429846,0.002428731562516506,0.0024290666438500285,0.004857463125033012,0.004858133287700057,0.28497794261688325,0.0003118408512316467,0.00031193812628247823,0.0,-1.8010567612483117e-05,-8.803194370981331e-06,-19523.141049904138,-9542.509103115128,97.65348731186467,52.51863216499987,0.004768567639581265,0.28506683810233496,13536.035530100207,0.0368883309462024,620.7989705673473,12915.236559532856,6.796897201340833e-05,0.036820361974189024
5399.848344603918,33928.24777981335,0.2304680506126616,-0.5689694188100891,15.587493629307437,30.047047558649847,0.0015698644837207,0.0015678025952855,0.0031397289674414,0.003135605190571,0.2273283216452201,0.0001984913752463,0.0001985307818942,2.775557561562892e-17,-1.6769784944467865e-05,-6.7928073417863225e-06,-19304.135420525097,-7819.377126516946,95.5247393135904,53.998289950999606,0.0030945972979972668,0.22737345331466302,13702.374940341817,0.0368884804336373,623.3128001457885,13079.062140196025,6.797123784624621e-05,0.036820509195791086
5564.573048660054,34963.243620068366,0.18803459146691884,-0.5245010320099323,15.896652326923963,30.75527600791343,0.0013292371000161608,0.0013263952746094703,0.0026584742000323215,0.0026527905492189406,0.18537611726688652,0.00016527982257414533,0.00016530714450966013,0.0,-1.5001498079225026e-05,-5.378064847478564e-06,-18338.25736114054,-6574.299230457912,95.17605599956076,54.54035361299975,0.0026278302034266447,0.1854067612634922,13840.250388068358,0.036888597069106605,625.1980504990979,13215.052337569254,6.797283172321232e-05,0.03682062423738343
5734.322750900352,36029.81245508272,0.1664619013373604,-0.4770537964561175,16.21460987294842,31.478774149434045,0.0015712024266815,0.0015700074817274,0.0031424048533631,0.0031400149634549,0.1633194964839973,0.0001918314562479,0.0001918682626161,0.0,-1.3240529548990745e-05,-4.620115676285672e-06,-17188.15881729912,-5997.59108610158,96.9657602039748,54.20251314100096,0.003111069025320475,0.163350832312039,13960.60173626587,0.0368886928252162,627.1464033696317,13333.455332896234,6.797437516408323e-05,0.03682071845005216
5909.25074106295,37128.91743268681,0.15986919725738946,-0.4361149902828303,16.54160503865263,32.21784145619082,0.002104077367616594,0.002106837293744347,0.004208154735233188,0.004213674587488694,0.15566104252215626,0.0002519630707919897,0.0002520265721810376,0.0,-1.1745965690313722e-05,-4.3057866566464185e-06,-16192.477465368216,-5935.770224999534,99.20434304377373,55.10029577400201,0.004168924016264203,0.15570027324112526,14074.770622675334,0.03688877825966327,629.6933524719559,13445.077270203374,6.797627161719845e-05,0.036820801988046103
6089.51498505562,38261.55108195139,0.1602695453508973,-0.4054244590258687,16.877884049739706,32.972781830416025,0.002558111646245,0.0025621747726214,0.00511622329249,0.0051243495452429,0.1551533220584073,0.0003002803833136,0.0003003705787061,-2.775557561562892e-17,-1.0596132345954843e-05,-4.188788504878443e-06,-15512.168648890784,-6132.161396324483,100.74339668179417,53.85034572899895,0.005069619799354771,0.15519992555154216,14190.189759493425,0.036888859539476154,633.0241107049874,13557.165648788436,6.797861040327809e-05,0.036820880929072916
6275.278267604303,39428.73620947473,0.15975054258746185,-0.37939611896490155,17.223700808160416,33.74390348318602,0.0025105412513966047,0.0025108505840041647,0.0050210825027932095,0.005021701168008329,0.15472946008466865,0.0002888426700476365,0.0002889261242408087,0.0,-9.622325122196857e-06,-4.05162726339359e-06,-14959.109493565596,-6298.762003001492,101.06005573196339,54.69368839600065,0.004976377119585074,0.15477416546787678,14309.085723527322,0.036888938390781736,636.7564654332599,13672.329258094058,6.798108625484986e-05,0.03682095730452692
6466.708339253259,40631.52682301178,0.1716924887903788,-0.3438749583305269,17.5793171049863,34.531518801065914,0.0024102138825517,0.0024065058086789,0.0048204277651034,0.0048130116173578,0.1668720610252753,0.0002715579494021,0.0002716317131531,0.0,-8.463254650223294e-06,-4.225597761518042e-06,-13972.164593168864,-6976.127963595927,100.17926705835976,54.05558902700068,0.004775100021289023,0.166917388769089,14435.982050015735,0.03688901754950495,640.4899173687812,13795.492132646952,6.798341917467941e-05,0.03682103413033031
6663.9780678494935,41871.00908327894,0.2475866779773609,-0.35689312178143384,17.94500282283975,35.33594420113905,0.004502353013340033,0.004483543835958248,0.009004706026680066,0.008967087671916497,0.23858197195068082,0.0004949656026854024,0.0004952107149553866,2.7755575615628914e-17,-8.523633167559794e-06,-5.913081232050695e-06,-14943.475143870195,-10366.704042488936,97.1968760265989,54.88069492000068,0.008886557677774904,0.23870012029958596,14601.404224884389,0.03688911429822405,645.8799803817193,13955.524244502669,6.79865601836726e-05,0.03682112773804041
6867.26559464828,43148.30228479396,0.1579526962800296,-0.4605325180743446,18.32103612666896,36.157499976110266,0.0043779611727906,0.0043688149889178,0.0087559223455813,0.0087376299778357,0.1491967739344482,0.0004738312485317,0.0004740558710169,0.0,-1.067324769894e-05,-3.660693188749034e-06,-19871.19630184916,-6815.390685788968,85.0384887275197,53.36870754800111,0.008685194738960147,0.1492675015410686,14766.286417709014,0.03688920620905464,653.0242165623566,14113.262201146656,6.799051771342961e-05,0.03682121569134124
7076.754495180781,44464.55986663698,0.0825095227372528,-0.39740862238249947,18.7077036418492,36.99651013129597,0.002576945844097832,0.0025831830599751244,0.005153891688195664,0.005166366119950249,0.07735563104905714,0.00027428596168930657,0.00027436121511904577,0.0,-8.937648850555393e-06,-1.8556244115476343e-06,-17670.599481444377,-3668.749613318222,89.22185817714964,52.08808943600161,0.005132668303264744,0.07737685443398806,14867.034749472085,0.03688925924010467,658.8135944352055,14208.22115503688,6.799355993977162e-05,0.03682126568016493
7292.633945028941,45820.97045404495,0.0581811825172665,-0.3422082456083637,19.105300618959227,37.85330221556345,0.0020779583951772,0.0020828504186071,0.0041559167903544,0.0041657008372142,0.0540252657269121,0.0002168664772616,0.0002169135185323,0.0,-7.468376208914505e-06,-1.269750115301858e-06,-15680.31391115139,-2665.918245105069,91.64086444833812,52.71100228700016,0.004144197979875775,0.054036984537390566,14927.779213570277,0.03688928922307244,662.8189640142441,14264.96024955603,6.799553303596716e-05,0.036821293690036505
7515.098890657472,47218.758931780634,0.05195505538816868,-0.2945823139056089,19.51413108491015,38.72820714838323,0.0018607697796566294,0.0018565055572445815,0.0037215395593132587,0.003713011114489163,0.04823351582885542,0.00019020357636310176,0.00019023976064594308,0.0,-6.238671252059105e-06,-1.1003053990307287e-06,-13909.811265875078,-2453.2532356612473,93.66309206756901,54.41936236900074,0.0037123636268068644,0.04824269176136181,14976.782117925002,0.036889311920462284,666.3145831155597,14310.467534809442,6.799715207678852e-05,0.03682131476838552
7744.350225457126,48659.18755024513,0.0541082644111688,-0.2548814411948252,19.934507980493816,39.62155904523805,0.0019320541368617,0.0019254169929177,0.0038641082737235,0.0038508339858355,0.0502441561374452,0.0001933154464711,0.0001933528245587,0.0,-5.2380948804711646e-06,-1.1119845425963393e-06,-12402.323850175777,-2632.864186001317,95.70116314023804,53.0297250759977,0.003854393424216426,0.05025387098695194,15025.412433199563,0.036889333082562835,669.7839614236633,14355.6284717759,6.799866189038504e-05,0.03682133442067247
7980.594971158225,50143.55706533266,0.05928109708652224,-0.221951707771038,20.366753284788842,40.53369504360709,0.0022128659602086835,0.0022144724079862454,0.004425731920417367,0.004428944815972491,0.05485536516610487,0.00021667112850570997,0.00021671808505776703,0.0,-4.4263255492994724e-06,-1.1822275992364117e-06,-11129.448124365083,-2972.5650746535534,97.28745196358432,55.33989867700075,0.004413843770723424,0.054867253315798815,15078.987714944027,0.03688935501995174,673.690616610693,14405.297098333334,6.800026048184004e-05,0.03682135475946993
8224.04646477834,51673.20791305748,0.062064186571759,-0.1912636538027295,20.81119812728986,41.46495513171463,0.0024988009463889,0.0025061924144411,0.0049976018927778,0.0050123848288822,0.0570665846789811,0.0002394260091034,0.0002394833476456,6.938893903907228e-18,-3.701408554400945e-06,-1.2010902569893635e-06,-9883.206549159491,-3207.055616677294,97.97202933894232,53.03357479400074,0.004983935396039217,0.05708025117571872,15138.071096044756,0.03688937781715125,678.2664233604138,14459.804672684342,6.800202404498476e-05,0.03682137579310629
8474.924551272803,53249.521420012825,0.06440624687934855,-0.15355376293864484,21.268182888972632,42.41568198204857,0.002561428540407185,0.002560013460023879,0.00512285708081437,0.005120026920047758,0.05928338979853418,0.00024014230284896796,0.0002401999850265165,0.0,-2.8836646573303204e-06,-1.209517854091787e-06,-8176.66438872494,-3429.6018227845047,97.93542204008249,55.01587555600054,0.0051086172114724404,0.05929762966787611,15201.528416729434,0.03688940087692159,683.3304239324482,14518.197992796986,6.800386459429829e-05,0.03682139701232731
8733.455782062192,54873.921050755765,0.0742606293883229,-0.1056410054581095,21.73805729389788,43.38622079148162,0.0025509036262036,0.0025386100812165,0.0051018072524072,0.0050772201624331,0.0691588221359157,0.0002338956946414,0.0002339504146361,0.0,-1.9251586807583264e-06,-1.3532954811017683e-06,-5796.936193230761,-4074.9719142342688,98.00003737850354,52.824510352998914,0.005085627517290707,0.06917500187103015,15273.227853111835,0.03688942537330401,688.601485205839,14584.626367905996,6.800566944727243e-05,0.036821419703856766
8999.873619615937,56547.873693244015,0.10886083792330485,-0.036467307615503264,22.22118049326446,44.376919129537704,0.003105411007392482,0.0031014233328060556,0.006210822014784964,0.006202846665612111,0.10265001590851988,0.00027813750645013256,0.0002782148884454621,1.3877787807814457e-17,-6.448926411155252e-07,-1.925109306741464e-06,-2062.148704974154,-6155.848913027751,99.30631686388716,54.52934984300009,0.00618226325206005,0.10267857467124479,15370.801503773502,0.03688945665384375,694.6054193909634,14676.196084382536,6.800759953972992e-05,0.036821449054304047
9274.41864827684,58272.8909834854,0.235233969814754,0.0446648418760845,22.717921144091484,45.38812679601551,0.006314904459447,0.0063534957544782,0.012629808918894,0.0127069915089564,0.22260416089586,0.0005502428252768,0.0005505457591308,2.775557561562892e-17,7.664771924348596e-07,-4.03676505223363e-06,2602.749461439688,-13707.76347862766,103.13445805597682,52.0628180010026,0.012507255142147499,0.22272671467260607,15559.740541478528,0.03688951338437316,704.8676481173558,14854.87289336117,6.801068355904014e-05,0.03682150270081415
9557.338791516931,60050.53067059669,0.474313708851061,-0.20391907310191013,23.228657484937706,46.42019568881592,0.014741700036012538,0.014761360172020331,0.029483400072025077,0.029522720344040663,0.4448303087790359,0.0012438693795379981,0.0012454185174966218,5.551115123125783e-17,-3.3957913581229624e-06,-7.898576474750544e-06,-12245.448553625902,-28482.789920845105,107.65626058361457,51.612312715998996,0.028929400168327925,0.44538430868273304,15961.231203246141,0.03688962700828972,728.3141770290159,15232.917026217123,6.801730709108492e-05,0.03682160970119866
9848.88953582072,61882.39802350353,0.0897516344636792,-0.2753916007360151,23.753777411206112,47.47347968240987,0.0020018256835947,0.0019836029387329,0.0040036513671894,0.0039672058774658,0.0857479830964898,0.0001679135399596,0.0001679417396516,-1.3877787807814457e-17,-4.450241256510757e-06,-1.4503580554456006e-06,-17041.892649075857,-5554.046367141396,96.61751666700916,52.41353182900275,0.003989250701734834,0.08576238376194265,16290.138544604912,0.036889717371233345,747.5090913543027,15542.629453250604,6.802259241669e-05,0.03682169477881669
10149.334161398192,63770.14728055297,0.0932732359324232,-0.16519733033688289,24.293678552634017,48.548334516923674,0.0034921746494650883,0.0035110061709950893,0.0069843492989301766,0.007022012341990179,0.08628888663349303,0.00028639697816619763,0.00028647902489323506,0.0,-2.590511977494847e-06,-1.462647334372197e-06,-10534.658085937182,-5948.047992744393,100.66899389530563,52.679539995002415,0.006959629342828291,0.08631360658959492,16400.116221919954,0.036889745236611204,754.0881556852655,15646.028066234683,6.802424674502799e-05,0.03682172098986621
10458.94397993574,65715.48314334662,0.0910950643090583,-0.0583408271245326,24.84876835559253,49.64511769742163,0.0030694308499287,0.0030845897418295,0.0061388616998575,0.0061691794836591,0.0849562026092007,0.0002461465644979,0.0002462071675464,0.0,-8.877790184890294e-07,-1.386203980428032e-06,-3833.8956414711215,-5986.356163043998,97.45453467881228,52.211025237000285,0.006117944873847052,0.08497711943521061,16514.280693883637,0.036889772501014655,762.1860464455378,15752.094647438093,6.80261837097031e-05,0.03682174631730498
10777.99857959988,67720.16231614441,0.14129262230053907,0.07260041403084917,25.41946417268628,50.76418840248235,0.003918853113983392,0.003880141330196835,0.007837706227966784,0.00776028266039367,0.1334549160725723,0.0003066304448976244,0.00030672449596628353,0.0,1.072064973676847e-06,-2.0864188369916983e-06,4916.511822388395,-9568.359316266193,95.44012333203442,54.18701264799893,0.007796772336100201,0.13349584996443886,16662.56941451984,0.03688980562107896,771.0651555032568,15891.504259016576,6.802817256333783e-05,0.03682177744851565
11106.786077514733,69785.99509222736,0.3371765364405049,0.255001766083278,26.00619336202789,51.905907400821015,0.0065606092566787,0.0065792050013959,0.0131212185133575,0.0131584100027918,0.3240553179271473,0.0004980842832154,0.0004983324947989,5.551115123125783e-17,3.654053592648129e-06,-4.831578828888249e-06,17795.551996396953,-23530.200117251297,97.47387025973624,52.72061686099914,0.012959731218321951,0.32421680522218277,16977.198769583625,0.036889871407273254,784.7141132414953,16192.484656342123,6.803104038369107e-05,0.03682184036688959
11445.603379941713,71914.84698865478,1.0130383729336399,0.07868311722555837,26.609393398253793,53.07063697426651,0.011806141044324337,0.011882679671960144,0.023612282088648674,0.023765359343920288,0.9894260908449912,0.000854822713808938,0.0008555540608530468,0.0,1.0941150613582108e-06,-1.4086637396217443e-05,5658.4843358664175,-72852.49958315851,97.22445559806842,53.654269892998855,0.02276577457871229,0.9902725983549276,17892.1511161653,0.03689005105743832,808.9229522454765,17083.22816391982,6.80358265449183e-05,0.03682201523089343
11794.756450395776,74108.6404308884,0.5920801184161325,-0.7367535264260492,27.2295119971168,54.25874084517482,0.0040770007486765,0.0040333967787491,0.0081540014973531,0.0080667935574983,0.5839261169187794,0.0002930817712908,0.0002931676933977,-1.1102230246251563e-16,-9.941533431761231e-06,-7.98935340027307e-06,-54599.80217609711,-43878.25260197899,86.37573710464315,52.64512534800088,0.00798281322453973,0.5840973051915911,19013.015215560034,0.03689026312279577,830.3948799327401,18182.62033562729,6.803991545063093e-05,0.03682222320734517
12154.560585941012,76369.35648880867,0.2052881617051422,-0.5911487614876255,27.867007255070337,55.47058410604673,0.0010546628032172532,0.001053171648203851,0.0021093256064345063,0.002106343296407702,0.20317883609870768,7.513904991089588e-05,7.514469621197509e-05,2.7755575615628914e-17,-7.740653956855768e-06,-2.6880960000654918e-06,-45145.6505039662,-15677.724804192205,94.54512599696399,53.67938534999848,0.002094057794519166,0.203194103910623,19586.80802504049,0.0368903660300774,837.6462796647668,18749.161745375714,6.804121978171146e-05,0.036822324810295716
12525.340701914516,78699.03666568773,0.1012378140146528,-0.4540587285509588,28.52234780492516,56.70653314901286,0.0005152352277113,0.0005215027182995,0.0010304704554227,0.001043005436599,0.1002073435592301,3.60007466968379e-05,3.600204279726122e-05,0.0,-5.769558914422208e-06,-1.2863920360894568e-06,-35733.98452660746,-7967.31843709324,94.6166386033658,52.34077474600053,0.0010268627863512852,0.10021095122830152,19814.11549869304,0.03689040425330693,839.9606302546052,18974.15486843843,6.804160898372408e-05,0.03682236264432324
12907.431625335888,81099.78474173558,0.06371394314224951,-0.36521371077202575,29.196012988193036,57.966955592712246,0.0003557798846054554,0.00035196469513111485,0.0007115597692109109,0.0007039293902622297,0.0630023833730386,2.4318742648581455e-05,2.431933406420795e-05,0.0,-4.503263626840176e-06,-7.85624072186483e-07,-29618.753328341765,-5167.187073883615,93.02275072553812,47.63924025099914,0.0007100275932028206,0.06300391554904669,19940.16863711716,0.03689042414713382,841.2879303526164,19098.880706764536,6.8041818177815e-05,0.03682238232895602
13301.178397267551,83573.768673886,0.0493340434167947,-0.3028345111872576,29.88849304439852,59.25222020417401,0.0002831666274797,0.0002848944340109,0.0005663332549594,0.0005697888680219,0.0487677101618353,1.891697928838365e-05,1.891733714725866e-05,6.938893903907228e-18,-3.623559353520972e-06,-5.903053577648457e-07,-25309.02138443321,-4123.031932262652,91.80048862048042,44.23764544000005,0.0005654106997443821,0.04876863271705033,20029.193196679153,0.036890437337976756,842.2923297739084,19186.900866905242,6.804196693898108e-05,0.036822395371037805
13706.936584398345,86123.22255353403,0.03969477635549038,-0.25389124867564217,30.60028931716212,60.562696813313785,0.0002485902363254883,0.00024765439398100536,0.0004971804726509766,0.0004953087879620107,0.03919759588283941,1.6226525155284375e-05,1.6226788459675506e-05,-6.938893903907228e-18,-2.9479998674901403e-06,-4.609067703059554e-07,-21865.93251408698,-3418.642058276658,88.73985618430929,45.04278358200099,0.0004965444215544579,0.03919823193393593,20101.441541705546,0.036890447412951034,843.1541237435732,19258.28741796197,6.804208695921093e-05,0.036822405325991854
14125.072600132466,88750.44862399726,0.0361082357566027,-0.2095083663766695,31.331914476625315,61.8987562179467,0.0002269412110574,0.0002262927702616,0.0004538824221149,0.0004525855405232,0.0356543533344877,1.44695898200761e-05,1.446979919213519e-05,0.0,-2.3606457164434045e-06,-4.0685130403768374e-07,-18593.96150641021,-3204.6221224195524,84.63072228354896,44.00028650800232,0.0004533665107819218,0.03565486924582078,20164.833480635938,0.0368904557220913,843.9485076886722,19320.88497294726,6.80421910778038e-05,0.03682241353101352
14555.96403547314,91457.81935951932,0.03715305427762027,-0.16510962394402193,32.08389275738416,63.26077007734236,0.0002527884134578685,0.00025542472383642664,0.000505576826915737,0.0005108494476728533,0.036647477450704534,1.573973742574047e-05,1.5739985168974115e-05,0.0,-1.8053089949037432e-06,-4.0623157798648327e-07,-15100.566161190522,-3397.937326777011,86.49965029496528,44.343477025999164,0.0005049999961641827,0.03664805428145609,20227.96880547145,0.03689046350050371,844.774411528193,19383.194393943253,6.804229270985026e-05,0.036822421207793894
15000.0,94247.7796076938,0.0479610063767543,-0.1170724806147249,32.856760210989115,64.64911079275197,0.0004048376204169,0.000398415880078,0.0008096752408338,0.000796831760156,0.0471513311359204,2.4606658585106505e-05,2.460726408765261e-05,6.938893903907228e-18,-1.2421775993242375e-06,-5.08882082701491e-07,-11033.8213511026,-4520.218358759539,88.80258587245125,43.59023310499833,0.0008085149755764857,0.04715249140117774,20303.556213506377,0.03689047224014707,845.9409073029877,19457.615306203385,6.804242716025165e-05,0.03682242981298685
