freq_Hz,omega_rad_s,Zmot_real_ohm,Zmot_imag_ohm,Zblocked_real_ohm,Zblocked_imag_ohm,radiated_power_far_W,radiated_power_boundary_flux_W,Rac_far_ohm,Rac_boundary_flux_ohm,Rinternal_far_ohm,eta_far,efficiency_odds_far,odds_identity_residual_ohm,A0_estimate_real_ohm_s,A0_estimate_imag_ohm_s,Ainf_estimate_real_ohm_per_s,Ainf_estimate_imag_ohm_per_s,axis_SPL_dB,solve_seconds,useful_efficiency_budget_ohm,internal_loss_penalty_budget_ohm,cumulative_moment_0,cumulative_moment_2,cumulative_useful_moment_0,cumulative_internal_moment_0,cumulative_useful_moment_2,cumulative_internal_moment_2
1.0,6.283185307179586,0.0019937249127104,0.233021344022125,5.565248120235789,0.0116992918174996,1.637321249023879e-09,-6.199045678436163e-08,3.274642498047758e-09,-1.2398091356872326e-07,0.0019937216380679,5.881983555108893e-10,5.88198355856867e-10,0.0,0.0370864987470382,-0.0003173111750233,1.464116285019056,-0.0125269430781004,24.292675496849466,42.94946453100056,3.2734697942582104e-09,0.0019937216392406,0.0,0.0,0.0,0.0,0.0,0.0
1.0305054315498965,6.474856586483067,0.0021161398656993,0.2401386510026242,5.565252896696232,0.0120557525425806,1.8470520405806543e-09,-6.959980233591182e-08,3.694104081161309e-09,-1.3919960467182365e-07,0.0021161361715953,6.63527791475911e-10,6.635277919161802e-10,0.0,0.0370878717999621,-0.0003268242064414,1.5548633261135003,-0.013701702147343,24.81612215805687,49.90790743099933,3.6926999659999766e-09,0.0021161361729994,0.0002507463973542,6.160726924109107e-06,4.250120295730276e-10,0.0002507459723421,1.0432812347176848e-11,6.160716491296875e-06
1.0619414444538378,6.67237488087742,0.0022460602030612,0.24747055419705,5.5652579565067954,0.0124230513270497,2.0835999726292674e-09,-7.813365551390858e-08,4.167199945258535e-09,-1.5626731102781717e-07,0.0022460560358612,7.4848620364735e-10,7.484862042075819e-10,4.336808689942023e-19,0.0370888264845975,-0.0003366208049098,1.651216309581211,-0.0149865556798441,25.339468102070665,42.446385338000255,4.165518803301815e-09,0.0022460560375423,0.0005250067526564,1.250613785918565e-05,9.190741628405599e-10,0.0005250058335823,2.1853212765712198e-11,1.2506116005973049e-05
1.0943364264976223,6.875918556081274,0.002383973286911,0.2550254548303942,5.565263315952491,0.0128015160127305,2.3504231720752718e-09,-8.770338934084355e-08,4.7008463441505435e-09,-1.754067786816871e-07,0.0023839685860646,8.44314680859162e-10,8.443146815720294e-10,0.0,0.037089656131084,-0.0003467134270813,1.7535342571413746,-0.0163920061606735,25.862778594588946,50.06461309700171,4.698833524472924e-09,0.0023839685880774,0.000824986456196,1.904177564560746e-05,1.4933952318166446e-09,0.0008249849628007,3.4354478936705636e-11,1.904174129112853e-05
1.1277196314487037,7.085671418936472,0.0025303734932549,0.2628097526618254,5.565268992214048,0.0131914842512454,2.651385060818708e-09,-9.843182075786404e-08,5.302770121637417e-09,-1.968636415157281e-07,0.0025303681904848,9.523996418221838e-10,9.523996427292487e-10,0.0,0.0370903104481342,-0.0003571113227876,1.86218355305366,-0.0179293951403912,26.386038846922,42.72426474299937,5.3003601998768255e-09,0.0025303681928947,0.0011530997477219,2.5773391238819068e-05,2.161005498707709e-09,0.0011530975867164,4.8038753343389194e-11,2.577334320006568e-05
1.162121205473336,7.301822883391894,0.0026858018194821,0.2708315010293706,5.565275003415294,0.013593303792165,2.990872911987403e-09,-1.1045693462507442e-07,5.981745823974806e-09,-2.2091386925014883e-07,0.0026857958377362,1.0743153612631407e-09,1.0743153624172942e-09,-4.336808689942021e-19,0.0370909436389344,-0.0003678262075612,1.977563651759634,-0.0196112491857501,26.90928267405208,49.90670110899737,5.9788604322460094e-09,0.0026857958406215,0.0015119890300151,3.27069358041686e-05,2.937051385739983e-09,0.0015119860929637,6.301785034048599e-11,3.270687278631814e-05
1.1975722143595855,7.524568141550671,0.0028508442063759,0.2790993678751548,5.565281368673097,0.0140073327793731,3.373850149813737e-09,-1.2393297838423577e-07,6.747700299627475e-09,-2.478659567684715e-07,0.0028508374586756,1.2118426864972026e-09,1.2118426879657652e-09,-4.336808689942022e-19,0.0370917456822495,-0.0003788714717903,2.100102211840321,-0.0214513714918205,27.43255274308812,50.75090341000032,6.7442455330985994e-09,0.0028508374621303,0.0019045484049405,3.9848600441028267e-05,3.839145271016239e-09,0.0019045445657952,7.941428306007523e-11,3.984852102674499e-05
1.2341046715707895,7.754108339935275,0.0030260983154498,0.2876204737046279,5.565288108150043,0.0144339400558847,3.8058770578207305e-09,-1.3903026984055517e-07,7.611754115641461e-09,-2.780605396811104e-07,0.0030260907036957,1.36697640136817e-09,1.3669764032367942e-09,-4.336808689942021e-19,0.0370926560599266,-0.0003902574200394,2.23024031388919,-0.0234646941852936,27.955833673161617,49.784670827997616,7.60761752105545e-09,0.0030260907078322,0.0023339467073631,4.720480336904565e-05,4.887762916870123e-09,0.0023339418196002,9.736220691896816e-11,4.720470600683853e-05
1.2717515671547996,7.99065076112965,0.0032122345529874,0.296404857952272,5.56529524311,0.0148735054772965,4.293301778827438e-09,-1.5594108357423925e-07,8.586603557654876e-09,-3.1188216714847845e-07,0.0032122259663838,1.541993719519711e-09,1.5419937218974562e-09,0.0,0.0370939572774381,-0.0004019991173451,2.3684677037988484,-0.0256678444757561,28.47919109338294,51.166786056001,8.581650325381397e-09,0.003212225971337,0.0028036544395958,5.4782204820908753e-05,6.106714269262874e-09,0.0028036483328815,1.1700859675389384e-10,5.478208781231178e-05
1.3105468975351136,8.234409010962416,0.0034098531281704,0.3054569122771112,5.565302795976758,0.0153264202340835,4.843116071991161e-09,-1.748730959782392e-07,9.686232143982322e-09,-3.497461919564784e-07,0.0034098434419383,1.739402399500576e-09,1.739402402526096e-09,0.0,0.0370951833787292,-0.000414098100256,2.5152571509154007,-0.0280781253246651,29.002516085862744,50.17251173900149,9.680301054107174e-09,0.0034098434478693,0.0033174665983916,6.258762579202e-05,7.523671143575853e-09,0.0033174590747205,1.3851424347804592e-10,6.25874872777763e-05
1.3505256962108,8.485603211400178,0.0036198023749095,0.3147908347236247,5.565310790395942,0.0157930871829668,5.4635127731848985e-09,-1.9606808562669672e-07,1.0927025546369797e-08,-3.921361712533936e-07,0.003619791447884,1.962140731391841e-09,1.962140735241837e-09,0.0,0.037097048598821,-0.0004265816212153,2.671190118050133,-0.0307162066571664,29.525976939518543,51.79789606899794,1.0919923006116823e-08,0.0036197914549865,0.0038795409626258,7.06281589905209e-05,9.170815564331298e-09,0.0038795317918102,1.6205534575294578e-10,7.062799693517504e-05
1.391724065392934,8.744460199325125,0.00384266864628,0.3244075476527363,5.565319251300357,0.0162739211875217,6.1632730813788125e-09,-2.1977803090814497e-07,1.2326546162757625e-08,-4.3955606181628994e-07,0.0038426563197338,2.2133574745974947e-09,2.213357479496446e-09,-4.336808689942021e-19,0.0370986361945787,-0.0004394403495114,2.8367688888100218,-0.0336020630365905,30.049361104538125,52.0665889640004,1.2318040990651208e-08,0.0038426563282389,0.0044944242349096,7.891107382986216e-05,1.1085548003891292e-08,0.0044944131493616,1.8782465450632412e-10,7.891088600520754e-05
1.4341792086061216,9.01121373137643,0.0040792059251993,0.3343138610635314,5.565328204979024,0.0167693494682714,6.9524703267688e-09,-2.4628852325164894e-07,1.39049406535376e-08,-4.925770465032979e-07,0.0040791920202586,2.4966642997446035e-09,2.4966643059779363e-09,0.0,0.0370997593697587,-0.0004526810756908,3.012573655405166,-0.036758596446268,30.5726278700374,51.1497074780018,1.3894756280423388e-08,0.0040791920304429,0.0051670728738078,8.744361310612642e-05,1.3311284128214726e-08,0.0051670595625236,2.1603237357225582e-10,8.744339707375264e-05
1.47792946428454,9.286104695040418,0.0043303979557533,0.3445239741648184,5.565337679150067,0.0172798119624172,7.842774658319802e-09,-2.759269871890758e-07,1.5685549316639604e-08,-5.518539743781516e-07,0.004330382270204,2.816244899963648e-09,2.816244907894883e-09,0.0,0.0371010219547518,-0.000466330942625,3.199285694045904,-0.0402125287883144,31.09592305701731,51.826180520998605,1.5673353899621905e-08,0.0043303822823994,0.0059029175136996,9.62333413129378e-05,1.5898508888823982e-08,0.0059029016151907,2.469088588391057e-10,9.62330944040787e-05
1.5230143403928469,9.569381326180142,0.0045971560472954,0.3550478403719823,5.565347703037724,0.0178057616934412,8.847186635379451e-09,-3.090502728533667e-07,1.76943732707589e-08,-6.181005457067334e-07,0.0045971383529222,3.176759145451499e-09,3.176759155543297e-09,0.0,0.0371024863854713,-0.0004804026394808,3.3975881735562354,-0.0439919392325254,31.619266740047763,51.62199444400176,1.7679769269406948e-08,0.0045971383675262,0.0067079128460549,0.0001052882060727,1.8905951740625497e-08,0.0067078939401032,2.807068164865506e-10,0.0001052879253659
1.569474550103211,9.861299433200786,0.0048805661166946,0.3658995881350244,5.565358307453682,0.0183476651507575,9.9806002108399e-09,-3.460611456367025e-07,1.99612004216798e-08,-6.92122291273405e-07,0.0048805461554941,3.58354477693794e-09,3.583544789779732e-09,0.0,0.0371046017427604,-0.00049492119672,3.608245401084317,-0.0481287238802595,32.142770594370425,51.48547925400271,1.994371076593299e-08,0.0048805461729837,0.007588586764686,0.0001146165140776,2.24019412855767e-08,0.0075885643627447,3.1770346707797187e-10,0.0001146161963741
1.6173520485606887,10.162122628053323,0.0051813954350727,0.3770786252620836,5.565369524882999,0.018906002679591,1.1258994205575546e-08,-3.873764276305896e-07,2.2517988411151093e-08,-7.747528552611792e-07,0.0051813729170843,4.042327003783199e-09,4.042327020123607e-09,0.0,0.0371062856711774,-0.0005098733428751,3.831919230331059,-0.0526539757956454,32.66618917580439,50.20182684100291,2.2497043607407025e-08,0.0051813729380291,0.0085520698620339,0.0001242266900162,2.6465855589664253e-08,0.0085520433961783,3.58201730610686e-10,0.0001242263318144
1.6666900707701413,10.472122564285057,0.0055009011865368,0.3886017179679352,5.565381389574855,0.0194812688812717,1.2701371025791644e-08,-4.334898962162765e-07,2.5402742051583287e-08,-8.669797924325529e-07,0.0055008757837947,4.5599136233250785e-09,4.559913644117891e-09,0.0,0.0371082094945348,-0.0005252899928136,4.069484819251952,-0.0576061114394349,33.18968862374815,51.33437385200159,2.537765853304217e-08,0.0055008758088782,0.0096061566379637,0.0001341273210116,3.118994182461708e-08,0.0096061254480219,4.0253288167143776e-10,0.0001341269184787
1.7175331706389114,10.791579182351978,0.0058401106139119,0.4004747979012752,5.565393937638401,0.0200739730241282,1.4328488732284717e-08,-4.849230832153473e-07,2.8656977464569443e-08,-9.698461664306946e-07,0.0058400819569344,5.1437396484104055e-09,5.143739674868463e-09,0.0,0.0371099346197813,-0.0005411729381981,4.321755492088018,-0.0630240161237245,33.71317608236569,51.0552140189975,2.8626937603303063e-08,0.0058400819869742,0.01075938102913,0.0001443273112583,3.668146397408268e-08,0.010759344347666,4.5105987700547525e-10,0.0001443268601984
1.7699272612105128,11.1207809624145,0.0062004987985918,0.4127170288980696,5.565407207143978,0.0206846394651543,1.6164717359553894e-08,-5.422825963564001e-07,3.2329434719107795e-08,-1.0845651927128e-06,0.0062004664691571,5.802532487099879e-09,5.8025325207692625e-09,0.0,0.0371122343199593,-0.000557559655167,4.589735677833928,-0.0689543889968541,34.23684331313654,51.99993430299946,3.229345631077657e-08,0.0062004665051355,0.0120210945893219,0.0001548359354756,4.306520124686653e-08,0.0120210515241207,5.041807070421956e-10,0.0001548354312949
1.8239196561256648,11.460025184844824,0.0065833161376803,0.4253380715372318,5.56542123822998,0.0213138080825748,1.823689050334524e-08,-6.062137792989046e-07,3.647378100669048e-08,-1.2124275585978092e-06,0.0065832796638993,6.5458993528819375e-09,6.545899395730736e-09,0.0,0.0371149334034374,-0.0005744591335092,4.874385011890007,-0.0754449687376121,34.76066040721583,50.74950938900293,3.643068752031664e-08,0.0065832797069927,0.0134015521584448,0.0001656629169915,5.0486363474734775e-08,0.0134015016720813,5.623322181436151e-10,0.0001656623546593
1.8795591123481168,11.809618198681196,0.0069896700423139,0.4383391388192296,5.5654360732156665,0.0219620347195209,2.05744609171075e-08,-6.773988174937589e-07,4.1148921834215e-08,-1.3547976349875178e-06,0.0069896288933921,7.384382265479383e-09,7.384382320008483e-09,8.673617379884035e-19,0.0371171304139349,-0.0005918624907869,5.176617870993816,-0.0825453345344874,35.284427965301155,53.31274348599982,4.10973077421912e-08,0.0069896289450061,0.0149119392991843,0.0001768179827296,5.9113594471580325e-08,0.0149118801855898,6.259912512224837e-10,0.0001768173567383
1.936895874193836,12.169875698271472,0.0074211904795669,0.4517379989696384,5.565451756720213,0.0226298916389061,2.3212119185046912e-08,-7.566343197666494e-07,4.6424238370093824e-08,-1.5132686395332988e-06,0.0074211440553286,8.330395975278921e-09,8.330396044674416e-09,0.0,0.0371193601454614,-0.0006098000229058,5.497595295646386,-0.0903149656695258,35.808282590911126,50.61109112199847,4.636241730100834e-08,0.0074211441171496,0.0165644834546542,0.0001883110588336,6.91429093233683e-08,0.0165644143117448,6.956794446084953e-10,0.0001883103631542
1.9959817187033329,12.541123008355838,0.0078797065695341,0.4655549675649191,5.565468335788318,0.0233179679896822,2.6189431925272053e-08,-8.448068948716019e-07,5.23788638505441e-08,-1.689613789743204e-06,0.0078796541906702,9.398096701024394e-09,9.398096789348616e-09,0.0,0.0371222710481933,-0.0006283094874585,5.838582115382764,-0.0988203693582773,36.33238741317679,51.89018245000261,5.2304810097793577e-08,0.0078796542647239,0.0183726163024522,0.000200152721406,8.080258223590576e-08,0.0183725354998699,7.719704599383103e-10,0.0002001519494355
2.0568700023980817,12.923695377846068,0.0083666078219153,0.4797937813708554,5.565485860022697,0.0240268702845615,2.954922355927529e-08,-9.428284103015126e-07,5.909844711855058e-08,-1.8856568206030253e-06,0.0083665487234681,1.0602800748582375e-08,1.0602800861001761e-08,0.0,0.0371251230660638,-0.0006473850997956,6.2007086746218105,-0.1081274908363375,36.85657998416222,50.709271897998406,5.9009738268541777e-08,0.0083665488121769,0.0203510367017735,0.0002123538586747,9.435808583647037e-08,0.0203509423436876,8.55492677443903e-10,0.0002123530031821
2.119615709463271,13.317938282566658,0.0088837482989474,0.4944700525118866,5.565504381723775,0.0247572228893319,3.3341151750831735e-08,-1.0517376580122109e-06,6.668230350166347e-08,-2.1034753160244213e-06,0.0088836816166439,1.1962264188696103e-08,1.1962264331791873e-08,0.0,0.0371281231389361,-0.0006670513190901,6.5853216419308005,-0.1183132115632393,37.380918550829286,54.09249481199731,6.65760345539257e-08,0.0088836817229128,0.0225158082856332,0.0002249255331704,1.101180220626182e-07,0.0225156981676111,9.469334870099954e-10,0.0002249245862369
2.1842755014003874,13.724207737231238,0.0094332710233097,0.5096038816430067,5.565523956036943,0.0255096685238608,3.762199223024303e-08,-1.1726907649919429e-06,7.524398446048605e-08,-2.3453815299838854e-06,0.0094331957793253,1.3496782378035064e-08,1.3496782560198202e-08,0.0,0.0371317522584961,-0.0006873453975575,6.993909535368025,-0.1294641711655074,37.90552453307957,52.06379161000223,7.511666666820472e-08,0.009433195906643,0.0248845576022037,0.0002378793959443,1.2844166322268017e-07,0.0248844291605405,1.0470478647711755e-09,0.0002378783488964
2.250907768194472,14.142870616935902,0.0100166248590141,0.5251951712285288,5.565544641107709,0.0262848687748328,4.245278666779949e-08,-1.3068530859107308e-06,8.4905573335599e-08,-2.6137061718214616e-06,0.0100165399534407,1.5228166149632932e-08,1.5228166381529976e-08,0.0,0.0371349767281059,-0.000708245527398,7.427767355324579,-0.1416638293994206,38.43016352394271,53.57089518800058,8.475303979862074e-08,0.0100165401059742,0.0274765389053001,0.0002512272542841,1.4974662508985925e-07,0.027476389158675,1.156661569474429e-09,0.0002512260976226
2.319572681042258,14.574304988459875,0.0106365734526115,0.5412742358475566,5.565566498245118,0.0270835046203051,4.7907245131604735e-08,-1.4556385580663968e-06,9.581449026320948e-08,-2.9112771161327936e-06,0.0106364776381212,1.7182747656648347e-08,1.718274795189517e-08,0.0,0.0371389398174488,-0.0007298168565179,7.888695795637853,-0.1550206655305158,38.95510912787744,51.93859223700201,9.563172634885768e-08,0.0106364778208851,0.0303128390294917,0.0002649813175917,1.7451883358302885e-07,0.0303126645106581,1.2766799701859232e-09,0.0002649800409117
2.390332246688802,15.018900451672652,0.0112950383835923,0.5578463307453043,5.565589592093786,0.0279062769660977,5.406436750723273e-08,-1.6204545318909888e-06,1.0812873501446545e-07,-3.2409090637819776e-06,0.0112949302548573,1.9388734424152804e-08,1.9388734800075843e-08,0.0,0.0371429541423704,-0.0007520549470273,8.378238508794583,-0.1696390570809956,39.48020489677946,52.99426141099684,1.0790974060716869e-07,0.0112949304738517,0.0334165816844085,0.0002791543860495,2.0332384516876657e-07,0.0334163783605633,1.408096626669467e-09,0.0002791529779529
2.4632503634216767,15.477058491355857,0.0119944944817862,0.5749294148444355,5.565613990814941,0.0287539071940069,6.10155451574569e-08,-1.8028909557780544e-06,1.220310903149138e-07,-3.605781911556109e-06,0.0119943724506958,2.1878747968166463e-08,2.1878748446846093e-08,0.0,0.0371472017867956,-0.0007749854074975,8.898216181948323,-0.1856394926688501,40.00549589886773,51.42386966599952,1.217686684572873e-07,0.0119943727131176,0.0368130394366721,0.0002937594580502,2.3681927925513255e-07,0.0368128026173927,1.5519987346161459e-09,0.0002937579060514
2.538392878773294,15.949192839757654,0.012737238379366,0.5925326081952251,5.56563976627681,0.029627137721848,6.886197634127879e-08,-2.004608124959913e-06,1.3772395268255758e-07,-4.009216249919826e-06,0.0127371006554134,2.4688892946389563e-08,2.4688893555931013e-08,0.0,0.0371512598880977,-0.0007986133534993,9.450416831950212,-0.203148671158472,40.53088389795644,50.47236894699745,1.374094877602649e-07,0.0127371009698783,0.0405298486690545,0.0003088098288529,2.75769876419895e-07,0.040529572899178,1.7095765232531924e-09,0.0003088081192763
2.6158276489834567,16.435729850206975,0.0135265521593966,0.6106849985605257,5.565666994254751,0.0305267325752442,7.772253514482427e-08,-2.227528932255616e-06,1.5544507028964854e-07,-4.455057864511231e-06,0.0135263967143263,2.7861566191686612e-08,2.7861566967953504e-08,0.0,0.0371559403887887,-0.000822996744451,10.037053659914836,-0.222318757096577,41.05655758219445,51.72502049800096,1.5506820368175722e-07,0.0135263970911929,0.0445973098394884,0.0003243193895262,3.210657620767187e-07,0.0445969887737262,1.8821359516898603e-09,0.0003243175073902
2.695624600275847,16.937108882125045,0.0143650605069117,0.6293977032958645,5.565695754641468,0.0314534779711015,8.772711655254922e-08,-2.473598277962317e-06,1.7545423310509845e-07,-4.947196555924634e-06,0.0143648850526786,3.1443068259899044e-08,3.1443069248565615e-08,1.734723475976807e-18,0.0371608701152127,-0.0008481412386781,10.660177430881491,-0.2433025939038784,41.582426257535445,50.77653060300145,1.7500255702963938e-07,0.0143648855043546,0.0490486411542876,0.0003403026472519,3.737430429077775e-07,0.0490482674112446,2.0711101373143382e-09,0.0003403005761418
2.7778557920037783,17.453782697781854,0.0152557895192108,0.6486859864778648,5.565726131667688,0.0324081829126022,9.902315139979105e-08,-2.74492380419508e-06,1.980463027995821e-07,-5.48984760839016e-06,0.015255591472908,3.548592444776525e-08,3.5485925707016135e-08,0.0,0.0371659254449354,-0.0008740678042903,11.32202424708091,-0.2662712351514037,42.108455572552224,51.77094836499964,1.975049440139579e-07,0.0152555920142667,0.0539201567495724,0.0003567743617324,4.350065143845951e-07,0.0539197217430579,2.2780670735751848e-09,0.0003567720836653
2.862595481722232,17.986217871155798,0.0162027955117127,0.6685847846685967,5.565758214133626,0.0333916797956473,1.1178337366257604e-07,-3.0439303830338745e-06,2.235667473251521e-07,-6.087860766067749e-06,0.0162025719449654,4.005164975872105e-08,4.0051651362855764e-08,0.0,0.0371720608222362,-0.0009008450596885,12.025311602389165,-0.2914270101954516,42.63486135812162,51.5092926819998,2.2291780756243075e-07,0.0162025725939051,0.0592517382185764,0.0003737501428469,5.062595014229183e-07,0.059251231959075,2.50472994763335e-09,0.000373747638117
2.949920192244952,18.534895209265866,0.0172083868364495,0.6890874307566645,5.565792095651578,0.0344048250264387,1.2618879504492646e-07,-3.372826382529922e-06,2.523775900898529e-07,-6.745652765059844e-06,0.0172081344588594,4.5204651312761924e-08,4.5204653356222544e-08,0.0,0.0371778433585197,-0.0009284318385488,12.772163319097022,-0.3189556467341031,43.161298851656944,52.371032574999845,2.51599702336733e-07,0.0172081352367471,0.0650869818721266,0.0003912458788725,5.891337098027315e-07,0.0650863927384168,2.752983893444128e-09,0.0003912431258886
3.039908780747137,19.100310186356623,0.0182771832982398,0.7102316729774184,5.565827874899941,0.0354484996500969,1.424591587915724e-07,-3.734363927730737e-06,2.849183175831448e-07,-7.468727855461473e-06,0.0182768983799222,5.102309405243877e-08,5.102309665579504e-08,3.469446951953614e-18,0.0371843004667399,-0.0009569050512747,13.565645258043691,-0.3490998703292778,43.68799686287743,51.685024231999705,2.83985773630538e-07,0.0182768993124661,0.0714735746093586,0.0004092777830603,6.855268718118626e-07,0.0714728890824867,3.0248919695541473e-09,0.0004092747581683
3.1326425099761472,19.682973391328307,0.0194130340936372,0.7320346829261442,5.565865655888946,0.036523609989931,1.6083505101081473e-07,-4.131261630220599e-06,3.2167010202162946e-07,-8.262523260441198e-06,0.0194127124235352,5.7592489090751624e-08,5.759249240764663e-08,-3.469446951953614e-18,0.0371912651799171,-0.000986285644332,14.40861918556475,-0.3821062335100112,44.214902710244274,51.45563641999979,3.205520755287653e-07,0.0194127135415616,0.0784638834377603,0.0004278630128481,7.976489702371161e-07,0.07846308578879,3.322720496856684e-09,0.0004278596901276
3.22820512163452,20.283410988815906,0.0206199774733271,0.7545134390688429,5.565905548238359,0.0376310882971428,1.8158744115283138e-07,-4.566370518604601e-06,3.631748823056628e-07,-9.132741037209202e-06,0.0206196142984448,6.500907954938535e-08,6.500908377556604e-08,0.0,0.0371985480886264,-0.0010165931896117,15.304106181218248,-0.418243477671621,44.74195666694765,51.51369439100017,3.6183442007231533e-07,0.020619615638907,0.0861152017135382,0.0004470191134887,9.280702415972044e-07,0.0861142736432966,3.648949671083519e-09,0.000447015464539
3.3266829120015657,20.90216519433364,0.021902485740029,0.7776894060520163,5.5659476674673405,0.0387718934105766,2.0502383391357445e-07,-5.042724752630331e-06,4.100476678271489e-07,-1.008544950526066e-05,0.0219020756923612,7.338200856939327e-08,7.338201395431288e-08,0.0,0.0372061649509324,-0.0010478572691582,16.255392435182454,-0.4578093751046246,45.26914512885375,52.18081214599806,4.084404494030636e-07,0.0219020772995796,0.0944902381499688,0.0004667640990251,1.0797801758396049e-06,0.0944891583697929,4.006294665822885e-09,0.0004667600927304
3.4281648098618387,21.539794763914006,0.0232656147607599,0.8015894035504632,5.565992135296664,0.0399470114261449,2.3149406453308134e-07,-5.563561960065942e-06,4.629881290661627e-07,-1.1127123920131884e-05,0.0232651517726308,8.283535127028378e-08,8.283535813197975e-08,3.469446951953614e-18,0.0372143473202158,-0.0010801223974397,17.266071237405217,-0.5011365670030578,45.79650330325225,50.79804331000196,4.6106095188708187e-07,0.0232651536998079,0.103657727273096,0.0004871166901953,1.256257480629786e-06,0.1036564710156153,4.397731611965609e-09,0.0004871122924637
3.5327424568108428,22.1968754986834,0.0247144522074341,0.8262350491376881,5.566039079963399,0.0411574563755245,2.6138995034544266e-07,-6.132178629679249e-06,5.227799006908853e-07,-1.2264357259358498e-05,0.0247139294275334,9.350794981081828e-08,9.350795855455577e-08,0.0,0.037223033898924,-0.0011134203194003,18.339836518357824,-0.5485836186665778,46.32399653186194,51.96051942199847,5.204689516022552e-07,0.0247139317384824,0.1136930122810747,0.0005080963391053,1.4615496560637812e-06,0.1136915507314186,4.826521638495139e-09,0.0005080915125837
3.6405102900104978,22.87400076483005,0.0262541628523245,0.8516464444336506,5.566088636548126,0.0424042709136802,2.9515200459758546e-07,-6.751947947371878e-06,5.903040091951709e-07,-1.3503895894743756e-05,0.0262535725483153,1.055557626507547e-07,1.055557737927749e-07,-3.469446951953614e-18,0.0372320720450049,-0.0011477731037192,19.48056142134012,-0.6005377411640447,46.851567757251246,51.21077350099949,5.875327930300088e-07,0.0262535753195314,0.1246785666934296,0.0005297230140573,1.7003635504646933e-06,0.1246768663298791,5.296233239839164e-09,0.0005297177178241
3.7515656274691054,23.571782029433848,0.0278907663022779,0.8778507238438215,5.566140947314701,0.0436885270147028,3.332815613979391e-07,-7.426435735977828e-06,6.665631227958782e-07,-1.4852871471955656e-05,0.0278900997391551,1.1915612154527689e-07,1.1915613574345989e-07,0.0,0.0372415934759475,-0.0011832268882959,20.692505916827287,-0.6574350639111735,47.37922557459777,51.98165740799959,6.63239846285461e-07,0.0278901030624316,0.1367047334513032,0.0005520173323899,1.978173505551041e-06,0.1367027552777976,5.810772966856601e-09,0.0005520115216169
3.8660087559228073,24.290849412641816,0.029631017597406,0.9048831404806066,5.566196162062508,0.045011326675506,3.763510160762216e-07,-8.159434105758364e-06,7.527020321524431e-07,-1.6318868211516727e-05,0.0296302648953739,1.3451130779885674e-07,1.345113258921511e-07,0.0,0.0372520172147489,-0.0012198427932283,21.980380101452823,-0.7197625864019307,47.90704540257369,52.122066215000814,7.487164259348308e-07,0.0296302688809801,0.1498706792587385,0.0005750009353671,2.3013508916164748e-06,0.1498683779078468,6.374425388684478e-09,0.0005749945609417
3.9839430213979097,25.031852256688,0.0314816342562368,0.9327714376675418,5.5662544384910655,0.0463738026268217,4.250008632066432e-07,-8.95468247706387e-06,8.500017264132864e-07,-1.790936495412774e-05,0.0314807842545104,1.5184741033996546e-07,1.5184743339760497e-07,0.0,0.0372633805961492,-0.0012576629940689,23.34899681695236,-0.7880436175012092,48.43501367977515,51.393352036997385,8.452214501228951e-07,0.0314807890347866,0.1642852306739286,0.0005986964551497,2.6773106768681037e-06,0.1642825533632518,6.991888674933632e-09,0.000598689463261
4.105474922535851,25.795459712271512,0.0334489042932714,0.9615301313603892,5.566315942576781,0.0477771190509418,4.799404101349189e-07,-9.815679289856647e-06,9.598808202698378e-07,-1.963135857971329e-05,0.0334479444124511,1.7141448730768688e-07,1.7141451669061838e-07,6.938893903907228e-18,0.0372751694323542,-0.0012966973516412,24.80311176564205,-0.8628298631167092,48.96298900559395,51.87503723500049,9.541473570440828e-07,0.0334479501459143,0.1800674942575928,0.0006231270263462,3.1146721008347256e-06,0.1800643795854919,7.668298293528285e-09,0.0006231193580479
4.230714206765084,26.58236134282232,0.0355410318131341,0.9911987955073956,5.566380848961553,0.0492224723056597,5.419936942722406e-07,-1.074639514559746e-05,1.0839873885444812e-06,-2.1492790291194923e-05,0.0355399478257456,1.935027677313089e-07,1.9350280517463722e-07,0.0,0.0372878384551429,-0.0013370156004869,26.34840454474783,-0.9447645501534756,49.49105748325827,51.98016253199967,1.0771103089444391e-06,0.0355399547028252,0.1973479946915663,0.000648316536406,3.623458613181818e-06,0.1973443712329532,8.409274602243718e-09,0.0006483081271314
4.359773969406729,27.39326774720038,0.0377647829279529,1.021788287984606,5.566449341352825,0.0507110916538147,6.120584868889871e-07,-1.1750154584677472e-05,1.2241169737779745e-06,-2.3500309169354945e-05,0.0377635588109792,2.184279448699817e-07,2.184279925807592e-07,0.0,0.037300708240222,-0.0013786154786813,27.990120153715804,-1.0345008101603184,50.01904266369702,51.32907951499874,1.2158683554341867e-06,0.0377635670595975,0.2162696567930402,0.0006742895285998,4.215321177515934e-06,0.2162654414718628,9.220962945201912e-09,0.0006742803076369
4.492770755803485,28.22891120139058,0.0401307102162103,1.0533570220721789,5.566521612934597,0.0522442399978406,6.91204199494304e-07,-1.283126287608176e-05,1.382408398988608e-06,-2.566252575216352e-05,0.0401293278078113,2.465657435686554e-07,2.465658043633363e-07,0.0,0.0373148299825424,-0.0014216173599438,29.735121839436754,-1.1328462551421397,50.54717424899842,51.28220764899743,1.372513878999115e-06,0.0401293377023312,0.2369893573189688,0.0007010716584843,4.903814215808104e-06,0.2369844535047531,1.0110097242798095e-08,0.000701061548387
4.629824666564024,29.0900463197727,0.0426474694921746,1.0859293418368687,5.566597866788806,0.0538232146188304,7.805970313038809e-07,-1.3993178300374974e-05,1.5611940626077618e-06,-2.798635660074995e-05,0.042645908298112,2.783251523177017e-07,2.783252297826137e-07,0.0,0.0373299282476135,-0.0014660502435565,31.589734854034795,-1.2406168629484544,51.07537548526453,51.20599328600292,1.5493246303814017e-06,0.0426459201675442,0.2596795038283144,0.0007286900237194,5.70471300445079e-06,0.2596737991153101,1.1084065816129424e-08,0.0007286789396536
4.771059466017914,29.97745073656384,0.0453244541623548,1.1195328501713468,5.566678316326319,0.0554493479194306,8.815554258489504e-07,-1.5239240458494324e-05,1.7631108516979007e-06,-3.0478480916988648e-05,0.0453226910515031,3.141678512650441e-07,3.1416794996651386e-07,0.0,0.0373458323727921,-0.0015119515852317,33.560740863976456,-1.358711591813638,51.60359751958782,51.73711924399686,1.7488719147632848e-06,0.04532270529044,0.2845288978181552,0.0007571723564885,6.636353259676837e-06,0.2845222614648957,1.215094473538332e-08,0.0007571602055438
4.916602693979008,30.89192580804848,0.048173643278829,1.154219546988596,5.5667631857267335,0.0571240081701471,9.956072624539285e-07,-1.6573237667525775e-05,1.991214524907857e-06,-3.314647533505155e-05,0.0481716520643041,3.546281259339676e-07,3.546282516951199e-07,-6.938893903907228e-18,0.0373631464143902,-0.0015594250607153,35.65606461177103,-1.4881766140729789,52.13197541893474,51.35766001199954,1.974131496155028e-06,0.0481716691473328,0.311744927637777,0.000786547729586,7.720069127947274e-06,0.3117372075686492,1.3319587334169996e-08,0.0007865344099987
5.06658578091822,31.834297336230367,0.0512033077769527,1.1899915748945968,5.566852710385988,0.0588486002584654,1.124390263263166e-06,-1.799727141700621e-05,2.248780526526332e-06,-3.599454283401242e-05,0.0512010589964261,4.002773413536851e-07,4.002775015756993e-07,0.0,0.0373808022940175,-0.0016084321647231,37.88254562280365,-1.630021324370029,52.66025805142025,52.04957297999863,2.228285894553213e-06,0.051201079491058,0.341554651417683,0.0008168458596912,8.980652193678165e-06,0.3415456707654894,1.4599668557112977e-08,0.0008168312600227
5.221144166649697,32.805416314559785,0.0544284784289972,1.226921312847757,5.566947137370664,0.0606245664404196,1.2698831267050716e-06,-1.9515117575387444e-05,2.539766253410143e-06,-3.903023515077489e-05,0.0544259386627438,4.518051144406318e-07,4.518053185685856e-07,0.0,0.0373999616735002,-0.0016591308553167,40.24966445317692,-1.785548894231292,53.18871619689981,51.4877847989992,2.5151763248542287e-06,0.0544259632526723,0.3742072081335315,0.0008480975779874,1.0446935920497904e-05,0.374196761197611,1.6001782998445718e-08,0.0008480815762044
5.380417422637569,33.80615969640943,0.0578610612106341,1.265036195706802,5.567046725877755,0.0624533870941816,1.434235144234434e-06,-2.1128827978577893e-05,2.8684702884688683e-06,-4.2257655957155786e-05,0.0578581927403457,5.099586334647576e-07,5.09958893522698e-07,6.938893903907228e-18,0.0374202869260291,-0.0017115538035152,42.7660156538024,-1.95606027549042,53.71727271871628,52.59089762599979,2.838964988517779e-06,0.0578582222456456,0.4099766493170979,0.0008803355573095,1.2152478960497777e-05,0.4099644968381374,1.7537558196398822e-08,0.0008803180197513
5.54454937803371,34.83743118699312,0.0615157921842501,1.3043872962714205,5.567151747698476,0.0643365814754055,1.6199249016273403e-06,-2.284067662232965e-05,3.239849803254681e-06,-4.5681353244659305e-05,0.0615125523344468,5.755980043763934e-07,5.755983356896467e-07,0.0,0.0374421204959114,-0.001765795872091,45.44150267504362,-2.143052177132183,54.246007566665625,52.23278505000053,3.2044432805069514e-06,0.0615125877409695,0.4491637620705797,0.0009135936816006,1.4136311793402255e-05,0.4491496257587862,1.9219726537690938e-08,0.0009135744618741
5.713688249560336,35.90016205944215,0.0654052584097395,1.3449946298789714,5.567262487684599,0.0662757084741,1.829670432682362e-06,-2.4651229877882715e-05,3.659340865364724e-06,-4.930245975576543e-05,0.0654015990688741,6.496638946797618e-07,6.496643167432121e-07,1.3877787807814457e-17,0.0374648623494228,-0.0018218652690604,48.28552518173449,-2.3480593764493416,54.77477636906418,52.80193711200263,3.6168517801917298e-06,0.0654016415579592,0.492098328611462,0.0009479068332807,1.64438040912357e-05,0.4920818848073707,2.106221292377125e-08,0.0009478857710677
5.8879867753547455,36.995311995776646,0.069547951417309,1.386929858864193,5.567379244215602,0.0682723673730028,2.066674099149182e-06,-2.656216678982704e-05,4.133348198298365e-06,-5.312433357965408e-05,0.0695438180691107,7.332626544299859e-07,7.332631921045006e-07,0.0,0.0374893407851925,-0.0018799125528458,51.30990284493929,-2.5729481613504643,55.30375584821496,51.80733470599807,4.082354276269875e-06,0.0695438690630327,0.5391426196596183,0.000983311393143,1.9127724622092983e-05,0.5391234919349961,2.3080268311840505e-08,0.0009832883128747
6.067602352897023,38.12386995353086,0.0739608460047511,1.4302385540510325,5.567502329664834,0.0703281986075253,2.3344737413875563e-06,-2.8573535717231405e-05,4.668947482775113e-06,-5.714707143446281e-05,0.0739561770572683,8.276128616617186e-07,8.276135466053344e-07,0.0,0.0375155658592464,-0.001940014119629,54.52622863716757,-2.819673674738254,55.832913179512815,52.91089069299778,4.607740348787375e-06,0.0739562382644022,0.5906954507223402,0.0010198459237915,2.224947735204638e-05,0.590673201244988,2.5290620099688908e-08,0.0010198206331714
6.252697181145312,39.28685505881544,0.0786600694799865,1.4749492061641634,5.567632070862711,0.0724448845274577,2.6369787372294707e-06,-3.0683956951499295e-05,5.273957474458941e-06,-6.136791390299859e-05,0.078654795522512,9.340567833493012e-07,9.340576558121908e-07,0.0,0.0375430714409705,-0.0020021981744842,57.94611568168638,-3.090306748576582,56.36207566876071,51.46182259999841,5.200489360534797e-06,0.0786548689906259,0.6471941349998287,0.0010575499954197,2.5880382538979903e-05,0.6471682546172897,2.771152401770818e-08,0.0010575222838957
6.443438407006971,40.48531752662284,0.0836678943485114,1.5211381103565544,5.567768809554863,0.0746241501609895,2.978732154232706e-06,-3.289350962549073e-05,5.957464308465412e-06,-6.578701925098146e-05,0.0836619368842029,1.0541504082228627e-06,1.0541515194571172e-06,0.0,0.0375725868855114,-0.0020666231478484,61.58375939963216,-3.3873212694834165,56.89130817584616,52.11383284100157,5.869271950578204e-06,0.0836620250765607,0.7091194046243784,0.0010964649449457,3.010330222393524e-05,0.7090893013221543,3.0362923328258524e-08,0.0010964345820223
6.639998276277893,41.72033960920704,0.0890039767305489,1.5688466666418694,5.567912902853051,0.0768677639816024,3.364673481200143e-06,-3.520085696969976e-05,6.729346962400286e-06,-7.040171393939952e-05,0.0889972473835865,1.189578547050461e-06,1.189579962149264e-06,0.0,0.0376038805373398,-0.0021333473687953,65.45281572707121,-3.713276135768461,57.42040430878433,52.47511523900175,6.623477620226331e-06,0.0889973532529286,0.7770001254365094,0.0011366341972951,3.5014448668878635e-05,0.7769651109878404,3.326657959715403e-08,0.0011366009307155
6.842554289186317,42.99303657339413,0.0946912446379107,1.6181332404013726,5.568064723676516,0.0791775386787076,3.800356501132826e-06,-3.760612208893825e-05,7.600713002265652e-06,-7.52122441778765e-05,0.0946836439249085,1.3422285976642709e-06,1.342230399244297e-06,-1.3877787807814457e-17,0.0376371005485744,-0.0022024786380525,69.56846158520096,-4.071064143897908,57.94919593501922,52.72680547200071,7.473625737078416e-06,0.0946837710121736,0.8514172686979606,0.0011781027595571,4.072535476810586e-05,0.8513765433431922,3.6446143929192003e-08,0.0011780663134132
7.0512893606815386,44.30455770770598,0.1007558078505887,1.669072605974137,5.568224661181436,0.0815553319332786,4.292021126556269e-06,-4.011208055381901e-05,8.584042253112538e-06,-8.022416110763802e-05,0.1007472238083356,1.5142127054422995e-06,1.514214998285889e-06,0.0,0.0376727066543727,-0.0022741634961195,73.94752358973236,-4.463941503302944,58.47754370317852,52.87793286300075,8.431489295786293e-06,0.1007473763612929,0.9330105776473948,0.001220918066398,4.7365265415155326e-05,0.9329632123819795,3.9927314842829214e-08,0.0012208781390832
7.26639198561232,45.65608736020683,0.1072205916721559,1.721701847228252,5.56839312117603,0.0840030471997965,4.846377959706821e-06,-4.272326687690303e-05,9.692755919413642e-06,-8.544653375380605e-05,0.1072108989162365,1.707789925426327e-06,1.7077928419777377e-06,-1.3877787807814457e-17,0.0377102363950893,-0.0023484402162242,78.60616994528255,-4.895272700197019,59.00506541084204,53.16284661699683,9.509661913662497e-06,0.1072110820102422,1.0224831165693855,0.0012651293360572,5.508364285402034e-05,1.0224280329265314,4.3737887393189926e-08,0.0012650855981698
7.488056408944133,47.04884600800971,0.1141172487875786,1.7761197025115971,5.568570526518882,0.0865226344963117,5.471188120151352e-06,-4.545394802947742e-05,1.0942376240302705e-05,-9.090789605895483e-05,0.1141063064113383,1.925563513774535e-06,1.92556722157652e-06,0.0,0.0377505476374325,-0.0024255057981262,83.56438237526017,-5.36908486506452,59.53167174095837,53.38940456199998,1.0722656876901864e-05,0.1141065261307017,1.120608566103417,0.0013107880146907,6.405321340877201e-05,1.1205445128900082,4.7907897939039186e-08,0.0013107401067927
7.716482801168939,48.48409135940866,0.1214697416100747,1.832358997613448,5.5687573174980365,0.0891160912045697,6.174646462968547e-06,-4.832882043138802e-05,1.2349292925937094e-05,-9.665764086277603e-05,0.1214573923171488,2.1702636463636527e-06,2.1702683564181693e-06,1.3877787807814457e-17,0.0377929944903023,-0.002505352543572,88.84026104352486,-5.8893500496266284,60.05693552573384,53.42888170000151,1.2085697790738118e-05,0.121457655912284,1.2282371386466897,0.0013579473888191,7.447327374739768e-05,1.228162665372942,5.246971311208488e-08,0.0013578949191059
7.951877439065949,49.96311948963201,0.1293093534646749,1.890533265183255,5.568953952188468,0.0917854628826674,6.966429644386587e-06,-5.14059175117962e-05,1.3932859288773174e-05,-0.0001028118350235,0.1292954206053861,2.445106261578092e-06,2.4451122401373405e-06,0.0,0.0378385754231291,-0.0025880960753763,94.45693942747512,-6.460698678282614,60.58087474046549,52.96913357499943,1.361671747325724e-05,0.1292957367472016,1.34630124720121,0.0014066617596948,8.657369521569118e-05,1.3462146735059943,5.7458212312416964e-08,0.0014066043014825
8.194452891976539,51.487266011242255,0.1376164470543353,1.950703233934392,5.569160906785614,0.094532844092778,7.857302793807866e-06,-5.480143282200261e-05,1.571460558761573e-05,-0.000109602865644,0.1376007324487477,2.753674204065761e-06,2.753681786808264e-06,-2.775557561562892e-17,0.0378871007349361,-0.0026728249082848,100.43637631457057,-7.085494617008601,61.103463430219136,53.34742591300164,1.5335696956820142e-05,0.1376011113573785,1.4758005411100512,0.001456977962604,0.0001006199853021,1.475699921124749,6.291118114563447e-08,0.0014569150514228
8.444428213761578,53.05790728023951,0.1470092870877216,2.0129240403395943,5.56937867591277,0.0973603792470966,8.86121988577547e-06,-5.875308625249094e-05,1.772243977155094e-05,-0.0001175061725049,0.14699156464795,3.1002863847345583e-06,3.100295996540025e-06,0.0,0.037938247916711,-0.0027707328581817,106.80153709450327,-7.800005123634443,61.6256142963838,51.99411756599875,1.7266722412147745e-05,0.1469920203653094,1.6180993600709792,0.0015090394585163,0.0001169195858476,1.6179824404851315,6.886985538027578e-08,0.001508970588661
8.702029140614496,54.6764616389576,0.1564100361736617,2.077326727470761,5.569607772900321,0.1002702634752724,9.999159603107452e-06,-6.369478474254852e-05,1.9998319206214904e-05,-0.000127389569485,0.1563900378544555,3.49253527897236e-06,3.4925474768176365e-06,0.0,0.0379930717021864,-0.0028606466381543,113.5808751261364,-8.551947342797188,62.15024270816572,52.73804628399739,1.9452119574106912e-05,0.1563905840540876,1.774421557865413,0.0015628988920846,0.0001358372013048,1.7742857206641085,7.538216059233889e-08,0.001562823509924
8.967488294908712,56.34439069687534,0.1666449431846783,2.14395790792187,5.569848730034997,0.1032647435169771,1.1313169587751933e-05,-7.02238926580078e-05,2.2626339175503865e-05,-0.000140447785316,0.1666223168455028,3.9442803329729045e-06,3.944295890381613e-06,0.0,0.0380509555859083,-0.002957613723808,120.80000200160532,-9.389507786456107,62.68631707121731,50.73005516699777,2.1969131455924284e-05,0.1666229740532223,1.945937361087414,0.0016185450999124,0.0001578285018413,1.945779532585573,8.251072979922127e-08,0.0016184625891826
9.241045395263544,58.06320065049948,0.1775888004363969,2.212911486351508,5.570102098777557,0.1063461186436139,1.2890774724666538e-05,-7.814197281505884e-05,2.578154944933308e-05,-0.0001562839456301,0.1775630188869476,4.485549049420685e-06,4.48556916966121e-06,0.0,0.0381121168237299,-0.0030585430780049,128.48872365382263,-10.311374153020022,63.25300837321567,53.02274074700108,2.498507824614181e-05,0.1775638153581507,2.134272530585956,0.0016760839062804,0.0001835178167524,2.134089012769203,9.035148892152265e-08,0.0016759935547914
9.52294747301824,59.83444364351117,0.1892947153900783,2.28432650404253,5.570368449947657,0.1095167416132852,1.4823835070036444e-05,-8.352754931463814e-05,2.964767014007289e-05,-0.0001670550986292,0.1892650677199382,5.147465969624008e-06,5.147492466166306e-06,2.775557561562892e-17,0.0381774503938294,-0.0031636412718714,136.68140546951165,-11.326343980022129,63.85948750590048,52.248670381999545,2.867342962987605e-05,0.1892660419604483,2.341122981396816,0.0017355930674059,0.0002137707064713,2.340909210690345,9.904535570011105e-08,0.0017354940220502
9.813449095309654,61.65971916840442,0.2018313002857358,2.358307317405345,5.570648373874943,0.1127790196636818,1.698797950734366e-05,-8.215926836486977e-05,3.397595901468732e-05,-0.0001643185367297,0.2017973243267211,5.8858516499891245e-06,5.885886293442676e-06,0.0,0.0382471303666557,-0.0032733087825861,145.41256690400678,-12.444861295012377,64.45114117017498,51.85086169600254,3.278820290937926e-05,0.2017985120828264,2.5683684655452184,0.00179715611894,0.000249480114394,2.5681189854308246,1.087092368762701e-07,0.0017970474097032
10.112812594955011,63.540675510882,0.2152612450907844,2.4349886824273206,5.5709424805158045,0.1161354155473259,1.9239095953767064e-05,-7.991359547487173e-05,3.847819190753413e-05,-0.0001598271909497,0.2152227668988769,6.64998913488832e-06,6.6500333575378935e-06,0.0,0.0383217311249752,-0.0033877707997284,154.72082574278448,-13.677844924381976,64.99168553542435,51.86337856099999,3.7046953328355e-05,0.215224198137456,2.818093033665029,0.0018608626071413,0.0002912923079332,2.8178017413570964,1.19366588493354e-07,0.0018607432405528
10.421308307347344,65.47901123831339,0.2296418524572162,2.514473056104604,5.571251399535638,0.119588448614192,2.1757804548299664e-05,-8.402373814073258e-05,4.351560909659933e-05,-0.0001680474762814,0.2295983368481196,7.501535919774056e-06,7.50159219323735e-06,0.0,0.0384012068684586,-0.0035071062942814,164.64520949910957,-15.036721437833169,65.52654251572743,51.28679531599846,4.17932560053192e-05,0.2296000592012108,3.09259442971228,0.0019268050090224,0.0003399360410203,3.0922544936712595,1.3104228725578714e-07,0.0019266739667352
10.739214814577496,67.47647673359866,0.2450455597562802,2.5968751676110484,5.571575780356872,0.1231406959464672,2.5003704108377947e-05,-9.187444431194866e-05,5.000740821675589e-05,-0.0001837488886238,0.2449955523480635,8.597329152559739e-06,8.597403067263765e-06,0.0,0.0384856366740023,-0.0036315701651663,175.22798682736703,-16.534811011566305,66.13215875609202,51.81188904399824,4.790108270353268e-05,0.2449976586735767,3.394406864198104,0.0019950789702638,0.0003969648688948,3.3940098993292085,1.4392913409713594e-07,0.0019949350411297
11.066819197003216,69.5348757758236,0.2615888255905287,2.682349514895837,5.571916292173506,0.1267947935506542,2.836564713896714e-05,-8.074473522447703e-05,5.673129427793428e-05,-0.0001614894704489,0.2615320942962508,9.72507834186648e-06,9.725172919935014e-06,0.0,0.0385755994379507,-0.0037619801958642,186.5168403056227,-18.189546491781,66.68018794163967,52.1326224450022,5.418784943679049e-05,0.2615346377410919,3.726358154052456,0.0020657903174182,0.0004638544320275,3.7258942996204287,1.5816536980830488e-07,0.0020656321520484
11.404417292492475,71.65606716913354,0.2793130951570775,2.771044822158012,5.572273623933328,0.1305534376117164,3.180066738595737e-05,-7.428782970235332e-05,6.360133477191474e-05,-0.0001485756594047,0.2792494938223056,1.0869074974898637e-05,1.0869193112973495e-05,0.0,0.0386714612123125,-0.0038979685348597,198.5621739052341,-20.01447790779413,67.17588443882674,50.05305568599943,6.056611809685999e-05,0.2792525290389806,4.091573070634207,0.0021390493516957,0.0005413358738059,4.091031734760402,1.7369683182138748e-07,0.0021388756548638
11.752313963575055,73.84196642129628,0.2984451069118159,2.863099180073092,5.57264848428949,0.1344193858143104,3.580784412537783e-05,-7.30780054140229e-05,7.161568825075566e-05,-0.000146156010828,0.2983734912235651,1.2198015095191508e-05,1.2198163888578756e-05,0.0,0.0387733333608429,-0.0040416733380185,211.41687351579813,-22.037773563182487,67.69087054937845,51.81957441399936,6.79760795048032e-05,0.298377130832311,4.493573381015054,0.0022149829496796,0.0006307746790844,4.492942606335969,1.905784117917885e-07,0.0022147923712678
12.110823372743786,76.09454747347088,0.3189643459062681,2.9587435186813416,5.573041601523541,0.1383954587357233,4.046435347286418e-05,-7.37175520228798e-05,8.092870694572837e-05,-0.0001474351040457,0.3188834171993224,1.373534033532855e-05,1.3735528997494016e-05,0.0,0.038882464209579,-0.004191684640972,225.14424914412163,-24.271447561909103,68.22154900048784,49.55833423899821,7.654867452196709e-05,0.3188877972317461,4.936267577305056,0.0022937254641111,0.0007344016474372,4.935533175657618,2.0899620120080305e-07,0.0022935164679099
12.480269266153908,78.4158444827432,0.3410208866833597,3.0581373366729228,5.573453723442513,0.1424845413151167,4.5843086108672e-05,-7.551097777903774e-05,9.1686172217344e-05,-0.000151021955558,0.3409292005111424,1.550199777007627e-05,1.5502238085736508e-05,0.0,0.038998972170043,-0.0043488773083149,239.8064217994144,-26.74144081552953,68.76336439516469,51.5728691660006,8.640100658064047e-05,0.3409344856767791,5.42392524508818,0.0023754058003405,0.0008548038284689,5.423070441259711,2.2914659355920614e-07,0.0023751766537469
12.860985265976836,80.80795365903879,0.3647558577010449,3.1614445706907865,5.573885617252978,0.1466895844030064,5.203054198278289e-05,-7.844796970005395e-05,0.0001040610839655,-0.0001568959394001,0.3646517966170793,1.752270858654107e-05,1.7523015637237637e-05,0.0,0.0391229381210442,-0.0045138608414723,255.4698663640009,-29.47517444596898,69.31302150895908,51.00162133599952,9.767128483129788e-05,0.3646581864162135,5.961326242868336,0.0024601671019823,0.000994962361398,5.960331280506938,2.51234681681192e-07,0.0024599158673006
13.253315171672318,83.2730351580718,0.3903316232855993,3.268916728464107,5.574338069415469,0.1510136063950021,5.908471595795732e-05,-8.19948845297975e-05,0.0001181694319159,-0.0001639897690595,0.3902134538536834,1.981156342328862e-05,1.9811955929110046e-05,0.0,0.0392554050931244,-0.0046873711585588,272.21261765820066,-32.50409898916895,69.86492028741634,52.536881605003146,0.0001104385401652,0.390221184745434,6.553813043282997,0.0025481653653817,0.0011582577774284,6.552654785505569,2.7546786248092936e-07,0.0025478898975193
13.657613270450964,85.81331503203843,0.4179156766228317,3.380754121385406,5.574811885482857,0.1554596949529666,6.688263129688273e-05,-8.201424805948101e-05,0.0001337652625937,-0.0001640284961189,0.4177819113602379,2.232126543506073e-05,2.2321763685072925e-05,0.0,0.0393966148507746,-0.0048700563131351,290.11371846430814,-35.86272961486255,70.40263975530311,51.22151157400003,0.0001244396334964,0.4177912369893352,7.207358736674902,0.0026395698392193,0.0013481793755405,7.206010557299361,3.0200981931785697e-07,0.0026392678294
14.074244657207664,88.43108723981798,0.4477362477037819,3.4971836238842005,5.575307889926574,0.1600310088164197,7.427103275225801e-05,-3.25512941137398e-05,0.0001485420655045,-6.51025882274796e-05,0.4475877056382774,2.466229071383775e-05,2.4662898957421684e-05,0.0,0.0395469934051598,-0.0050631091585423,309.2597501373665,-39.59380318112189,70.85455410064804,51.4522615249989,0.0001375032551457,0.4475987444486361,7.928674260036507,0.0027345673048343,0.0015664466334326,7.927107813403074,3.307423486868539e-07,0.0027342365624856
14.503585564214609,91.12871571849516,0.4797670396705077,3.618488564916617,5.575826925954678,0.164730779706397,8.91542018836416e-05,-9.52675151563119e-05,0.0001783084037672,-0.0001905350303126,0.4795887312667405,2.944523770574081e-05,2.9446104753294776e-05,0.0,0.0397074460710546,-0.0052647185454972,329.748215762912,-43.7205541692377,71.65369595068731,51.23786943400046,0.0001641863837479,0.4796028532867599,8.725104465342902,0.002833339060406,0.0018255020398271,8.723278963303075,3.6281782128800417e-07,0.0028329762425847
14.946023700871812,93.90863651807564,0.514561063273374,3.7450373648179847,5.576369855325813,0.1695623143233449,0.0001006047480186,-0.0001210112389845,0.0002012094960372,-0.0002420224779691,0.5143598537773367,3.3034276488484976e-05,3.3035367787958385e-05,0.0,0.0398795840688959,-0.0054793795581765,351.69135263930394,-48.3217278572938,72.17851440321104,52.26680772400141,0.0001842174290923,0.5143768458442817,9.604961811527676,0.0029360911735182,0.0021337963073417,9.602828015220336,3.987968950735861e-07,0.0029356923766231
15.401958603821887,96.77336000132188,0.5522459617252675,3.877024985108363,5.576937558162963,0.1745289964398922,0.0001138237521234,-0.000127905816401,0.0002276475042469,-0.0002558116328021,0.5520183142210207,3.714157089736866e-05,3.714295044489595e-05,-1.1102230246251563e-16,0.0400629365876663,-0.0057065907571848,375.1927346180112,-53.44269726331554,72.71451694700977,48.81515785200099,0.0002071439153571,0.5520388178099105,10.577750926346097,0.003043068634902,0.0024906669005417,10.575260259445557,4.3801444948592113e-07,0.0030426306204525
15.871801997745106,99.72547311069565,0.5931165722050006,4.014853198981739,5.5775309327707605,0.1796342890887631,0.0001292640309658,-0.0001313013911049,0.0002585280619317,-0.0002626027822098,0.5928580441430689,4.1896423628684845e-05,4.189817901254202e-05,-1.1102230246251563e-16,0.0402590539182024,-0.0059474931900963,400.3831347384438,-59.14883077293776,73.2668274195418,51.78778126299949,0.0002336883894692,0.5928828838155314,11.654032966774691,0.0031545223180114,0.0029049111930429,11.651128055581648,4.808796011141941e-07,0.0031540414384103
16.355978167160828,102.76764170445502,0.6374756725531804,4.158833156952022,5.578150895459621,0.1848817368452691,0.0001471698704392,-0.0001330606585742,0.0002943397408785,-0.0002661213171484,0.6371813328123018,4.7354798049369536e-05,4.73570406324649e-05,0.0,0.0404683136440186,-0.006203077758527,427.3934757822529,-65.51187151225173,73.83011425907523,49.80994803900103,0.0002641647186103,0.63721150783457,12.845679845134116,0.0032707235130824,0.0033870084146462,12.84229283671947,5.278548192138999e-07,0.0032701956582632
16.854924339570754,105.90261296401457,0.6856991543535647,4.309373392192962,5.578798380379478,0.1902749682032394,0.0001678305572912,-0.0001335128575746,0.0003356611145824,-0.0002670257151493,0.6853634932389823,5.358149041026241e-05,5.358436154021641e-05,-1.1102230246251563e-16,0.0406918514244523,-0.0064748086488344,456.3739024708338,-72.61733215325764,74.40053241674966,51.71286288900228,0.0002989363493742,0.6854002180041905,14.166065875762694,0.0033919669288258,0.0039489226597478,14.162116953102949,5.794128900511183e-07,0.0033913875159358
17.369091080290204,109.13321787474342,0.7382686463869792,4.46688326134386,5.579474339365152,0.1958176980427698,0.0001916282813841,-0.0001325193301195,0.0003832565627683,-0.0002650386602391,0.7378853898242108,6.066352550787792e-05,6.0667205794464125e-05,-1.1102230246251563e-16,0.0409305557769833,-0.0067648389808712,487.4853441812839,-80.56963303624211,74.97633733890488,49.84135737699762,0.0003384911179711,0.7379301552690081,15.630379641755107,0.0035185817797456,0.0046044106664079,15.6257752310887,6.360481410136566e-07,0.0035179457316046
17.89894269932391,112.46237378244132,0.7956325423620249,4.631936847209288,5.580179741794423,0.2015137301873412,0.0002190522342587,-0.0001297666459164,0.0004381044685175,-0.0002595332918328,0.7951944378935073,6.871351429310366e-05,6.871823616460655e-05,1.1102230246251563e-16,0.041186547032786,-0.0070746554212093,520.9186130475138,-89.47872437259211,75.55715661997806,53.33114361299886,0.0003834601093375,0.7952490822526872,17.25585969834788,0.0036509321959945,0.0053694647197138,17.250490233628167,6.982940145440737e-07,0.00365023390198
18.444957670653647,115.8930870278004,0.8582661615764258,4.804987370656176,5.580915574458821,0.2073669600478325,0.0002506778981221,-0.0001248155253837,0.0005013557962443,-0.0002496310507674,0.8577648057801814,7.786017180392095e-05,7.786623448231546e-05,0.0,0.0414605175673986,-0.0074056717582347,556.8648195149381,-99.46711495659292,76.14279452876909,49.9701322860019,0.0004345648807468,0.857831596695679,19.06196660517437,0.0037894100652804,0.0062627725027297,19.055703832671632,7.667350500749992e-07,0.0037886433302303
19.007629064316507,119.42845566123314,0.9268088561365784,4.9865832351524535,5.581682841445834,0.213381377350678,0.0002871970082844,-0.0001171165787396,0.0005743940165688,-0.0002342331574792,0.9262344621200096,8.825301517741832e-05,8.826080445953386e-05,0.0,0.0417537278493932,-0.0077603687580582,595.5399348004534,-110.68735038154556,76.73340068257075,52.8152094290017,0.0004926438178239,0.9263162123187544,21.07078790119302,0.0039344443790551,0.007306200124012,21.06348170106901,8.420142603797485e-07,0.0039336023647947
19.58746499166384,123.07167224051672,1.0019665156358428,5.177314759418335,5.582482564029844,0.219561068947443,0.0003294301214264,-0.0001059885385359,0.0006588602428528,-0.0002119770770719,1.00130765539299,0.0001000630781529,0.0001000730917745,-2.220446049250313e-16,0.0420674771469782,-0.0081413252732742,637.1807851571231,-123.31369460830705,77.32921315363907,50.16716011400058,0.0005586562899597,1.0014078593458826,23.30753441386572,0.0040865125173038,0.0085253632698462,23.29900905059587,9.248412703640424e-07,0.0040855876760335
20.18498906420302,126.82602671378103,1.084558782168278,5.377864149291208,5.583315780567464,0.2259102217034479,0.0003783580705156,-9.059437623263106e-05,0.0007567161410312,-0.0001811887524652,1.083802066027247,0.000113486859105,0.000113499739834,0.0,0.0424034741814303,-0.0085515474250083,682.053142261092,-137.55028107993985,77.93059805407691,51.59829164099938,0.0006337048885054,1.0839250772797726,25.801032600665625,0.004246145227021,0.0099502922844345,25.79108230838119,1.0160005444305373e-06,0.0042451292264766
20.80074086643648,130.69490939044363,1.1755147597208615,5.588942676712039,5.584183546391412,0.2324331254639074,0.0004351458815074,-6.990543763263216e-05,0.0008702917630149,-0.0001398108752652,1.1746444679578465,0.0001287471309522,0.0001287637089103,0.0,0.0427632774893732,-0.0089943423596482,730.4463567212633,-153.6337950088471,78.53791291902205,51.65196706699862,0.0007190401846692,1.1747957195361918,28.5843213138624,0.0044139336075463,0.011616202717974,28.57270511114442,1.116359666022041e-06,0.0044128172478803
21.43527644312467,134.68181400277365,1.275915240090345,5.811334956863138,5.585086933695322,0.2391341760970426,0.0005011878748534,-4.26632997562407e-05,0.0010023757497069,-8.53265995124814e-05,1.2749128643406382,0.0001460975706343,0.0001461189182533,0.0,0.0431486240357845,-0.0094735525322228,782.6811337680577,-171.84257904915214,79.15157300524046,52.423935653001536,0.0008160868611022,1.2750991532292428,31.69536041114431,0.0045905370776463,0.0135643881685304,31.681796022975774,1.2268777057186068e-06,0.0045893101999406
22.08916880141352,138.79034086085113,1.3870163582467032,6.045896690330329,5.586027031400312,0.2460178786149991,0.0005781572006776,-7.330223401647774e-06,0.0011563144013553,-1.4660446803295547e-05,1.385860043845348,0.0001658263597028,0.0001658538626451,0.0,0.0435613649540052,-0.0099936087024766,839.1120624604381,-192.50447314063635,79.77203657406095,51.612841623998975,0.0009264641599976,1.3860898940867052,35.177901656741305,0.0047766941168979,0.0158432697617817,35.16205838697952,1.3486146604695907e-06,0.0047753455022374
22.763008428279147,143.0242001037686,1.510281319637409,6.293554103284518,5.587004944992716,0.2530888503758982,0.0006680678789168,3.7971490247476695e-05,0.0013361357578337,7.594298049495339e-05,1.508945183879575,0.000188260090972,0.0001882955395074,-2.220446049250313e-16,0.0440034210904052,-0.0105596208092172,900.130541432059,-216.0067776728045,80.39979866873895,51.696459951999714,0.0010520081103479,1.5092293115270607,39.08252962910945,0.0049732343779578,0.018509615794609,39.06402001331484,1.4827413300588536e-06,0.0049717516366277
23.45740382375772,147.38721505001274,1.6474358467030796,6.555327934869686,5.588021796321005,0.2603518243717704,0.0007733589699557,9.5535205473044e-05,0.0015467179399115,0.000191070410946,1.645889128763168,0.0002137691928032,0.0002138148998418,2.220446049250313e-16,0.0444769102438449,-0.0111776034722147,966.1715280599944,-242.81098141912665,81.03542497720328,52.34898977800185,0.0011948023206941,1.6462410443823852,43.46793815017043,0.005181093806084,0.0216299654302668,43.44630818474016,1.6305500388178958e-06,0.0051794632560452
24.17298205044164,151.88332565005078,1.8004738745163835,6.832252259980435,5.589078723339261,0.2678116526111982,0.000896973913087,0.0001681617883276,0.0017939478261741,0.0003363235766553,1.7986799266902094,0.0002427681246486,0.0002428270753223,2.220446049250313e-16,0.0449835571530899,-0.0118543221700635,1037.7051949259037,-273.4619598075805,81.67943780012092,52.829557933000615,0.0013571796401345,1.7991166948762485,48.40243639832338,0.0054013304988952,0.0252822508823851,48.37715414744098,1.7934646149118344e-06,0.0053995370342803
24.91038929973825,156.51659204423893,1.9718158598637472,7.125543935082392,5.590176879783933,0.275473309607755,0.001042531464555,0.0002592844116233,0.00208506292911,0.0005185688232467,1.9697307969346367,0.0002757292952925,0.0002758053429053,0.0,0.0455258055520936,-0.0125981267168558,1115.2658531805916,-308.62189852465434,82.33256210890954,52.62286372399831,0.00154180065123,1.9702740592125163,53.965863991481534,0.0056351469261204,0.0295577090472257,53.9363062824343,1.9730523100322667e-06,0.0056331738738104
25.670291475402685,161.29119822926754,2.164267291899148,7.43637537957584,5.5913174347709,0.2833418959895153,0.001214428352921,0.0003731099033254,0.002428856705842,0.0007462198066508,2.1618384351933058,0.0003131751881311,0.000313273297555,0.0,0.0461052770468317,-0.013418384361078,1199.4218954544117,-349.07726479882547,82.99542465394886,51.276782439999806,0.0017516104504674,2.16251568144868,60.25190116298885,0.005883914900798,0.0345630495703004,60.21733811341853,2.171034761618999e-06,0.0058817438660364
26.453374794871472,166.21145583645122,2.3812043769546567,7.766018562327712,5.592501572300574,0.2914226422483906,0.0014180887470257,0.000514817981891,0.0028361774940515,0.001029635963782,2.378368199460605,0.0003556912572524,0.0003558178185396,0.0,0.0467237262512718,-0.0143263553343622,1290.801251297393,-395.7834461377633,83.66877947640387,51.97102110999913,0.0019899117096352,2.3792144652450213,67.37086724898356,0.0061492032958274,0.0404228967562989,67.33044435222725,2.389297190790952e-06,0.0061468139986366
27.26034640894016,171.28180802527862,2.6266537449360152,8.115735791456187,5.593730490660492,0.299720912652599,0.0016602047614838,0.0006908019363741,0.0033204095229676,0.0013816038727482,2.623333335413048,0.0004039238833374,0.0004040871037695,0.0,0.0473823570933956,-0.0153352756794134,1390.0778998160813,-449.89800248900974,84.35340594347792,51.96899249099806,0.0022603543532381,2.624393390582777,75.4532659522818,0.0064328150427227,0.0472825848862556,75.40598336739554,2.6298981184890355e-06,0.0064301851446042
28.091935040344552,176.50683349573626,2.905472695979622,8.486779119094333,5.595005401717152,0.3082422093488374,0.0019490964178692,0.0009089929794251,0.0038981928357384,0.0018179859588503,2.9015745031438835,0.0004585851279111,0.0004587955247155,0.0,0.0480818728148524,-0.0164609643628885,1497.9745088890747,-512.835785375683,85.0501709322867,90.9004179020012,0.0025669634390668,2.9029057325405545,84.65417286379594,0.006736830655305,0.0553112700787696,84.59886159371716,2.895076598893509e-06,0.0067339355787061
28.948891641821906,181.8912506230293,3.2235083136340608,8.88026038162856,5.596327530092271,0.3169921766851371,0.0022951329757696,0.0011792643483768,0.0045902659515393,0.0023585286967536,3.218918047682521,0.0005204480029868,0.0005207190101558,0.0,0.0488218116660979,-0.0177221735657577,1615.2416666725585,-586.3279585606316,85.75996880625219,51.92766656499953,0.0029141141319773,3.2205941995020826,95.15871433683144,0.0070636609492632,0.0647053612942011,95.09400897553724,3.1872565371625327e-06,0.007060473692726
29.83199007424687,187.4399217184352,3.58788271928942,9.297084219636895,5.597698112222839,0.3259766057888227,0.0027113397049777,0.00151398330544,0.0054226794099554,0.00302796661088,3.582460039879464,0.0005903469262773,0.0005906956416337,4.440892098500626e-16,0.0496003419890593,-0.0191415077769771,1742.644738338439,-672.5124560385352,86.48378649098186,97.66161656999977,0.0033065358780712,3.584576183411348,107.18897182444788,0.0074161118234751,0.0756922538392775,107.11327957060858,3.5090470435436883e-06,0.0074126027764316
30.742027805454,193.1578574201349,4.007185140251461,9.737630268008088,5.599118395309437,0.3352014394363925,0.0032140676652568,0.0019286687149316,0.0064281353305137,0.0038573374298632,4.000757004920947,0.0006691580488496,0.0006696061211752,0.0,0.0504128094920203,-0.0207456491481756,1880.899798917896,-774.0192959767747,87.22255852738394,51.82600208200165,0.0037492039506838,4.003435936300777,121.01256847096948,0.0077974600893512,0.0885342327707737,120.92403423819869,3.863235369239517e-06,0.0077935968539819
31.67982663037827,199.05022121798933,4.491946149397459,10.201592945608189,5.600589636163276,0.3446727772553305,0.0038240451702151,0.0024429424132181,0.0076480903404302,0.0048858848264362,4.484298059057029,0.0007577967027248,0.0007583713940666,0.0,0.0512513519612517,-0.0225668985540996,2030.629332599189,-894.1228747368597,87.97730414946521,103.59281559899682,0.004247326969972,4.487698822427487,136.95351914358918,0.0082115460094183,0.1035325073724972,136.84998663621664,4.252772493419207e-06,0.0082072932369249
32.64623341316386,205.12233411634645,5.054942838199858,10.687377245607376,5.602113099968933,0.3543968812978129,0.004567512188973,0.0030816351619374,0.0091350243779461,0.0061632703238748,5.045807813821911,0.0008571808603564,0.0008579162497455,0.0,0.0521024553062341,-0.0246435516638215,2192.219766200915,-1036.8816737962638,88.74894133275292,51.63107677199878,0.0048061438613754,5.050136694338481,155.4058756878194,0.0086628843434985,0.1210311786108288,155.28484450920854,4.680748559975549e-06,0.0086582035949385
33.64212085191105,211.3796794390875,5.711800928522068,11.191519048287798,5.603690058987152,0.3643801820277869,0.0054778916767641,0.0038763353318302,0.0109557833535282,0.0077526706636605,5.7008451451685405,0.0009682110449844,0.0009691493861243,-8.881784197001252e-16,0.0529451037014786,-0.027021523278296,2365.6597088635167,-1207.358649290877,89.53835340557237,106.8076338289975,0.0054308127806982,5.70637011574137,176.85080543479535,0.0091567943523104,0.1414208916725105,176.7093845431228,5.150355108722856e-06,0.0091516439972016
34.668388266752366,217.8279077812556,6.481246572486607,11.707410666112848,5.605321791229527,0.3746292847611464,0.0065974649274021,0.0048670498345883,0.0131949298548043,0.0097340996691767,6.468051642631803,0.0010917019171806,0.0010928950327832,0.0,0.0537461466042703,-0.0297539770661302,2550.200770935318,-1411.7963806991918,90.34606953457212,51.73551604399836,0.0061260283427861,6.47512054414382,201.87746011059025,0.0096995420847796,0.1651417105995706,201.71231839999064,5.664829119842203e-06,0.0096938772556598
35.725962411969014,224.47284211173388,7.385897450997895,12.223999272698652,5.607009579144653,0.3851509765959473,0.0079799652656509,0.0061046048673701,0.0159599305313019,0.0122092097347403,7.369937520466593,0.0012283571716688,0.0012298678887101,0.0,0.0544564730312187,-0.0329033008247896,2743.9558587144343,-1657.9333923713082,91.1723932496185,107.22034969599918,0.0068958810330799,7.379001569964815,231.20852608505592,0.0102984976823812,0.1926849799541113,231.01584110510183,6.227380542089256e-06,0.0102922703018391
36.81579831288149,231.320483031584,8.452176178571248,12.72324716257817,5.608754708363108,0.3959522338668185,0.0096927257785135,0.0076528081354865,0.019385451557027,0.015305616270973,8.432790727014222,0.0013786748340424,0.0013805782024666,-1.7763568394002505e-15,0.0550026828399842,-0.0365388143228855,2943.147679377813,-1955.1614762951488,92.0169322849978,50.889008092999575,0.007743324493348,8.4444328540779,265.7303285706552,0.0109622902652278,0.2245936434411864,265.505734927214,6.841101383743466e-06,0.0109554491638441
37.938880128269886,238.37701419279293,9.709932241859496,13.176894501778987,5.610558466555833,0.4070402301511683,0.0118188012194895,0.0095905520736077,0.0236376024389791,0.0191811041472154,9.686294639420517,0.0015428750220118,0.0015452591637782,1.7763568394002505e-15,0.0552775381737178,-0.0407335089532011,3141.0687676675047,-2314.624655828799,92.87830249346956,92.2143012259985,0.0086697668843587,9.701262474975136,306.5253959628516,0.0117009098395053,0.2614601323624075,306.26393583048923,7.508848972053819e-06,0.0116934009905332
39.09622203910253,245.6488078823197,11.19072246770699,13.54194512422879,5.612422142467337,0.4184223448493084,0.0144575536102911,0.0120125544399546,0.0289151072205822,0.0240251088799093,11.161807360486408,0.0017208152337791,0.0017237815433186,-1.7763568394002505e-15,0.0551272576527877,-0.0455557776330345,3326.562676174594,-2748.987633534113,93.75361716129429,52.378619175000495,0.0096745897024978,11.181047878004492,354.9038032812972,0.0125256996193861,0.3039215177728632,354.5998817635243,8.233111406412765e-06,0.0125174665079797
40.28886916437592,253.14243077648752,12.923043793007036,13.754913350516585,5.6143470251907175,0.4301061723508854,0.0177206721398577,0.0150259635720173,0.0354413442797155,0.0300519271440347,12.88760244872732,0.001911884181938,0.0019155464849623,0.0,0.0543366566731813,-0.0510504847147393,3481.952200669728,-3271.3707187928003,94.63757771626324,88.14224524800011,0.0107545427094626,12.912289250297572,412.4222313020081,0.0134490896715507,0.3526510098587719,412.0695802921492,9.015852441085482e-06,0.0134400738191097
41.51789850489252,260.864649870914,14.924216767692378,13.72593257014701,5.616334403756516,0.4420995317925448,0.0217212170746371,0.0187403479442369,0.0434424341492742,0.0374806958884739,14.880774333543105,0.0021149595152859,0.0021194420494154,0.0,0.0526170662714903,-0.0572105755803918,3580.610594063174,-3893.200581701696,95.5217303633296,51.57615027600332,0.0119034952988999,14.912313272393478,480.8724318662282,0.0144838792298358,0.4083457968804073,480.4640860693477,9.858349421686175e-06,0.0144740208804141
42.78441991582905,268.8224385913388,17.184147855500495,13.33485435679282,5.618385567110272,0.4544104773994885,0.0265458016830127,0.0232420663048434,0.0530916033660254,0.0464841326096869,17.13105625213447,0.0023283203836193,0.002333754110886,0.0,0.0496046923265372,-0.0639237853266544,3584.708066453384,-4619.484531629768,96.39296681862766,81.326454181999,0.0131119304137861,17.17103592508671,562.2042943970906,0.0156417411839384,0.4717109414180262,561.7325834556725,1.0761031942979394e-05,0.0156309801519954
44.089577108973394,277.022983090863,19.64170206443233,12.435609721057263,5.620501804555525,0.4670473093935162,0.032204709277481,0.0285476281005032,0.064409418554962,0.0570952562010065,19.577292645877368,0.0025496357676865,0.0025561530268715,0.0,0.0448901733073115,-0.0709027888057572,3444.9497014810186,-5441.202898871006,97.23232867814866,52.20592685500014,0.0143668627002513,19.62733520173208,658.3313402303983,0.0169305509221243,0.543439230401448,657.7879009999969,1.172332859645974e-05,0.0169188275935278
45.43454868553504,285.47368873928934,22.15629435707785,10.878015640999788,5.622684406738703,0.4800185854376343,0.038557248096655,0.0345331991179915,0.0771144961933101,0.069066398235983,22.079179860884548,0.0027760018411387,0.0027837294792985,0.0,0.038105142680712,-0.0776123868189906,3105.3872511998943,-6325.039078908518,98.0143289562902,77.2319540339995,0.0156520323358305,22.140642324742025,770.7655745187117,0.0183503508129665,0.6241883515680834,770.1413861671437,1.2743546786536284e-05,0.01833760726618
46.82054920046207,294.1821868104222,24.48847064705001,8.556401258509549,5.624934667250347,0.4933331325758557,0.0452308221412485,0.0408570158186876,0.090461644282497,0.0817140316373752,24.398009002767512,0.0030040323682535,0.0030130837694251,3.552713678800501e-15,0.0290853819236291,-0.0832425338616132,2517.140833455788,-7204.071846592007,98.7077550373174,53.06464645400047,0.0169483993499686,24.47152224770004,900.0649111474547,0.0198883534994499,0.7145567817748054,899.3503543656799,1.3818801174654402e-05,0.0198745346982753
47.52932495856429,298.6355562398151,25.48694911134875,7.10616396529687,5.626085574979259,0.5001219679541105,0.0484976160964565,0.0439687552696378,0.096995232192913,0.0879375105392757,25.38995387915584,0.0031175111386847,0.0031272604078397,0.0,0.0237954383422125,-0.0853446569867983,2122.153228507761,-7611.309224723495,99.01068796542964,52.35493581700212,0.0175942346697506,25.469354876679,970.907643198926,0.020694578115336,0.7635227450031533,970.1441204539228,1.437606830286068e-05,0.0206802020470331
48.24883025922532,303.1563413733664,26.31600346559172,5.4823485394522535,5.627253884912744,0.5070000596136754,0.051588234743927,0.0469256108242296,0.1031764694878541,0.0938512216484593,26.21282699610386,0.0032299921187037,0.0032404587750079,0.0,0.0180842284697591,-0.086806706224169,1662.0087253539637,-7977.863330197612,99.27906667373958,79.37307293900085,0.0182348842305627,26.29776858136115,1045.4526411369282,0.0215178720569239,0.8150812269367336,1044.6375599099913,1.494547724910444e-05,0.0215029265796748
48.979227527700544,307.745562759054,26.935253149395585,3.715235788442005,5.628439760719351,0.5139685922735028,0.0543973931637261,0.0496282023311869,0.1087947863274522,0.0992564046623739,26.82645836306813,0.0033409842866334,0.0033521838803034,0.0,0.0120724268292726,-0.0875244240986319,1143.3473284966626,-8289.204638518326,99.50941900709354,52.24340907199803,0.0188675650371421,26.91638558435844,1123.2417858858478,0.0223516178899499,0.8692802821344779,1122.372505603713,1.552633662245866e-05,0.0223360915533275
49.72068164806066,312.40425639404845,27.312099517388745,1.8468367468383269,5.6296433668181125,0.5210287698741521,0.0568246036778789,0.0519810590889185,0.1136492073557579,0.1039621181778371,27.19845031003299,0.0034500059014862,0.0034619496482032,0.0,0.0059116888103753,-0.0874255038412116,576.959660577231,-8532.41614029008,99.69908265625152,51.73820671199792,0.0194895418732654,27.29260997551548,1203.685632192679,0.0231883525802991,0.9261603520621084,1202.7594718406167,1.6117890879341582e-05,0.0231722346894198
50.4733600004136,317.13347395858455,27.425757676170413,-0.072254403373939,5.63086486851837,0.5281818159914827,0.0587843889888041,0.0539022541076608,0.1175687779776082,0.1078045082153216,27.308188898192803,0.0035565877251576,0.0035692821903835,0.0,-0.0002278359407224,-0.0864801729499927,-22.91428995078217,-8697.62580779024,99.8464212752056,53.93556662799893,0.0200981456916587,27.40565953047875,1286.0856325202355,0.0240201233522324,0.9857539429617682,1285.0998785772738,1.6719326611438592e-05,0.024003404025621
51.23743249868976,321.9342830533733,27.26992647250355,-1.9862293385078085,5.6321044321732,0.5354289742528267,0.0602153218137794,0.0553320209308076,0.1204306436275589,0.1106640418616153,27.149495828875992,0.0036602799376266,0.0036737268061514,-3.552713678800501e-15,-0.0061696732627214,-0.0847065003884115,-639.4353180720873,-8779.124227843637,99.950956382852,51.43158070299978,0.0206908130275187,27.24923565947603,1369.6685685850375,0.0248389197367487,1.0480853861430584,1368.6204831988944,1.7329779387515748e-05,0.0248215899573612
52.01307162899948,326.80776744060887,26.85375799741888,-3.840145535333367,5.633362225346864,0.5427715087554896,0.0610864838949355,0.0562390037739413,0.122172967789871,0.1124780075478827,26.73158502962901,0.0037606585918396,0.0037748545309644,0.0,-0.0117504720447969,-0.0821698890688057,-1254.9893890493192,-8776.01669852686,100.01342508145343,53.74019855000006,0.0212651229209143,26.83249287449797,1453.629463687854,0.0256371287842481,1.113170717483804,1452.5162929703702,1.7948341361792066e-05,0.0256191804428863
52.80045248857096,331.75502728862284,26.20056901888817,-5.584492795285619,5.6346384169960935,0.5502107044854775,0.061399507667463,0.0566223953891131,0.122799015334926,0.1132447907782263,26.077770003553244,0.0038573336009272,0.0038722702390321,-3.552713678800501e-15,-0.0168331821251563,-0.078975650295403,-1852.683559693098,-8692.17048983869,100.03571275972035,51.8815731249997,0.0218188426498409,26.178750176238328,1537.1773869080268,0.0264079525843253,1.181017697173503,1535.9963692108531,1.8574069651134875e-05,0.0263893785146742
54.41115307776462,341.87535756491,24.327136384192386,-8.597662397497098,5.6372466796992216,0.5653843265334859,0.0605011941414563,0.0559510830815754,0.1210023882829127,0.1119021661631509,24.20613399590947,0.0040382072283919,0.0040545804645319,0.0,-0.0251485291561697,-0.0711579113436789,-2939.3289063667016,-8316.848449876103,99.97189141112727,53.00093863299844,0.0228566702612557,24.304279713931127,1699.9473966347189,0.0278453225996632,1.3249354471103687,1698.6224611876085,1.9842661509102454e-05,0.0278254799381541
56.0709887835293,352.3044128837027,21.98030139583836,-10.8529134529987,5.639930607579569,0.5809605539867503,0.0580110752708702,0.0537664277533622,0.1160221505417405,0.1075328555067244,21.86427924529661,0.0042006218675999,0.0042183415252559,0.0,-0.0308054996080372,-0.0623900825309677,-3823.529302136345,-7743.757178267661,99.7895603056354,51.80984878799791,0.0237911534815146,21.95651024235684,1853.6728739742607,0.029124164024476,1.4797908939993036,1852.193083080262,2.1128170797833296e-05,0.0291030358536781
57.78145849380023,363.0516110356527,19.47575568574907,-12.352716992257935,5.642691624222018,0.5969504613765467,0.0545455345108705,0.0506418655702584,0.109091069021741,0.1012837311405168,19.36666461672733,0.004343065782511,0.0043620102801014,0.0,-0.0340246857933509,-0.0536445923768025,-4484.673804706727,-7070.704477847973,99.52225422227214,52.0536395809977,0.0246134788722985,19.45114220687677,1995.4915338648968,0.030235461806053,1.6453802089552985,1993.8461536559412,2.2422724913148745e-05,0.0302130390811399
59.54410682073603,374.1266571051804,17.042934283788835,-13.208963339485438,5.645531197807267,0.6133654972919043,0.0506498232872954,0.0470897210034991,0.1012996465745909,0.0941794420069983,16.941634637214243,0.004464808193254,0.0044848321083969,0.0,-0.0353061271861521,-0.0455539159269195,-4941.825298026567,-6376.216030857189,99.2006652061142,51.42003084600219,0.0253192595848824,17.017615024203952,2124.2307494182837,0.0311856029933478,1.8214079247570447,2122.4093414935264,2.371872680110249e-05,0.0311618842665467
61.36052549555568,385.5395522344939,14.813765595153075,-13.572105023756205,5.648450850299158,0.6302174971899186,0.0467139110006956,0.0434796075359446,0.0934278220013913,0.0869592150718892,14.720337773151686,0.0045658700879471,0.0045868128796735,0.0,-0.0352028863059459,-0.0384234652691172,-5232.583293738492,-5711.292554462068,98.84958522504402,51.95716904499932,0.0259083871103549,14.78785720804272,2239.960958574753,0.0319899938995547,2.00750963300563,2237.9534489417483,2.500908044644297e-05,0.0319649848191083
63.23235480592604,397.300602654961,12.843443131303705,-13.585588773062115,5.651452167470997,0.6475186957950013,0.0429719705891863,0.0400358205449249,0.0859439411783727,0.0800716410898499,12.757499190125332,0.0046469006604252,0.0046685951583498,0.0,-0.0341947348739881,-0.0323267647858508,-5397.562606960051,-5102.707696231681,98.487226984414,52.3417061020009,0.0263843422267005,12.817058789077002,2343.5001064491785,0.0326676992451832,2.203275759990358,2341.2968306891885,2.6287362443833885e-05,0.0326414118827393
65.16128507719698,409.4204289939845,11.139072280720304,-13.366160370760069,5.654536809714557,0.6652817389858796,0.0395411179071425,0.0368724756114415,0.079082235814285,0.0737449512228831,11.059990044906018,0.0047090673236718,0.0047313475578534,0.0,-0.0326465398993474,-0.0272069283599035,-5472.379112998982,-4560.563751767508,98.1261302649706,50.90841175699825,0.0267535789254351,11.112318701794868,2436.0213063681285,0.0332379616629086,2.408274449315884,2433.613031918813,2.754793467110455e-05,0.0332104137282375
67.14905819882266,421.9099758657895,9.682388477516836,-13.000725436588814,5.657706523560839,0.6835196950768498,0.0364626850883853,0.0340317712818054,0.0729253701767706,0.0680635425636109,9.609463107340064,0.0047539060332838,0.0047766136055218,0.0,-0.0308139797119288,-0.0229489441619574,-5485.135755188942,-4085.0962888723257,97.77441000385986,52.47171024899944,0.0270246779564901,9.655363799560345,2518.797986464544,0.0337183876848596,2.6220723964314288,2516.175914068113,2.8786002681510167e-05,0.0336896016821781
69.19746919734685,434.7805217547817,8.444530756272258,-12.550429363246952,5.660963153827968,0.7022460654090207,0.0337345519920536,0.0315142691447887,0.0674691039841072,0.0630285382895775,8.37706165228815,0.0047831791225542,0.0048061678844385,0.0,-0.0288661260918341,-0.019422513966794,-5456.682226799043,-3671.5174881863536,97.43697290927562,47.91930389299887,0.0272075393049176,8.41732321696734,2593.06074792025,0.0341242392917943,2.844252137056672,2590.2164957831937,2.999762324831061e-05,0.034094241668546
71.30836785737255,448.04368920040025,7.394374349981295,-12.05665649752848,5.664308656299743,0.721474794179397,0.0313327091710554,0.0292992427633789,0.0626654183421109,0.0585984855267578,7.331708931639184,0.0047987548447243,0.0048218939315893,0.0,-0.026909555447696,-0.0165036904396034,-5401.908856574636,-3313.002763094431,97.11652110694844,51.581661625998095,0.0273126955364604,7.367061654444834,2659.92939505038,0.0344683453222008,3.074425518398574,2656.8549695319816,3.1179672403339016e-05,0.0344371656497975
73.48366039198046,461.7114552926662,6.502627204741677,-11.546597458294718,5.667745110827607,0.7412202774476621,0.0292242182639841,0.0273570009037891,0.0584484365279683,0.0547140018075782,6.444178768213709,0.0048025183628274,0.0048256938461369,8.881784197001252e-16,-0.0250082542374341,-0.0140837467431251,-5331.196316147854,-3002.337469926962,96.81430829591272,49.31497514199873,0.0273508027027932,6.475276402038883,2720.389482521227,0.0347613065593163,3.312243717669378,2717.077238803558,3.232978675844324e-05,0.0347289767725578
75.72531116410386,475.79616248789966,5.743414842227493,-11.037590463262145,5.671274734741084,0.7614973712761546,0.0273740242040866,0.0256554329731074,0.0547480484081733,0.0513108659462149,5.688666793819319,0.004796280094961,0.004819395264538,0.0,-0.0231981494040378,-0.0120711668042794,-5251.643185533167,-2732.694741507886,96.53062404809866,52.3019482109994,0.0273321146005051,5.716082727626987,2775.292181741315,0.0350118056973886,3.557403725259176,2771.734778016056,3.344628629498481e-05,0.0349783594110936
78.03534446041499,490.3105297543774,5.094723444813674,-10.54034291984911,5.674899896445489,0.7823213989738234,0.0257487807812685,0.0241637223050125,0.051497561562537,0.048327444610025,5.043225883251137,0.0047817421214023,0.0048047170392503,0.0,-0.0214972803564494,-0.0103908097738914,-5168.041120824018,-2497.996551178639,96.26518456091942,50.92856515200037,0.0272662882284914,5.067457156585181,2825.365102367494,0.0352269287607115,3.809651982179956,2821.555450385314,3.452808833205159e-05,0.0351924006723795
80.41584631932477,505.267664057993,4.538130192715168,-10.061115383776322,5.678623129081785,0.8037081574297175,0.0243181083020844,0.0228536214651174,0.0486362166041689,0.0457072429302349,4.489493976111,0.004760437594241,0.0047832077562649,-8.881784197001252e-16,-0.0199124466089354,-0.0089816359041616,-5083.5562677786,-2292.9704416642426,96.0173193800568,52.46287571900029,0.0271620341959292,4.51096815851924,2871.22715434898,0.0354124569809562,4.068785427597303,2867.158368921383,3.5574618566810805e-05,0.0353768823623894
82.86896641474587,520.6810721982898,4.058427642896434,-9.60328952683689,5.682447144122556,0.8256739225400473,0.0230553903207913,0.0217002693241322,0.0461107806415827,0.0434005386482645,4.012316862254851,0.0047337412347227,0.0047562561204429,8.881784197001252e-16,-0.0184437077504897,-0.0077944597174657,-5000.251087464039,-2113.146456542493,95.78617473006904,50.598305311999866,0.0270271740083261,4.031400468888107,2913.403931904957,0.0355731154210666,4.334650698798937,2909.0692812061584,3.6585724897305806e-05,0.0355365296961693
85.39691999732158,536.5646730055615,3.643109506034557,-9.168376507017062,5.6863748447780855,0.8482354537460333,0.0219376114069696,0.0206820895724166,0.0438752228139392,0.0413641791448332,3.599234283220617,0.00470285614554,0.0047250775053241,-4.440892098500626e-16,-0.0170871788029959,-0.0067896931895044,-4919.426942479482,-1954.7638608288848,95.57079812611208,53.22062574099982,0.0268685618659017,3.616240944168654,2952.342188758917,0.0357127785166288,4.607142535976554,2947.7350462229406,3.756159962437113e-05,0.0356752169170044
88.00198989487184,552.9328099100252,3.2819005642180934,-8.756693679378579,5.690409339090261,0.8714099977182342,0.0209450230304974,0.0197805130834891,0.0418900460609948,0.0395610261669782,3.2400105181570984,0.0046688139968893,0.0046907140683872,0.0,-0.0158368133025122,-0.0059354418934773,-4841.863241660155,-1814.670500818408,95.3701959364298,51.4789147320007,0.0266920831417525,3.2552084810763406,2988.4224593074127,0.0358346357636117,4.886200983982187,2983.5362583234305,3.850270828451733e-05,0.0357961330553271
90.68652857386448,569.800263894427,2.9663686386233112,-8.367836510248745,5.694553952595666,0.8952152912346869,0.0200608642000471,0.018979741943382,0.0401217284000943,0.0379594838867641,2.9262469102232167,0.0046325005191447,0.0046540604566261,4.440892098500626e-16,-0.0146855609596543,-0.0052059797556936,-4767.995451765156,-1690.2376330957147,95.18339639538112,52.01613737399748,0.0265027983688993,2.939865840254411,3021.969900010985,0.0359413245473486,5.171808417861737,3016.7980915931234,3.940972850306124e-05,0.0359019148188455
93.45296026377224,587.1822668417714,2.689556079771846,-8.000946150009879,5.698812240446216,0.919669563315956,0.0192707912550805,0.018266231469241,0.038541582510161,0.036532462938482,2.651014497261685,0.0045946459476828,0.0046158541633093,0.0,-0.013626000991215,-0.0045804450026018,-4698.013697241744,-1579.2596357185007,95.00943954284963,50.69146137300049,0.0263048862059816,2.663251193565864,3053.2633587643863,0.0360350358733742,5.463986122018944,3047.7993726423683,4.028349710418018e-05,0.03599475237627
96.30378314623388,605.0945152902258,2.4457234086601587,-7.654931235988045,5.703187998882972,0.9447915366918096,0.0185626558646214,0.0176284953573217,0.0371253117292429,0.0352569907146434,2.408598096930916,0.0045558614976323,0.004576712365283,0.0,-0.0126508025482869,-0.0040418865926872,-4631.956905820195,-1479.8938204971776,94.84742276353964,52.79449698199824,0.0261018510360213,2.4196215576241373,3082.5429033113023,0.0361175984504516,5.762790773468258,3076.780112537835,4.1124965471925566e-05,0.0360764734849797
99.24157161099738,623.5531846076295,2.2301078575001325,-7.328577891926401,5.707685275967151,0.970600428685154,0.0179260838240872,0.0170567183739589,0.0358521676481745,0.0341134367479179,2.194255689851958,0.0045166417221198,0.0045371343323441,0.0,-0.0117529315427005,-0.0035764517166301,-4569.758083155776,-1390.5908565627053,94.69648898148051,50.9468140780009,0.0258965348238054,2.204211322676327,3110.0161096251145,0.0361905458583093,6.0683112897989,3103.947798335317,4.193516356939778e-05,0.0361486106947399
102.26897858068077,642.5749435983971,2.038754375970077,-7.020652046724108,5.712308381481981,0.997115951608936,0.0173523063036477,0.0165426051488047,0.0347046126072954,0.0330852102976095,2.0040497633627816,0.0044774005440646,0.0044975378223574,0.0,-0.0109258104703067,-0.0031727884759295,-4511.295092947715,-1310.052478149957,94.5558576774114,52.20700098399902,0.0256913229986843,2.013063052971392,3135.8632761815666,0.0362551701974571,6.380666170444581,3129.4826100111227,4.271517137575435e-05,0.0362124550260813
105.38873790645152,662.1769695560165,1.86834746054139,-6.72991937300482,5.717061895929113,1.0243583127816516,0.0168337544332422,0.0160790013019173,0.0336675088664844,0.0321580026038347,1.8346799516749053,0.004438456421309,0.0044582441436562,0.0,-0.0101633244320127,-0.0028215228653966,-4456.397615772658,-1237.1766594989767,94.42478644095104,51.77930837700114,0.0254880577164459,1.8428594028249436,3160.2417109639523,0.0363125650106474,6.700000870990982,3153.541710092962,4.346609559944196e-05,0.0362690989150479
108.60366683678676,682.3769637747255,1.7161010785637776,-6.455186143772257,5.721950678553068,1.0523482142723652,0.0163639117007038,0.0156597571537005,0.0327278234014076,0.0313195143074011,1.68337325516237,0.0044000531953939,0.0044194992270901,2.220446049250313e-16,-0.0094598535508348,-0.0025148871806439,-4404.870321387991,-1171.0278435208822,94.3025813087946,53.34717819099751,0.0252881566013129,1.690812921962464,3183.289205579286,0.0363636596243244,7.026484711757113,3176.2627208675303,4.418904960457543e-05,0.0363194705747198
111.91666856154411,703.1931675343815,1.579675086107752,-6.195337129074811,5.726979874338522,1.0811068524953515,0.0159372561309146,0.0152796762158206,0.0318745122618293,0.0305593524316413,1.5478005738459226,0.0043623946161928,0.0043815084852195,0.0,-0.0088102919867632,-0.0022464312212341,-4356.5187397374775,-1110.8167274752568,94.18862416353338,51.6532556380007,0.0250928109140955,1.5545822751936562,3205.127029815228,0.0364092471605863,7.3603091763040975,3197.766720638925,4.488514024013499e-05,0.0363643620203462
115.33073483364076,724.6443785729565,1.457080092541967,-5.949314369653273,5.732154919935816,1.1106559177796256,0.0155489560585478,0.0149342266392498,0.0310979121170957,0.0298684532784997,1.425982180424871,0.0043256218586708,0.0043444141514876,-2.220446049250313e-16,-0.0082099779499694,-0.0020107519434724,-4311.137214332556,-1055.8648981910994,94.08232751157706,54.042204513003526,0.0249028549526884,1.4321772375892778,3225.8623966793134,0.0364500071974679,7.701686209477699,3218.160710469837,4.55554574089133e-05,0.036404451740059
118.8489486707075,746.7499680615301,1.346626511717589,-5.716137066140084,5.737481548480861,1.1410175940422491,0.0151948439951417,0.0146195172685676,0.0303896879902834,0.0292390345371353,1.3162368237273057,0.0042898396992312,0.0043083217087344,-2.220446049250313e-16,-0.007654686723293,-0.0018033164637599,-4268.525171575437,-1005.5933046159194,93.98315495325843,51.46947892500248,0.0247189163087831,1.3219075954088058,3245.5904754196763,0.0364865241363099,8.050846214021439,3237.539629205656,4.620106518856292e-05,0.0364403230711214
122.47448713915892,769.5298980971186,1.2468752059139911,-5.494905810995165,5.742965793287363,1.172214558701653,0.0148713450194666,0.0143322298019719,0.0297426900389333,0.0286644596039439,1.217132515875058,0.0042551311313564,0.0042733146455387,0.0,-0.0071406008065221,-0.0016203076826478,-4228.494308788374,-959.5077501468172,93.8906262960406,53.37645679400157,0.0245414998332826,1.2223337060807085,3264.3961559102127,0.0365193023958157,8.40803728141141,3255.9881186288026,4.682299720049952e-05,0.0364724793986153
126.2106242231912,793.0047397291189,1.15658698839056,-5.284780606210481,5.748613990401097,1.2042699829695516,0.0145752857203718,0.0140694350851007,0.0291505714407436,0.0281388701702015,1.1274364169498163,0.0042215384505498,0.0042394353900576,0.0,-0.0066642484482699,-0.0014584868544236,-4190.856069153439,-917.1789637027416,93.80428313474096,47.968063431999326,0.0243708775946866,1.132216110795873,3282.3554843786337,0.0365487788121192,8.773523975765048,3273.58196040287,4.742225244650312e-05,0.0365013565596727
130.06073378130145,817.195691535669,1.0746992080857447,-5.084996528792471,5.754432780017759,1.2372075326640728,0.0143039357307614,0.0138286326459726,0.0286078714615229,0.0276572652919453,1.0460913366242215,0.0041890933593549,0.0042067156840918,0.0,-0.0062224955190803,-0.0013151063071149,-4155.43725480304,-878.2395625444659,93.72371719636256,53.36441446800018,0.0242072626287526,1.0504919454569912,3299.5368770024998,0.0365753328819616,9.147586299744017,3290.3892907027566,4.799979249154346e-05,0.03652733308947
134.02829259299625,842.1245987666806,1.0002936135634874,-4.894851135508831,5.760429106778762,1.2710513696892736,0.0140549043194735,0.0136076504494067,0.028109808638947,0.0272153008988135,0.9721838049245404,0.0041578111988482,0.0041751707706355,0.0,-0.0058125022623463,-0.0011878213924975,-4122.0745485130055,-842.371857971025,93.64855444802642,48.74300813800073,0.0240507752329406,0.9762428383305464,3316.002189109975,0.0365992953286928,9.53051950645054,3306.4716696035257,4.855654086586966e-05,0.0365507387878269
138.11688349844124,867.8139730708407,0.9325745798802348,-4.713700698290358,5.7666102189737405,1.3058261543304586,0.0138260986486186,0.0134046037146618,0.0276521972972372,0.0268092074293236,0.9049223825829976,0.0041276958506903,0.0041448043423762,0.0,-0.0054316948615271,-0.0010746249874039,-4090.615330850152,-809.3012513507367,93.57845427931817,53.19099021000147,0.0239014710763933,0.9086731088038412,3331.807603744251,0.0366209551961139,9.922633742762542,3321.88497000149,4.909338261731168e-05,0.0365718618134966
142.33019863388796,894.2870128243968,0.8708494257289205,-4.5409539454887,5.772983666691414,1.3415570485130226,0.0136156735123582,0.0132178453264018,0.0272313470247165,0.0264356906528036,0.843618078704204,0.0040987403876511,0.0041156092013043,0.0,-0.0050777366554247,-0.0009737918735714,-4060.916139284248,-778.7893315549578,93.5131039318366,49.63379670899667,0.0237593446976146,0.8470900810313057,3347.004391061173,0.0366405657822222,10.324253815699274,3336.680137245475,4.961116443802307e-05,0.0365909546177842
146.6720427657972,921.5676240800728,0.8145151641429386,-4.376072733372445,5.7795572989775215,1.3782697201772334,0.0134220297588075,0.0130459634005133,0.026844059517615,0.0260919268010266,0.7876711046253235,0.0040709379018428,0.0040875781787775,0.0,-0.0047485096253687,-0.000883836565934,-4032.8469516956334,-750.6308045963984,93.45222655158736,52.80810527299764,0.0236243922982947,0.7908907718446435,3361.639571770498,0.0366583496355007,10.735719416546512,3350.9038523539534,5.011069561989508e-05,0.0366082389398809
151.1463367266727,949.6804421550482,0.7630426241670154,-4.2185613082490985,5.786339260073276,1.4159903489164156,0.0132437465464457,0.0128877146816859,0.0264874930928914,0.0257754293633718,0.736555131074124,0.0040442737285831,0.0040606962959325,0.0,-0.0044420850646099,-0.0008034730318711,-4006.285168476183,-724.6466567020794,93.39556689007516,48.63676861700151,0.0234965664003883,0.7395460577666267,3375.756486340833,0.036674502762159,11.157385458418878,3364.599100882416,5.059274925352445e-05,0.0366239100129055
155.7571209557058,978.6508538774845,0.715968519853646,-4.067969684826667,5.793337984826427,1.4547456330279989,0.0130796044777747,0.0127420462480324,0.0261592089555494,0.0254840924960648,0.6898093108980965,0.0040187397746198,0.0040349552096095,-1.1102230246251563e-16,-0.004156711935323,-0.0007315872836741,-3981.1220056033385,-700.6832033041692,93.34290485713112,52.37347375000172,0.0233758592829039,0.6925926605707419,3389.3952888556623,0.0366891981839856,11.58962274065298,3377.8056661150117,5.105806376133412e-05,0.0366381401202243
160.50855914742883,1008.5050205116904,0.6728841907803108,-3.9238854179870217,5.800562193383541,1.4945627981185452,0.0129285380143851,0.0126080486483925,0.0258570760287703,0.025216097296785,0.6470271147515405,0.0039943292172814,0.0040103478669377,0.0,-0.0038907941340699,-0.0006672095597887,-3957.2581439525247,-678.6070846248897,93.29404541947348,48.99909797199871,0.0232622722192751,0.6496219185610352,3402.593384479631,0.0367025889679409,12.032819139073087,3390.56056534056,5.150734491248551e-05,0.0366510816230284
165.40494201167326,1039.2699013826368,0.6334280336567639,-3.7859312946096377,5.808020885292839,1.5354696074023038,0.0127896259779767,0.0124849461593104,0.0255792519559535,0.0249698923186208,0.6078487817008104,0.0039710400994881,0.0039868721285823,0.0,-0.0036428759166149,-0.0006094932921794,-3934.604443190397,-658.3026900714626,93.24881984797588,52.32322801899864,0.0231558365897979,0.610272197066966,3415.385794061804,0.0367148107874383,12.487380804199844,3402.8984132576065,5.194126759634481e-05,0.036662869519842
170.45069114822493,1070.9732782211324,0.5972795876545355,-3.653764617317225,5.815723333163967,1.577494373819618,0.012662095671739,0.0123721005322545,0.0253241913434781,0.0247442010645091,0.5719553963110574,0.0039488819288181,0.0039645374189881,-1.1102230246251563e-16,-0.0034116300486843,-0.0005576979368211,-3913.08427005661,-639.6704780049441,93.20709104889974,47.03642589300216,0.0230566527728107,0.5742229348817248,3427.805477896962,0.0367259841176123,12.953734060798416,3414.851743836165,5.236047802323001e-05,0.0366736236395891
175.65036303967963,1103.6437802516753,0.5641521662922026,-3.5270707172511813,5.82367907605245,1.6206659740939795,0.0125452865780743,0.0122689754458805,0.0250905731561487,0.024537950891761,0.5390615931360538,0.0039278703842118,0.0039433593887693,0.0,-0.003195841611545,-0.000511172333308,-3892.629659602081,-622.6230294438982,93.1687446061284,52.74517596900114,0.0229648595617307,0.5411873067304718,3439.8836059866417,0.0367362161070687,13.432327588974715,3426.4512783976693,5.276559583175433e-05,0.036683450511237
181.00865316610103,1137.3109100456118,0.5337883032460384,-3.405562363237646,5.831897912753922,1.665013864828891,0.0124386555432895,0.012175141572038,0.0248773110865791,0.0243502831440761,0.5089109921594593,0.0039080328879627,0.0039233655294834,-1.1102230246251563e-16,-0.0029943987463384,-0.0004693424625853,-3873.183230550892,-607.083260936455,93.13369326313456,48.902859863999765,0.0228806672423649,0.510907636003673,3451.6497731412924,0.0367456021726985,13.923634856204666,3437.72613828509,5.315721601645605e-05,0.036692444956682
186.53040024519828,1172.0050701629573,0.5059560211147175,-3.28898036643438,5.840389895213323,1.7105681007316242,0.012341792090218,0.0120902917710319,0.024683584180436,0.0241805835420638,0.4812724369342814,0.0038894167613727,0.0039046033912492,0.0,-0.0028062851007778,-0.0004317012221153,-3854.701665127515,-592.9830220259252,93.10188476769976,52.31102023199856,0.0228044061910675,0.4831516149236497,3463.1321835133863,0.0367542273792705,14.428157697783462,3448.7040258156053,5.3535911357219815e-05,0.0367006914679133
192.22059060185296,1207.757590606945,0.4804429487968146,-3.177086278508203,5.849165322269384,1.757359355025727,0.01225437575727,0.0120141996722647,0.0245087515145401,0.0240283993445294,0.4559341972822745,0.0038720803033853,0.0038871315890479,0.0,-0.0026305661858118,-0.00039779749888,-3837.1500688814526,-580.2586182629367,93.07328908684984,49.873409488001926,0.0227364752937568,0.4577064735030576,3474.357779326196,0.036762167616778,14.946430267100466,3459.411349059097,5.390223459117105e-05,0.0367082653821869
198.08436267093845,1244.600757116073,0.4570534277463506,-3.069662661943096,5.8582347339717975,1.805418942094239,0.01217618767069,0.0119467313903231,0.0243523753413801,0.0238934627806462,0.4327010524049704,0.003856098837896,0.0038710258963564,0.0,-0.0024663834120235,-0.000367228948828,-3820.5044731453168,-568.8490422156043,93.04790400188828,51.55860137700074,0.0226773783621393,0.4343760493842107,3485.352309461481,0.0367694906036436,15.479023240334426,3469.8732862211486,5.425672020900555e-05,0.0367152338834346
204.1270116375016,1282.567840319227,0.435605131011179,-2.966511208126364,5.867608906719791,1.8547788423651148,0.012107106824019,0.0118878423831751,0.0242142136480381,0.0237756847663503,0.4113909173631408,0.0038415661443657,0.0038563806858482,0.0,-0.0023129468203319,-0.0003396351579365,-3804.7518734894097,-558.6931321129816,93.0257551128721,49.624875608002185,0.022627733659985,0.4129773973511934,3496.1403540966207,0.0367762567553703,16.026549017015466,3480.113805079608,5.459988640920987e-05,0.0367216568689611
210.3539942184944,1321.6931257801832,0.4159252586946328,-2.8674473483168126,5.8772988494807805,1.905471729420552,0.0120470759921654,0.0118375445322274,0.0240941519843309,0.0236750890644548,0.3918311067103018,0.0038285863605319,0.0038433007694371,-5.551115123125783e-17,-0.0021695258092714,-0.0003146912475988,-3789.885448806946,-549.7255552550406,93.00688455325007,51.17187950099833,0.0225882271904212,0.3933370315042109,3506.7452839043885,0.0367825199265308,16.589667018212122,3490.155616886179,5.493223655936064e-05,0.0367275876899715
216.7709335903737,1362.0119449586375,0.3978494480313718,-2.772302140564436,5.887315801353507,1.9575309992798309,0.0119961261702998,0.0117959306778749,0.0239922523405996,0.0235918613557499,0.3738571956907721,0.0038172826630051,0.0038319101471762,0.0,-0.0020354462755087,-0.0002921042282367,-3775.908630483162,-541.8757005139291,92.9913602701912,49.15038308400108,0.0225596651588372,0.3752897828725343,3517.189169815248,0.0367883280563045,17.169089594158773,3500.020080221092,5.525426050391108e-05,0.0367330737958006
223.383624467022,1403.5607071157149,0.3812178795813329,-2.6809127037288887,5.897671230740483,2.0109908017677185,0.0119543015710746,0.0117631014393793,0.0239086031421493,0.0235262028787587,0.3573092764391836,0.0038077759810801,0.0038223305595766,5.551115123125783e-17,-0.0019100796211644,-0.0002716076886796,-3762.823730161222,-535.0624366303291,92.979249168789,51.08749667699885,0.022542848975595,0.3586750306057372,3527.492632634446,0.036793723728567,17.7655875616201,3509.727045072829,5.556643524593273e-05,0.0367381572933211
230.19803833256847,1446.3769321927573,0.3658757653222161,-2.593124098665837,5.908376836390337,2.065886073843937,0.0119216788849055,0.0117391845535744,0.023843357769811,0.0234783691071489,0.342032407552405,0.0038001909204776,0.0038146874611318,5.551115123125783e-17,-0.0017928411612141,-0.0002529601773775,-3750.634878623402,-529.1942670104243,92.97062384045395,47.92335009800081,0.0225386110334197,0.3433371542887958,3537.6746432198315,0.0367987446651591,18.37999501394912,3519.2946482058846,5.586922491959837e-05,0.0367428754402396
237.22032883384307,1490.4992846931127,0.3516724440200873,-2.5087835992872494,5.919444550561777,2.1222525747335546,0.0118983172871532,0.0117242860476555,0.0237966345743064,0.023448572095311,0.3278758094457808,0.0037946405074034,0.0038090946522674,5.551115123125783e-17,-0.0016831833634886,-0.0002359427123727,-3739.340160187458,-524.1675262582188,92.96554408555828,51.133432206999714,0.0225477245819382,0.3291247194381486,3547.752307169173,0.0368034241799746,19.013213706607136,3528.7390934625687,5.616308045635468e-05,0.0367472610995183
244.45683733732776,1535.967608597488,0.338462252022239,-2.427737378258348,5.930886544543123,2.180126922656932,0.0118842241711245,0.0117184566894937,0.0237684483422491,0.0234369133789875,0.3146938036799899,0.003791214863539,0.0038056428733658,5.551115123125783e-17,-0.0015805915207255,-0.0002203576755966,-3728.92597518621,-519.8670558391188,92.9640439635717,47.65008781900178,0.0225708361109816,0.315891415911257,3557.740638362094,0.0368077915984498,19.666215402845747,3538.0744229592506,5.644843831967943e-05,0.0367513431601302
251.9140986556256,1582.822963344415,0.32610655901584,-2.3498282920596143,5.942715236740159,2.2395466329235774,0.0118793268258597,0.011721664126002,0.0237586536517195,0.023443328252004,0.3023479053641206,0.0037899711342574,0.0038043896612571,-5.551115123125783e-17,-0.0014845806173386,-0.0002060284482648,-3719.362180588345,-516.1689501075024,92.96612111282197,50.74992056200063,0.0226084044064493,0.3034981546093905,3567.6523649378964,0.036811872662882,20.34004220824717,3547.3123227296514,5.672571866263067e-05,0.0367551469442194
259.5988469486186,1631.1076609083225,0.3144767455978972,-2.274894558632913,5.954943303515879,2.3005501571200546,0.0118834494149267,0.0117337700893768,0.0237668988298534,0.0234675401787537,0.2907098467680437,0.0037909246220012,0.0038053504185984,0.0,-0.0013946930746227,-0.0001927995025311,-3710.5979423448016,-512.9454289222477,92.97172830933536,47.82893857399904,0.0226606459927638,0.2918160996051331,3577.497807851197,0.0368156899350704,21.03580472380871,3556.4620031273903,5.699532310779882e-05,0.0367586946119626
267.5180218046417,1680.8653040086729,0.3034572520003895,-2.2027680528465705,5.96758369293025,2.3631769230897715,0.0118962821633967,0.0117544997501646,0.0237925643267935,0.0235089995003293,0.279664687673596,0.0037940374709284,0.0038084870133647,0.0,-0.0013104964732112,-0.0001805363292803,-3702.556392808543,-510.0707661372712,92.9807626325327,52.668278809000185,0.0227274649956918,0.2807297870046976,3587.2848626041214,0.0368192631991667,21.754677498413034,3565.53018510571,5.7257632195010816e-05,0.0367620055669717
275.6787745071669,1732.1408254847054,0.2929494844049994,-2.1332770162911,5.9806496414885055,2.4274673753812457,0.0119173954272336,0.0117834552573396,0.0238347908544672,0.0235669105146793,0.2691146935505321,0.0037992212087782,0.0038137103379784,0.0,-0.001231584051888,-0.0001691256739029,-3695.136211986016,-507.4297617425945,92.99307157486166,49.10312747600256,0.0228084653655715,0.2701410190394276,3597.0191183759707,0.0368226098660467,22.497892431928395,3574.521225944044,5.751300294746285e-05,0.0367650968630993
284.0884744926546,1784.98052887131,0.2828743912181759,-2.0662473988627776,5.994154693959202,2.4934630158159496,0.0119462406584432,0.0118201163046957,0.0238924813168865,0.0236402326093915,0.2589819099012893,0.0038063359262276,0.0038208794770509,0.0,-0.0011575741950357,-0.0001584747769753,-3688.2113748010497,-504.9252804407696,93.00845484513914,52.12271182100085,0.022902942652417,0.2599714485657585,3606.704130452914,0.036825745372816,23.2667308866194,3583.4373995662963,5.776176692829061e-05,0.0367679836058878
292.7547160054045,1839.4321302126896,0.2731745732624672,-2.0015077390200324,6.008112726274749,2.5612064438201565,0.0119821942368835,0.0118638830864176,0.0239643884737671,0.0237277661728352,0.2492101847887,0.003815203370101,0.0038298148927868,0.0,-0.0010881117634868,-0.0001485102759572,-3681.6376440228014,-502.4860872161226,93.02668210256294,48.824848183998256,0.0230099595966289,0.2501646136658379,3616.341839691121,0.0368286835645936,24.062515485502413,3592.2793242056205,5.800422905780183e-05,0.0367706793355358
301.6853249554167,1895.5448011515728,0.2638144037660639,-1.9388927615532587,6.022537971473607,2.6307413961566315,0.0120245936547011,0.0119141118101174,0.0240491873094022,0.0238282236202348,0.2397652164566617,0.0038256187171635,0.0038403102800506,0.0,-0.0010228683386303,-0.000139176031928,-3675.2580941526967,-500.07202152766456,93.04750789255765,52.10336933800136,0.0231284144838451,0.2406859892822187,3625.933116819739,0.0368314370451526,24.8866030385066,3601.046513781234,5.824066749697497e-05,0.0367731963776557
310.8883659854524,1953.3692133328643,0.2547788870187173,-1.8782482129860285,6.037445048590458,2.7021127857003213,0.0120727960463143,0.0119701724869665,0.0241455920926287,0.023940344973933,0.2306332949260885,0.0038373701158318,0.0038521522497567,0.0,-0.0009615428563969,-0.0001304304814879,-3668.9122342443766,-497.6772341095747,93.07069439331434,47.49890692599729,0.0232571575267101,0.2315217294920068,3635.478387485726,0.0368340174815064,25.74037968333624,3609.738007802392,5.847133462790412e-05,0.0367755461468785
320.3721497536808,2012.9575841618653,0.2460710824113023,-1.819434949360184,6.052848994345556,2.7753667389120227,0.0121262383043019,0.0120315085291972,0.0242524766086039,0.0240630170583944,0.2218186058026983,0.0038502594592517,0.0038651412559337,0.0,-0.0009038615436687,-0.0001222435506577,-3662.445380203741,-495.3306515827503,93.09603411207318,52.242544782999175,0.0233951163639818,0.2226759660473199,3644.9782931065215,0.0368364358537009,26.625259839087217,3618.353033267437,5.869645923008152e-05,0.0367777393944709
330.14524043848485,2074.36372395836,0.2377083806856846,-1.762331071777553,6.06876529743478,2.8505506316906466,0.0121844816703454,0.012097681193084,0.0243689633406909,0.024195362386168,0.2133394173449936,0.0038641187745278,0.0038791081090002,0.0,-0.000849576692565,-0.0001145933945624,-3655.715644900013,-493.09364177526817,93.12336622850228,50.67237445700084,0.0235413966768982,0.2141669840087859,3654.434334235108,0.0368387026439199,27.542689435841243,3626.891644799268,5.8916249569283794e-05,0.0367797863943507
340.2164634722048,2137.6430845491577,0.2297188008029423,-1.7068345895360506,6.085209935172154,2.9277131233125044,0.0122472727981891,0.012168430598464,0.0244945455963782,0.0243368611969281,0.205224255206564,0.0038788316734022,0.0038939355941189,-2.775557561562892e-17,-0.0007984656568128,-0.0001074635903735,-3648.603156791039,-491.0568059273352,93.15259800656705,52.48139625499971,0.0236954155642528,0.2060233852386893,3663.849461028698,0.0368408279674815,28.49415437880641,3635.355306649893,5.913089724714983e-05,0.0367816970702343
350.594913510804,2202.8528093429813,0.2221368671249133,-1.6528631212567166,6.102199412196447,3.006904188209863,0.0123145729810016,0.0122437053815538,0.0246291459620033,0.0244874107631076,0.1975077211629099,0.0038943447777331,0.0039095699912115,2.775557561562892e-17,-0.0007503284442094,-0.0001008405401317,-3641.014170119767,-489.3348218047638,93.183713967729,56.99550991999786,0.0238569757023116,0.198279891422601,3673.228583977193,0.036842821652105,29.48119461275833,3643.747389364436,5.934058154124729e-05,0.0367834810705638
361.28996264664966,2270.0517849328908,0.2150003265166165,-1.6003544172171182,6.119750800916389,3.088175145383597,0.0123866054471004,0.0123237104773943,0.0247732108942008,0.0246474209547886,0.1902271156224156,0.0039106841604114,0.0039260376536768,2.775557561562892e-17,-0.0007049858632473,-9.471163959502916e-05,-3632.887401328956,-488.06187497019977,93.21679069795552,54.32677796099961,0.0240263720755164,0.1909739544410995,3682.578991507397,0.036844693274705,30.505424127303648,3652.073567380094,5.954547398072144e-05,0.0367851478007243
372.31126887183166,2339.300694272881,0.2083472857425081,-1.54926635620326,6.137881783345192,3.171578685303164,0.0124639032335723,0.0124089556923256,0.0249278064671447,0.0248179113846512,0.1834194792753633,0.003927971429296,0.0039434612323492,-2.775557561562892e-17,-0.0006622775601256,-8.906391822675373e-05,-3624.199862679903,-487.38695018731966,93.25201088416554,57.72375004599962,0.0242044988613641,0.1841427868811433,3691.910678856211,0.0368464521675884,31.568558523508827,3660.342120332704,5.9745743205426175e-05,0.036786706424383
383.6687847996564,2410.662071476648,0.2022133655884685,-1.4995760357409862,6.156610693955095,3.2571688941965755,0.0125473499704171,0.012500297405338,0.0250946999408342,0.025000594810676,0.1771186656476343,0.0039464372194999,0.0039620732930098,0.0,-0.0006220598289093,-8.38829166398271e-05,-3614.971072656105,-487.4680907697624,93.28967377660692,54.37520948599922,0.024392942805978,0.1778204227824903,3701.2365771298714,0.036848107400869,32.67245095908558,3668.564126170786,5.99415599506398e-05,0.0367881658409183
395.3727666521938,2484.2003582880075,0.1966292024945549,-1.4512816559570705,6.175956563179254,3.345001275698617,0.0126382743257909,0.0125990338905093,0.0252765486515818,0.0251980677810186,0.171352653842973,0.0039664509166333,0.0039822463011247,2.775557561562892e-17,-0.0005842047526944,-7.915190972360313e-05,-3605.274409705368,-488.46633528685845,93.33022283534626,58.19749848899664,0.0245941801796273,0.172035022314927,3710.572669487597,0.0368496677466609,33.81913975594866,3676.7535297316495,6.013310241216734e-05,0.0367895346442488
407.4337835219955,2559.9819622739906,0.1916164654949159,-1.4044038096706308,6.195939161189491,3.435132769878104,0.012738549155577,0.0127070056128949,0.025477098311154,0.0254140112257898,0.1661393671837619,0.003988552084732,0.0040045243386312,0.0,-0.0005485991035745,-7.485070923105494e-05,-3595.2484205056894,-490.5346953416813,93.37427251147462,53.81996144699952,0.0248117891716615,0.166804676323254,3719.9379445900936,0.036851141624446,35.010912215578266,3684.927032374517,6.032056232050124e-05,0.0367908210621255
419.86272691634105,2638.075316793109,0.1871814923096399,-1.3589876569549186,6.216579041594646,3.527621769725692,0.0128507200555458,0.0128267250894315,0.0257014401110917,0.025653450178863,0.1614800521985481,0.0040134917561356,0.0040296647825202,0.0,-0.000515143615614,-7.095380905848475e-05,-3585.111793639272,-493.7988746225602,93.42264162452008,58.10422521200235,0.0250507296316671,0.1621307626779721,3729.3540613409855,0.0368525370173374,36.25038906299039,3693.1036722779977,6.050415182417377e-05,0.0367920328655132
432.6708205926403,2718.5509427930124,0.1833048998082038,-1.3151051538878558,6.23789758472787,3.622528135233868,0.0129781498349553,0.0129615228699793,0.0259562996699106,0.0259230457399586,0.1573486001382932,0.0040422802010091,0.0040586865492894,0.0,-0.0004837522568316,-6.742742868002989e-05,-3575.18035597378,-498.3237081921713,93.47638697648676,53.305003174999,0.0253176710229798,0.1579872287852239,3738.8445101730654,0.0368538613424742,37.54063545081057,3701.303874722256,6.068411136838583e-05,0.0367931772311058
445.8696306938666,2801.481512493291,0.1799249908674682,-1.2728530375858185,6.259917040222928,3.7199132052466095,0.0131250887931368,0.0131156195110259,0.0262501775862737,0.0262312390220518,0.1536748132811944,0.0040762145188566,0.0040928980493094,0.0,-0.0004543499687252,-6.422494314707675e-05,-3565.874252917599,-504.0565355507365,93.536805106937,58.41133546699712,0.025621202242767,0.1543037886247009,3748.4329148733,0.0368551212496461,38.88530048082063,3709.547614392481,6.086071806792219e-05,0.0367942605315782
459.4710761931755,2886.9419150109525,0.1769148304620711,-1.232341796069149,6.282660568619872,3.819839807293521,0.0132965424407881,0.0132939947658039,0.0265930848815762,0.0265879895316078,0.1503217455804949,0.0041168471979374,0.0041338656913254,0.0,-0.0004268675409302,-6.128104952239747e-05,-3557.699184691905,-510.7428394480097,93.6053598304344,53.74530336200041,0.0259716749748606,0.1509431554872102,3758.1399896368935,0.0368563223205736,40.28877589607682,3717.8512137408175,6.103429276507062e-05,0.0367952880278086
473.4874396571437,2975.009323987846,0.1740571263969075,-1.193665742147832,6.306152281787213,3.922372265658892,0.0134976626327641,0.0135017790330653,0.0269953252655283,0.0270035580661307,0.1470618011313792,0.0041658106343654,0.0041832372084143,2.775557561562892e-17,-0.0004012309247312,-5.850641374245946e-05,-3551.1667126146726,-517.8215739373311,93.68345195585005,55.7592157250001,0.026380130867099,0.1476769955298084,3767.9786906628847,0.0368574686611029,41.75633977342881,3726.2223508894576,6.120520174494698e-05,0.036796263459358
487.93137833734033,3065.7632672810605,0.1710319020415097,-1.156846687776924,6.330417281992114,4.027576407944329,0.0137323790878837,0.0137428823074526,0.0274647581757675,0.0274857646149053,0.1435671438657422,0.0042244055745626,0.0042423268839001,2.775557561562892e-17,-0.0003773437760583,-5.5787706724398566e-05,-3546.618081262255,-524.3433228120731,93.7719607790039,52.454798480001045,0.0268556994217009,0.1441762026198086,3777.947580194831,0.0368585624417601,43.29420990999038,3734.6533702848415,6.137384625234295e-05,0.0367971885955078
502.8159356002567,3159.2856987792898,0.1674445468327475,-1.1217537816005874,6.355481699504071,4.135519570405206,0.0140011804097358,0.0140177678660397,0.0280023608194716,0.0280355357320794,0.1394421860132759,0.004292913910409,0.0043114224759296,0.0,-0.0003550656346255,-5.300076118391133e-05,-3543.9406797623224,-529.0051621472784,93.87057070391668,57.64011052000205,0.0274011666446011,0.1400433801881463,3788.023724365666,0.03685960356263,44.90938876973089,3743.1143355959366,6.154063162915502e-05,0.0367980629310008
518.1545527059075,3255.6610724099683,0.1629230269583751,-1.0880371304036618,6.381372728663327,4.246270602333403,0.014298842892387,0.0143211692597539,0.028597685784774,0.0286423385195078,0.134325341173601,0.0043698645129551,0.0043890440407546,2.775557561562892e-17,-0.0003341985256463,-5.004299382975178e-05,-3542.28013079185,-530.4221566675817,93.97718292076549,51.47573297299823,0.0280081259465736,0.1349149010118013,3798.158487802676,0.0368605897514954,46.6091926160329,3751.549295186645,6.1705912971621e-05,0.0367988838385238
533.9610809457441,3354.976418404029,0.157272314045966,-1.0551412788628665,6.408118662393125,4.359899869754337,0.0146138824712186,0.0146415315596459,0.0292277649424373,0.0292830631192918,0.1280445491035287,0.0044517935104437,0.0044717005981472,2.775557561562892e-17,-0.0003145003562692,-4.687732324532428e-05,-3539.9741086695867,-527.6449048920487,94.08795492400662,57.45381101100065,0.0286551880556215,0.1286171259903444,3808.2808412023737,0.0368615173906284,48.40049316190976,3759.8803480404654,6.186992920693241e-05,0.0367996474614215
550.2497941508433,3457.3214218871703,0.1506012982835463,-1.0224457111069765,6.435748925172218,4.476479258680935,0.0149314382974289,0.0149638951836119,0.0298628765948578,0.0299277903672239,0.1207384216886884,0.0045340553693163,0.0045547066615106,0.0,-0.0002957334844929,-4.3560109086224615e-05,-3534.923459726811,-520.6770947197242,94.19836441364436,51.80386323900166,0.0293129485012915,0.1212883497822541,3818.31057115168,0.0368623830332962,50.28894586472893,3768.0216252869536,6.203275562488125e-05,0.0368003502776713
567.0354015816564,3562.78850386854,0.1433125252837394,-0.9894754395178514,6.4642941045236855,4.596082178154094,0.0152387623224471,0.0152754013600213,0.0304775246448943,0.0305508027200426,0.112835000638845,0.0046124907780387,0.0046338644350119,0.0,-0.0002777250006402,-4.022481972424916e-05,-3525.291720774472,-510.59221754127617,94.3048707087979,57.0968560270012,0.0299546625484094,0.1133578627353298,3828.17761527346,0.0368631850376654,52.27863156961374,3775.898983703848,6.219430654885854e-05,0.0368009907311165
584.3330612109736,3671.472904700059,0.1359426390420713,-0.9560420934179068,6.493785981097775,4.718783563258169,0.0155297894710691,0.0155698851314127,0.0310595789421383,0.0311397702628255,0.104883060099933,0.0046848944688,0.0047069460141466,0.0,-0.000260397425838,-3.702673084364685e-05,-3510.082641736568,-499.1097158363855,94.4060876552334,51.39690384300047,0.0305659000404492,0.1053767390016219,3837.8385368379336,0.0368639245210263,54.37235975408747,3783.466177083848,6.235439285830312e-05,0.036801570128168
602.1583934120864,3783.472770081686,0.1289680495676111,-0.9222311957908028,6.52425755744932,4.8446598782756505,0.0158059468358951,0.0158486995885381,0.0316118936717903,0.0316973991770762,0.0973561558958208,0.0047513635549124,0.0047740467868247,0.0,-0.0002437525659186,-3.408721494903919e-05,-3489.236616994375,-487.9471037496021,94.50278759828733,56.94018992600104,0.0311471108285576,0.0978209387390528,3847.28277889412,0.0368646052520855,56.57246959382933,3790.710309300293,6.251280431324341e-05,0.0368020924477722
620.5274950645138,3898.889239690306,0.1226945013221913,-0.888283316100148,6.555743085616341,4.973789120103769,0.0160737380731309,0.0161183015691242,0.0321474761462618,0.0322366031382484,0.0905470251759295,0.0048136223072795,0.0048369053427355,1.3877787807814457e-17,-0.0002278298411397,-3.146909126660319e-05,-3463.31826293929,-478.3722709742599,94.59705830617057,51.32934175600167,0.0317095087564189,0.0909849925657717,3856.528408852927,0.036865232770027,58.88170886319812,3797.646699989732,6.266937725999057e-05,0.0368025633927671
639.4569540900329,4017.826538512306,0.1172519029900752,-0.8544690948275274,6.588278093613118,5.106250822032302,0.0163415517427072,0.0163870528155408,0.0326831034854145,0.0327741056310817,0.0845687995046607,0.0048740522377755,0.0048979249799846,-1.3877787807814457e-17,-0.0002126694835222,-2.9182918143970075e-05,-3433.108605536628,-471.0978075245947,94.69135529721002,56.93281916599881,0.032268891849793,0.0849830111402819,3865.612520110427,0.0368658133235098,61.3038618887852,3804.308658221644,6.282402780687996e-05,0.036802989295703
658.9638644321317,4140.392070962251,0.1126457278926821,-0.8210148215243331,6.621899410937573,5.242126057936668,0.0166174389242511,0.016662989672698,0.0332348778485023,0.033325979345396,0.0794108500441797,0.0049349847930895,0.0049594596510494,0.0,-0.0001982939797615,-2.720653647336897e-05,-3399.323257181836,-466.3974785946325,94.78789720205064,52.38101770499998,0.0328410429418526,0.0798046849508293,3874.581705057408,0.0368663530549167,63.84404920950626,3810.737655847905,6.297675433535749e-05,0.0368033763005814
679.0658414924213,4266.696517872723,0.1088150211900192,-0.788078608205296,6.656645193187655,5.381497446931086,0.0169081491253918,0.0169528542645927,0.0338162982507837,0.0339057085291855,0.0749987229392355,0.0049983736773617,0.0050234829221686,0.0,-0.0001847046315349,-2.5503342160429065e-05,-3362.492253439518,-464.2806720037019,94.88843344391628,57.83436421299848,0.0334395434469138,0.0753754777431052,3883.4853028530383,0.0368668575465509,66.50879086376531,3816.9765119892754,6.312762337093642e-05,0.03680372992318
699.7810380379412,4396.853936442872,0.1056744213330915,-0.7557555997636619,6.692554945855747,5.524449158490818,0.017219002157061,0.0172619651416081,0.0344380043141221,0.0345239302832163,0.0712364170189694,0.0050657314506531,0.0050915237426077,0.0,-0.0001718855369516,-2.4034098667053725e-05,-3322.9469838096,-464.6349954197261,94.99424044253512,52.90526340900033,0.0340753024055311,0.0715991189275598,3892.3716847706487,0.0368673316555677,69.30595746691309,3823.065727303738,6.32767508649647e-05,0.0368040549047028
721.1281605937223,4530.981863235917,0.1031378886277882,-0.7240931348227311,6.729669547350781,5.671066918046634,0.0175541100115538,0.0175944403090361,0.0351082200231077,0.0351888806180723,0.0680296686046804,0.0051381837337085,0.0051647210192387,0.0,-0.0001598093209549,-2.276281206610914e-05,-3280.8528611754346,-467.3159027849544,95.1062054597982,57.939026037001895,0.0347568657637331,0.0683810228640548,3901.2867687144303,0.0368677795189672,72.24469492629193,3829.042073788141,6.342428525711838e-05,0.0368043552337102
743.1264863354169,4669.201420318683,0.1011294487967247,-0.6931061850309617,6.76803127127334,5.821438013049149,0.0179166684771585,0.0179534913327182,0.0358333369543171,0.0359069826654365,0.0652961118424076,0.0052165524166031,0.0052439075351279,1.3877787807814457e-17,-0.0001484421258879,-2.1658831927156923e-05,-3236.25238357823,-472.1937659577126,95.2249223943227,52.28717429000244,0.0354909301814115,0.0656385186153125,3910.273847568536,0.0368682046354313,75.33536272196667,3834.938484846572,6.35703942980464e-05,0.0368046342411333
765.7958804972369,4811.637424638893,0.0995864836022194,-0.6627895017993641,6.807683807939061,5.975651299491122,0.0183091859909876,0.0183416553597331,0.0366183719819753,0.0366833107194662,0.0629681116202441,0.0053014245043832,0.0053296793973408,1.3877787807814457e-17,-0.0001377471831949,-2.0697004951426346e-05,-3189.1027715155874,-479.17405148862673,95.3507668771769,58.27297040100166,0.0362827721347833,0.0633037114674359,3919.374064740754,0.0368686099690075,78.58949541848459,3840.784569322272,6.371525542015621e-05,0.0368048947135874
789.156814310938,4958.418500739134,0.0984593988235308,-0.6331261818943298,6.848672285127892,6.133797208900353,0.0187336135540099,0.0187609285772116,0.0374672271080198,0.0375218571544232,0.060992171715511,0.0053931937398815,0.0054224379985502,1.3877787807814457e-17,-0.0001276871207623,-1.985701666949933e-05,-3139.304573607175,-488.2029046982484,95.4839443494778,51.7537020689997,0.0371365008384951,0.0613228979850352,3928.627138243602,0.0368689980480825,82.0197809716422,3846.607357271962,6.385904867576311e-05,0.0368051389994068
813.2303834920347,5109.677196909172,0.0977098078043934,-0.6040933820301657,6.891043288009767,6.295967755815586,0.0191913719119845,0.019212797187968,0.0383827438239691,0.0384255943759361,0.0593270639804243,0.0054920732350607,0.0055224026749852,0.0,-0.0001182253513774,-1.912250109723132e-05,-3086.722178963279,-499.2655768524873,95.62451339477263,58.031319046000135,0.0380551158871439,0.0596546919172488,3938.072124177519,0.0368693710495736,85.64004214580856,3852.432082031712,6.400195119644747e-05,0.0368053690983772
838.0383272899461,5265.550104881547,0.0973082492084774,-0.5756658889639924,6.934844878183707,6.462256545787441,0.0196832736225418,0.0196981634525789,0.0393665472450837,0.0393963269051578,0.0579417019633937,0.0055980787863876,0.00562959369543,1.3877787807814457e-17,-0.0001093268276813,-1.848016774510713e-05,-3031.1975820110792,-512.381461825538,95.77238725680708,51.75239099800092,0.039040359005008,0.0582678902034693,3947.7481181734247,0.0368697308662484,89.46520256220417,3858.282915611222,6.414413224987123e-05,0.0368055867339986
863.6030481192793,5426.177983178561,0.0972319195081482,-0.5478184790692855,6.980126611757038,6.632758783972199,0.0202093512782249,0.0202171779974914,0.0404187025564498,0.0404343559949828,0.0568132169516984,0.0057109869985948,0.0057437897069338,0.0,-0.0001009584427137,-1.79190435347997e-05,-2972.560569904122,-527.5977008973041,95.92731972905858,57.14438118199905,0.0400923793857047,0.0571395401224433,3957.694848380089,0.0368700791584253,93.51121529304262,3864.183633087048,6.428574815406637e-05,0.0368057934102712
889.9476317899638,5591.7058842219685,0.097462464830193,-0.5205272167520033,7.026939556384352,6.807571284408386,0.0207685689428685,0.0207689552565369,0.0415371378857371,0.0415379105130738,0.0559253269444559,0.0058302630539448,0.0058644543655639,0.0,-9.308916232893564e-05,-1.7429826755588386e-05,-2910.635100809861,-544.9814380817674,96.08887399391912,51.865484333000495,0.0412091663579918,0.0562532984722009,3967.953133376917,0.0368704173922243,97.79492604184422,3870.1582073350737,6.442693641333217e-05,0.036805990455811
917.0958683545248,5762.283285320254,0.0979838620819753,-0.4937701714835532,7.075336307193727,6.986792480107973,0.0213584144104416,0.0213511693544501,0.0427168288208832,0.0427023387089003,0.0552670332610921,0.005954959183872,0.0059906331598243,0.0,-8.569002026357519e-05,-1.7004346581084424e-05,-2845.2436059293946,-564.6107707060919,96.2563779680304,56.76089003400193,0.0423857442987835,0.0555981177831911,3978.565179614289,0.0368707468664529,102.33383486205122,3876.231344752239,6.456780849010243e-05,0.0368061790579628
945.0722735913068,5938.064223651704,0.0987802854346076,-0.4675275249169197,7.125371001531757,7.170522434107576,0.0219743461726148,0.0219595037815773,0.0439486923452297,0.0439190075631547,0.0548315930893778,0.0060835786239029,0.006120815083707,0.0,-7.873399601417689e-05,-1.6635098866253274e-05,-2776.208469281592,-586.5636789413469,96.42886447466482,52.486441013999865,0.043613078303184,0.0551672071314229,3989.5746866682766,0.0368710687298685,107.14571068404874,3882.428975984229,6.470844067730349e-05,0.0368063602891913
973.9021111430504,6119.207435365194,0.0998339284053616,-0.4417810665239017,7.177099332486305,7.358862851676484,0.0226090833250641,0.0225869422599391,0.0452181666501283,0.0451738845198782,0.0546157617552333,0.0062139042683191,0.0062527583098696,0.0,-7.219579842492072e-05,-1.6314846237828767e-05,-2703.349987076625,-610.9045169998054,96.6049972047238,57.49562218900246,0.0448766674919633,0.0549572609133981,4001.026717709224,0.0368713839901663,112.24800067658713,3888.7787170326383,6.484886255757779e-05,0.0368065351276088
1003.6114153308242,6305.876498924345,0.1011227999660174,-0.4165128556887302,7.230578561159683,7.551917093877968,0.0232517303819408,0.0232228915431625,0.0465034607638816,0.046445783086325,0.0546193392021358,0.0063427925488691,0.0063832803720502,-1.3877787807814457e-17,-6.605154029892258e-05,-1.6036279807139735e-05,-2626.478628187431,-637.6678878111371,96.7829824445494,50.928670917001,0.0461548102080175,0.0549679897579991,4012.967286852754,0.0368716935158954,117.65696439988967,3895.310322452866,6.498904262391023e-05,0.0368067044732715
1034.2270146638932,6498.239982824381,0.1026187702757289,-0.3917026310658121,7.285867527704375,7.749790192720734,0.0238867673761958,0.0238521648276314,0.0477735347523917,0.0477043296552628,0.0548452355233371,0.0064659434728128,0.0065080239880392,0.0,-6.02782648995926e-05,-1.5791779088947546e-05,-2545.377698569368,-666.8413959940117,96.9604704176505,57.68596924599842,0.0474166006439759,0.0552021696317526,4025.4426274167777,0.0368719980328285,123.38645404723891,3902.05617336954,6.512887083977391e-05,0.0368068691619887
1065.7765560667765,6696.471597815231,0.1042867488723507,-0.3673235189347392,7.343026661164414,7.952588868143035,0.0244930466000535,0.0244539648757779,0.0489860932001071,0.0489079297515558,0.0553006556722436,0.0065776865431886,0.0066212389777115,0.0,-5.485329304683096e-05,-1.5573387768324887e-05,-2459.771511756026,-698.3532518521862,97.13446348083252,52.63266551200286,0.0486199343432765,0.0556668145290736,4038.498175902472,0.0368722981177718,129.44627132077846,3909.051904581696,6.526813850586343e-05,0.036807029979266
1098.288529845356,6900.750353768209,0.1060873939271135,-0.3433357719693833,7.402117988203781,8.160421547079164,0.0250432820986918,0.0250013500176291,0.0500865641973836,0.0500027000352582,0.0560008297297298,0.0066709102439561,0.0067157101435481,0.0,-4.975339700296536e-05,-1.537331282665278e-05,-2369.2744498790034,-732.0826211728757,97.30129670013766,57.40320151799824,0.0497104788571199,0.0563769150699928,4052.177533131247,0.0368725941968426,135.8401029519948,3916.337430179253,6.540651750308832e-05,0.0368071876793396
1131.7922954145886,7111.260721328001,0.1079895483304554,-0.3196816245945722,7.463205140844751,8.373398384860726,0.025505881724565,0.02546302830096,0.05101176344913,0.0509260566019201,0.0569777848813253,0.0067376108452293,0.0067833141763908,0.0,-4.495428266830201e-05,-1.5185710742762468e-05,-2273.3393803097047,-767.9418333563193,97.4569691380072,51.85802903399963,0.0506252652332048,0.0573642830972501,4066.522300505598,0.0368728865654248,142.56335344842833,3923.9589470571714,6.554354680918984e-05,0.0368073430186156
1166.3181078110583,7328.192798495938,0.1100012611081679,-0.2963027024419054,7.5263533633796,8.591631289199176,0.0258556809711512,0.025814030336223,0.0517113619423024,0.0516280606724461,0.0582898991658655,0.0067717339601382,0.0068179029853208,0.0,-4.0433256955619336e-05,-1.5010694196084057e-05,-2171.3633302096564,-806.1104494783477,97.59886556321226,55.21270137400279,0.051313947064765,0.0586873140434025,4081.5749200872633,0.0368731754632222,149.60242168771555,3931.972498399549,6.567865434920145e-05,0.036807496808873
1201.8971450142933,7551.742482294901,0.1121679357293897,-0.2732515246602414,7.591629518656534,8.81523394697705,0.0261031436962705,0.0260648273292302,0.052206287392541,0.0521296546584605,0.0599616483368486,0.0067766952209807,0.006822932152693,0.0,-3.618390395340957e-05,-1.4853252211972009e-05,-2063.5251471285974,-847.0633653989563,97.73039136027433,51.75040203199751,0.0517971731341749,0.0603707625952145,4097.384052326656,0.0368734611780431,156.9396104509662,3940.444441875691,6.581127786453074e-05,0.0368076499001786
1238.5615361015427,7782.111645670992,0.114252723589511,-0.2507549224134385,7.6591020939807075,9.044321854062185,0.0262678647051861,0.0262348712754116,0.0525357294103723,0.0524697425508233,0.0617169941791387,0.0067584370768236,0.0068044243506414,0.0,-3.222196414425995e-05,-1.4681455213131926e-05,-1951.4028019229456,-889.127450795563,97.85627571760394,55.64409687599982,0.0521157807923308,0.0621369427971796,4113.987203533658,0.0368737437452763,164.5594208145517,3949.427782719108,6.594098252399938e-05,0.0368078027627523
1276.3443902614229,8019.50831979166,0.1156451234125488,-0.2285209485895058,7.728841206898208,9.279012348319968,0.0262082611559236,0.0261824663827084,0.0524165223118472,0.0523649327654168,0.0632286011007016,0.0066819572505738,0.006726906149896,-1.3877787807814457e-17,-2.849563083880467e-05,-1.4420475520568228e-05,-1832.6256484602245,-927.4170293502688,97.95443396321444,51.07948614099951,0.0519911894462531,0.0636539339662952,4131.359597183557,0.0368740221851868,172.42633776165445,3958.933259421903,6.606709876740708e-05,0.0368079550864195
1315.2798266926357,8264.14688190488,0.1163309668329089,-0.2058352343285323,7.800918611165185,9.519424645980164,0.0257881456806834,0.0257709869489468,0.0515762913613668,0.0515419738978936,0.064754675471542,0.0065144202987735,0.0065571362401984,1.3877787807814457e-17,-2.4907015481444035e-05,-1.407658509647577e-05,-1701.0526099623005,-961.3761968211644,98.00297136146182,55.92898631999924,0.0511516861321094,0.0651792807007987,4149.423777814184,0.0368742948505489,180.4581635124821,3968.965614301702,6.618837361278203e-05,0.0368081064769361
1355.4030054147674,8516.24824892912,0.1165748264478996,-0.1823602723468052,7.875407703220671,9.765679881468438,0.0250218670615764,0.0250139517018916,0.0500437341231528,0.0500279034037832,0.0665310923247468,0.0062617421819149,0.006301198663382,0.0,-2.1413217066533523e-05,-1.3688519056799266e-05,-1553.0253500477177,-992.7801616061412,98.00289535532482,52.25016302299992,0.0496245084931224,0.0669503179547768,4168.113619352635,0.0368745605200291,188.5450860482511,3979.568533304384,6.630338230141103e-05,0.0368082571377277
1396.7501590189715,8776.040076948753,0.116509339590305,-0.1578581706162403,7.952383529498919,10.017901150775588,0.023951052531149,0.0239520724970201,0.0479021050622981,0.0479041449940403,0.0686072345280069,0.0059366391200711,0.0059720932826818,0.0,-1.7987403114859556e-05,-1.3275844067340782e-05,-1385.369631801939,-1022.4906335833492,97.95785037725916,56.10764867100079,0.0474923762578298,0.0690169633324749,4187.388352984414,0.0368748185327906,196.57609955097,3990.812253433444,6.641095593090572e-05,0.0368084075768597
1439.3586253872318,9043.75696679526,0.1162526061078476,-0.1320174191928417,8.031922794930122,10.276213558407417,0.0226178264490356,0.0226266130317828,0.0452356528980713,0.0452532260635656,0.0710169532097763,0.0055516297418326,0.0055826223943545,0.0,-1.4597630130658338e-05,-1.2854459328648107e-05,-1193.9334545635932,-1051.3603163959526,97.8700676984688,52.05023614200036,0.0448391920647032,0.071413414043144,4207.223612054595,0.0368750685678064,204.44431259816864,4002.7792994564265,6.65102216761796e-05,0.0368085583461303
1483.2668814097349,9319.640675899733,0.1159859000163675,-0.1044689595317504,8.114103872970576,10.54074426789521,0.0210735200301889,0.0210882088356431,0.0421470400603779,0.0421764176712862,0.0738388599559895,0.0051210911694686,0.0051474517391151,1.3877787807814457e-17,-1.1209548003487251e-05,-1.244531887546942e-05,-973.6131646210245,-1080.9469116233784,97.7424028996977,55.586242114000925,0.0417669580922829,0.0742189419240842,4227.617987624966,0.036875310655878,212.0497626266013,4015.568224998365,6.66005940038263e-05,0.0368087100618742
1528.5145777308064,9603.940336608011,0.1159709764058708,-0.074809267829853,8.1990068175115,10.811622555833566,0.0193788015178944,0.0193970968790077,0.0387576030357888,0.0387941937580155,0.077213373370082,0.0046611793797141,0.0046830077187277,-1.3877787807814457e-17,-7.78943487858804e-06,-1.2075353692464762e-05,-718.4637448632376,-1113.7783381801592,97.57930486967216,51.4965063080017,0.0383960122123073,0.077574964193563,4248.609016232842,0.0368755452850378,219.3041420996756,4029.3048741331663,6.668178277408637e-05,0.0368088635022637
1575.1425745547922,9896.912681155696,0.1165532291254603,-0.042602944472196,8.286713376999227,11.08897986935824,0.0175975974086017,0.0176170891715353,0.0351951948172034,0.0352341783430707,0.0813580343082569,0.0041882754013244,0.0042058908304302,-1.3877787807814457e-17,-4.304670137518197e-06,-1.1776726023599723e-05,-421.6376214014493,-1153.5171313614144,97.38688181578225,55.56065224199847,0.0348530118067243,0.0817002173187358,4270.293292066871,0.0368757735078792,226.13505261831452,4044.158239448556,6.675378667672936e-05,0.0368090197212025
1623.192978544201,10198.822273505994,0.118171239523427,-0.0073655024990598,8.377307011084511,11.37294988694639,0.0157896648720786,0.0158081359181378,0.0315793297441573,0.0316162718362756,0.0865919097792697,0.0037171927009403,0.0037310617765428,-1.3877787807814457e-17,-7.221914748130897e-07,-1.1586753485292764e-05,-75.11945094297599,-1205.2074697393396,97.17260158336452,52.19903253399752,0.0312562499794214,0.0869149895440049,4292.850503156428,0.0368759970409311,232.48820609084632,4060.3622970655815,6.681685987542776e-05,0.0368091801810557
1672.7091808434536,10509.94174825999,0.1213868868878355,0.0314715999527301,8.47087291010393,11.66366858239452,0.0140047178232834,0.0140203898702129,0.0280094356465669,0.0280407797404259,0.0933774512412686,0.0032598450591977,0.0032705064033377,0.0,2.994459979565585e-06,-1.1549720235883536e-05,330.7646822277352,-1275.7691101937762,96.94496841893992,56.180972139001824,0.0277040440943547,0.0936828427934805,4316.574520456048,0.0368762183803608,238.32718578880736,4078.247334667241,6.687145677472547e-05,0.0368093469235861
1723.735896262557,10830.552056854933,0.1269527154957616,0.0746113432869283,8.567498017670104,11.961274291801155,0.0122794530218591,0.0122911406619363,0.0245589060437182,0.0245822813238726,0.1023938094520433,0.0028246644667311,0.0028326657971545,2.775557561562892e-17,6.8889695460819e-06,-1.1721721554850015e-05,808.0820375009511,-1374.9679939359405,96.7134787136327,52.46920628999942,0.024268858601843,0.1026838568939184,4341.918428892291,0.036876440980914,243.63119881957465,4098.287230072715,6.691816691587534e-05,0.0368095228139981
1776.319203656092,11160.9427212729,0.1359429054561169,0.1229526445007266,8.667271056626086,12.265907783362564,0.0106378164168009,0.0106449827519956,0.0212756328336019,0.0212899655039912,0.114667272622515,0.0024168028773629,0.0024226579641014,0.0,1.1016331466908907e-05,-1.2180235025936296e-05,1372.2674227016391,-1517.2509811591383,96.48925457960613,55.42472766100036,0.0209978332523607,0.1149450722037557,4369.566271390144,0.0368766695720823,248.39174356449072,4121.174527825653,6.695765289838979e-05,0.0368097119191839
1830.5065875339887,11501.412095489004,0.1499965249234869,0.1776501503899216,8.770282558589084,12.577712329770067,0.0090946559981505,0.0090973788872297,0.0181893119963011,0.0181947577744595,0.1318072129271857,0.0020390967396884,0.0020432631509177,0.0,1.5445942542968115e-05,-1.3041574693451543e-05,2043.2275884600856,-1725.17184603631,96.28705400601504,51.50976336099848,0.0179199951751012,0.132076529748385,4400.554890749758,0.0368769107316753,252.6094541818768,4147.94543656788,6.69906025886948e-05,0.0368099201290866
1886.346980941642,11852.267634895095,0.1717681976836989,0.2401277593712187,8.876624897287012,12.896833782992896,0.00766396775029,0.0076628299966732,0.0153279355005801,0.0153256599933464,0.1564402621831187,0.0016939953138308,0.0016968698033259,2.775557561562892e-17,2.026006893940208e-05,-1.4492433260449174e-05,2846.058470635373,-2035.842650110768,96.13003856671496,55.50587343400184,0.0150624767436572,0.1567057209400416,4436.489828139937,0.0368771739260889,256.29296259687743,4180.196865543059,6.701770662276768e-05,0.0368101562194662
1943.890809648111,12213.82617394244,0.2057678540491532,0.3118944384992979,8.986392325863367,13.223420651223178,0.0063762756726536,0.0063721849391366,0.0127525513453072,0.0127443698782733,0.1930153027038459,0.0013873291039004,0.0013892564598199,2.775557561562892e-17,2.5536177939449343e-05,-1.684712481729503e-05,3809.424456449805,-2513.2128015415155,96.05987911651228,52.621007948000624,0.0124844035891816,0.1932834504599713,4479.939567922801,0.0368774733962374,259.4632685234184,4220.476299399382,6.703967830513246e-05,0.0368104337179323
1973.317689635727,12398.720713916766,0.22962576568732,0.351572957719712,9.042590426973678,13.389560770463042,0.0058089302049174,0.005803735645832,0.0116178604098348,0.0116074712916641,0.2180079052774851,0.0012529755743864,0.0012545474917505,0.0,2.835558327603056e-05,-1.852011759806637e-05,4359.054913332377,-2847.0657374763723,96.07986623521518,54.04319270199994,0.0113443591390869,0.2182814065482327,4505.564119513519,0.0368776424866587,260.8656808055347,4244.698438707983,6.704894677750435e-05,0.0368105935398812
2003.190037682304,12586.414212253974,0.2598841651912848,0.3936669206707493,9.099681018301292,13.557624177755995,0.0053179859591275,0.005311910345679,0.0106359719182551,0.010623820691358,0.2492481932730297,0.0011363745761409,0.0011376673924418,0.0,3.127713056570792e-05,-2.0647990826351868e-05,4954.8549252245775,-3271.0097503033467,96.15540717477266,55.65866618000291,0.0103524103761429,0.2495317548151414,4534.8097415684415,0.0368778297390976,262.16194770642534,4272.647793862016,6.705725987258983e-05,0.0368107724792251
2033.5145973431083,12776.949039961431,0.2984503509296112,0.4376491760110312,9.157676429218569,13.727630219097586,0.0049378732206765,0.0049310846275916,0.009875746441353,0.0098621692551832,0.2885746044882581,0.0010443754267429,0.001045467287087,0.0,3.4253026653094674e-05,-2.335849896529853e-05,5591.8212192740575,-3813.284924786248,96.30606906864492,55.21750250200057,0.0095740511324757,0.2888762997971346,4568.672238258031,0.0368780401110778,263.370470048119,4305.301768209912,6.706478007113211e-05,0.0368109753310067
2064.2982142582537,12970.368209464516,0.3477308364665354,0.4822712213478002,9.216589115096657,13.899598421584349,0.0047232887584683,0.0047158652382181,0.0094465775169366,0.0094317304764362,0.3382842589495988,0.000987689408633,0.0009886659034745,-5.551115123125783e-17,3.718253896569301e-05,-2.6809634919446253e-05,6255.235317709134,-4510.1969867560565,96.55523423508065,52.08700357099952,0.0091121274044302,0.3386187090621044,4608.455826519184,0.0368782799256771,264.52092637149525,4343.934900147688,6.70717255300185e-05,0.0368112082001472
2095.5478376980727,13166.715384316483,0.4105416253221706,0.5250297829693913,9.27643165897452,14.073548496014403,0.0047581199188455,0.0047500106042244,0.009516239837691,0.0095000212084489,0.4010253854844796,0.000982374944,0.0009833409535142,0.0,3.987553217674773e-05,-3.118026123745234e-05,6912.917720647429,-5405.484734031717,96.92695803014202,55.31975138100097,0.0091218951527453,0.4014197301694253,4655.847284310547,0.0368785571162987,265.66053904890504,4390.186745261642,6.707839932776362e-05,0.036811478716971
2127.2705221318824,13366.03488905529,0.4896417470925909,0.5614068575543395,9.337216773294196,14.249500339498782,0.0051635991399856,0.0051545916358875,0.0103271982799713,0.010309183271775,0.4793145488126196,0.0010509155350661,0.0010520211204047,0.0,4.200249828870675e-05,-3.663328362950269e-05,7503.783645026196,-6544.568674777557,97.43882962681047,52.43069540800207,0.0098229492513025,0.4798187978412877,4712.959750421899,0.0368788812514903,266.8625016902595,4446.097248731639,6.708522614751852e-05,0.0368117960253428
2159.473428820505,13568.37171920972,0.5864765764176079,0.584073516462976,9.398957301712633,14.42747403810075,0.0060965300699759,0.0060862502477375,0.0121930601399519,0.0121725004954751,0.5742835162776558,0.0012210846607934,0.0012225775314637,1.1102230246251563e-16,4.30466918617848e-05,-4.3223799329383854e-05,7924.926582715616,-7957.532193443608,98.09062242874448,55.25007120699957,0.0114909540162605,0.5749856224013469,4782.268026337731,0.0368792629463133,268.2352409664508,4514.03278537128,6.709278743656894e-05,0.0368121701588767
2192.163827432889,13773.771551456894,0.6986970839749963,0.5828299549398569,9.461666220979904,14.607489869480691,0.0077171033041504,0.0077050979042561,0.0154342066083008,0.0154101958085123,0.6832628773666954,0.0015190605045366,0.0015213715599861,0.0,4.231447811969912e-05,-5.07266351387317e-05,8027.766652687504,-9623.694018340691,98.8520096901166,52.9570101620011,0.0143947098986799,0.6843023740763154,4866.293704826472,0.0368797120124784,269.92766630990207,4596.3660385165695,6.71018290388728e-05,0.0368126101834396
2225.3490976872085,13982.28075393362,0.8168400182146416,0.5469421959944757,9.525356642893913,14.789568305563408,0.0100999445406571,0.0100859050939639,0.0201998890813142,0.0201718101879278,0.7966401291333274,0.0019531526757052,0.0019569749465584,0.0,3.911680831044714e-05,-5.841965503266275e-05,7647.499340567747,-11421.28646572537,99.65712263272223,54.50890209099816,0.018640884307177,0.7981991339074643,4966.880721459696,0.036880233748866,272.12025655336885,4694.760464906327,6.711319316787101e-05,0.0368131205556981
2259.0367310168017,14193.946396703772,0.9229633261120022,0.4713352431074905,9.590041816325012,14.97373001521282,0.0130981377045164,0.0130822492418537,0.0261962754090328,0.0261644984837074,0.8967670507029692,0.00249179706983,0.002498021632815,1.1102230246251563e-16,3.320677913909465e-05,-6.50251382044348e-05,6690.107175545061,-13100.49197695718,100.41515252343068,54.27958193800077,0.0239561319167803,0.899007194195221,5084.100435718247,0.0368808239096237,274.99024188034366,4809.110193837902,6.712762869362343e-05,0.0368136962809301
2293.2343322613297,14408.816262384176,0.9959885936435964,0.3640327457235321,9.655735129315152,15.15999586692047,0.0162734228210551,0.0162566289482331,0.0325468456421102,0.0325132578964662,0.9634417480014862,0.0030555472981296,0.0030649122825736,0.0,2.526458378637809e-05,-6.912355432303872e-05,5245.280946621594,-14351.016645240996,101.03923104236708,55.03346114899978,0.0295939811951153,0.96639461244848,5215.347540836694,0.0368814653538807,278.65281270994365,4936.694728126749,6.714551069462055e-05,0.0368143198431861
2327.949621383537,14626.93885693132,1.0235407582900715,0.2464763286022403,9.722450111254624,15.348386931510376,0.0190484583325985,0.0190323357225279,0.0380969166651971,0.0380646714450558,0.9854438416248744,0.0035452213879287,0.0035578346996005,0.0,1.6850848356793516e-05,-6.997641600211124e-05,3605.194188145882,-14971.268089085996,101.47988764655496,53.08809151300011,0.0345908703709564,0.988949887919115,5355.564631523016,0.0368821305951687,283.1092040687079,5072.455427454307,6.716663304974162e-05,0.036814963962119
2363.190435211998,14848.36342059136,1.009781257287494,0.1426864833022462,9.790200435127248,15.538924484842044,0.0210168148031296,0.0210030506130977,0.0420336296062592,0.0420061012261954,0.9677476276812348,0.0038920093388474,0.0039072162610242,0.0,9.609576440213742e-06,-6.800623265235772e-05,2118.660759277893,-14993.599083506377,101.73922407873384,55.33018460899984,0.0382524303388153,0.9715288269486784,5498.876476731578,0.0368827905940822,288.24331846663534,5210.633158264942,6.71902571039452e-05,0.0368156003369783
2398.964729210257,15073.13993901594,0.970843615106208,0.0670699822241048,9.858999919837151,15.731630010531951,0.0221118891783254,0.022101759060979,0.0442237783566508,0.044203518121958,0.926619836749557,0.0040835103678053,0.0041002537966947,1.1102230246251563e-16,4.44963574248376e-06,-6.440885038114958e-05,1010.9552277712432,-14633.661669396,101.85681126978862,54.166569524000806,0.040424401852925,0.930419213253282,5640.587389702128,0.0368834240235226,293.87253471799323,5346.714854984134,6.721540110996042e-05,0.0368162086224127
2435.280579272727,15301.31915454619,0.9242431737194796,0.0216310541424486,9.928862532611324,15.926525202681113,0.0225156150800582,0.0225097811632596,0.0450312301601165,0.0450195623265192,0.8792119435593629,0.0041491561382148,0.0041664433622658,1.1102230246251563e-16,1.4136725026104606e-06,-6.0402842682023054e-05,330.98366308287586,-14142.139777492432,101.88336933537492,55.80255303100057,0.041368043393848,0.8828751303256307,5778.230765058853,0.0368840211029929,299.8132590736425,5478.417505985208,6.724115723547106e-05,0.0368167799457575
2472.146183547796,15532.952577667602,0.882352714354988,0.0007565111419248,9.999802391475612,16.12363196860186,0.0224764520917921,0.0224750381235437,0.0449529041835843,0.0449500762470875,0.8373998101714036,0.0041308825086952,0.0041480174815555,1.1102230246251563e-16,4.870362786097176e-08,-5.680521523149337e-05,11.75085169199578,-13705.542868852315,101.86143134976874,53.014059184999496,0.0414793551319413,0.8408733592230458,5911.433263248294,0.0368845818019668,305.9216978921839,5605.511565356108,6.726686045876604e-05,0.0368173149415081
2509.569864288523,15768.092498638316,0.8516686553335553,-0.0034420161620605,10.0718337678147,16.322972431559695,0.0221926886145625,0.022195441773516,0.0443853772291251,0.0443908835470321,0.8072832781044301,0.0040632917456096,0.0040798694454505,0.0,-2.182899524693818e-07,-5.401215495197677e-05,-54.27402922517916,-13429.190135490417,101.81781854835272,55.43164540399812,0.0410917668489637,0.8105768884845915,6041.220187521937,0.0368851119073604,312.101928507018,5729.118259014917,6.729209823867434e-05,0.0368178198091218
2547.560069731351,16006.791999293428,0.8346181845604222,0.001682599886026,10.144971089008088,16.524568933512878,0.0217773279350296,0.0217837472318458,0.0435546558700593,0.0435674944636916,0.7910635286903629,0.003966874787831,0.0039826735551451,0.0,1.0511787034530837e-07,-5.214150246953068e-05,26.933026393653744,-13359.559679086571,101.7635147287472,54.273926898000354,0.0404041080739041,0.7942140764865178,6169.344954488157,0.0368856196745244,318.2940185691435,5851.050935919011,6.731663729584848e-05,0.0368183030372286
2586.12537600326,16249.104965027966,0.8314035466597789,0.0100008614363511,10.219228941147549,16.728444037857415,0.0212672902513072,0.0212766960630099,0.0425345805026144,0.0425533921260199,0.7888689661571644,0.0038490629879823,0.0038639355191771,0.0,6.154715264548679e-07,-5.116611336126894e-05,162.50504721996995,-13509.563497971272,101.69680519840612,55.99219469699892,0.0394864416843026,0.7919171049754755,6297.846231128482,0.0368861137977904,324.4560256084563,5973.390205520023,6.734033533436496e-05,0.0368187734624561
2625.27448905779,16495.086096961302,0.8410332661820199,0.0162609569670513,10.29462207183862,16.934620532177007,0.020650813140402,0.0206623827146074,0.041301626280804,0.0413247654292148,0.7997316399012159,0.0037089533599147,0.003722760906487,0.0,9.85806128653484e-07,-5.098689762746699e-05,268.2258851904944,-13872.91613608099,101.60815152891792,53.115658200000325,0.038324416596099,0.8027088495859208,6428.795066853486,0.0368866023703349,330.5484777838352,6098.246589069648,6.736307345379442e-05,0.0368192392968812
2705.359620283432,16998.275816801804,0.8886776082774492,0.0032091865842433,10.4488739842384,17.35396997848952,0.0189918199931667,0.0190048973241835,0.0379836399863334,0.038009794648367,0.8506939682911159,0.0033502506847604,0.0033615125946324,-1.1102230246251563e-16,1.887948294774289e-07,-5.2280455844765344e-05,54.55063870654936,-15105.987097715832,101.32064103246204,53.54229908799971,0.0351240214977442,0.8535535867797043,6705.843311580499,0.0368875900872353,342.312733389963,6363.530578190533,6.740510439761848e-05,0.0368201849828377
2787.887782997839,17516.815556197493,0.9360866663726098,-0.0659564929980879,10.60784814899167,17.782804161279177,0.0167676644110038,0.0167786815950471,0.0335353288220077,0.0335573631900943,0.902551337550602,0.0029050171677489,0.0029134808797224,0.0,-3.765324398517879e-06,-5.343931740158216e-05,-1155.347722581138,-16397.257479464784,100.87164928474697,52.86458063199825,0.0309057627570858,0.9051809036155236,7007.032197528013,0.0368886012844656,353.2113669479226,6653.820830580087,6.744179380745107e-05,0.0368211594906582
2830.091202450226,17781.987461213466,0.939243393655706,-0.1169827304524302,10.689144746066413,18.000837458104325,0.0155913810227727,0.0156004243532377,0.0311827620455455,0.0312008487064754,0.9080606316101606,0.0026816065709938,0.002688816920115,0.0,-6.578720781779653e-06,-5.2819933413203e-05,-2080.1854460836294,-16701.61424901335,100.6374659233754,55.68814465900141,0.0287411532547817,0.9105022404009244,7165.322879798102,0.0368891095116937,358.24597457890286,6807.076905219195,6.745796775043742e-05,0.0368216515439433
2872.933502930872,18051.173574119235,0.9219126758083436,-0.166550677493671,10.771668666575236,18.22131373218093,0.0145401328989809,0.0145468559093501,0.0290802657979619,0.0290937118187002,0.8928324100103815,0.0024868571010456,0.0024930569774934,0.0,-9.226584455010844e-06,-5.107217389622414e-05,-3006.4351883254108,-16641.605731197124,100.46676275755618,51.76116765799816,0.0268543837284524,0.8950582920798901,7324.795294936816,0.036889606458151,363.00965598054006,6961.785638956272,6.74728177813153e-05,0.0368221336403697
2916.424355906536,18324.43466253264,0.8872998408303796,-0.2032298698415097,10.85543587430935,18.44425741727975,0.0137466611404496,0.013750851500513,0.0274933222808992,0.0275017030010261,0.8598065185494803,0.0023413046966093,0.0023467992687593,0.0,-1.1090648829513263e-05,-4.842167614832955e-05,-3724.072471385757,-16259.267959371897,100.41973244702083,55.11724036300075,0.0254755289718926,0.8618243118584866,7482.16368606255,0.0368900824015447,367.5614010595002,7114.602285003046,6.748658552611568e-05,0.0368225958160186
2960.573579251934,18601.83241397983,0.8445284807816289,-0.2197121487915087,10.940462520116224,18.66969319328673,0.0132951721849822,0.0132966432869072,0.0265903443699645,0.0265932865738145,0.8179381364116644,0.002256288898985,0.0022613912509608,-1.1102230246251563e-16,-1.1811317503666383e-05,-4.540028433687751e-05,-4087.048571135046,-15709.777268332848,100.5307931375157,52.9768639089998,0.0247406662244553,0.8197878145571729,7635.081436796017,0.0368905312313789,371.9954130940596,7263.086023701953,6.749959785536459e-05,0.0368230316335236
3005.3911394660927,18883.42944982107,0.804375201538821,-0.2149256059666377,11.026764945507685,18.89764598890444,0.0132114299809386,0.0132099468764098,0.0264228599618772,0.0264198937528197,0.7779523415769438,0.0022333316682478,0.0022383306028672,1.1102230246251563e-16,-1.1381704077522543e-05,-4.25968812326324e-05,-4058.5325172310463,-15189.36236944393,100.7980939081936,55.82920951299821,0.0246815454281531,0.7796936561106677,7782.881116935507,0.0368909521951973,376.425378987375,7406.455737948127,6.751221091959571e-05,0.0368234399842777
3050.8871539222355,19169.28933938713,0.775681040685685,-0.192635818427006,11.114359686380077,19.128140984359568,0.0134901470290743,0.0134854078175476,0.0269802940581487,0.0269708156350953,0.7487007466275363,0.0022691506848023,0.0022743114401642,0.0,-1.0049189357854664e-05,-4.046477816430541e-05,-3692.6917405569234,-14869.25430398082,101.19850968955424,52.99196752900025,0.025277515384834,0.7504035253008507,7926.653640211034,0.0368913495299045,380.9712552933008,7545.682384917728,6.752476838262784e-05,0.0368238247615219
3097.0718931517404,19459.47661432988,0.7642688333283654,-0.1589343178940554,11.203263476830024,19.36120361408153,0.0141328764313366,0.0141245247510675,0.0282657528626733,0.028249049502135,0.736003080465692,0.0023618697765019,0.0023674614120581,0.0,-8.167450802711561e-06,-3.9274891533596585e-05,-3092.7786422738427,-14872.271489214509,101.70887353437271,55.878201338997314,0.0265232939705149,0.7377455393578504,8068.898006926732,0.036891730942715,385.756069037209,7683.141937889517,6.753759227734884e-05,0.0368241933504376
3143.9557831626685,19754.056783189968,0.7735530539411161,-0.1206839952565139,11.293493253081724,19.59685956937281,0.015176128471811,0.0151637685516425,0.0303522569436221,0.0303275371032851,0.7432007969974939,0.0025153012735152,0.0025216439677988,0.0,-6.109327141309625e-06,-3.915919967383021e-05,-2383.9984951194056,-15280.81095236282,102.316454712515,52.91078222099896,0.0284781691370099,0.7450748848041058,8213.09615136501,0.0368921060727549,390.9134341307557,7822.182717234252,6.755100316357481e-05,0.0368245550695914
3191.549407793387,20053.09634618512,0.8053350371688897,-0.085345632164557,11.385066157520836,19.835134801054497,0.016704491329491,0.0166877036014965,0.0334089826589821,0.033375407202993,0.7719260545099076,0.002740597468895,0.0027481289842334,-1.1102230246251563e-16,-4.2559827515511374e-06,-4.01601340394545e-05,-1711.4441845219376,-16149.46109130632,103.017229388671,56.54950185099733,0.0312876302948977,0.7740474068739912,8363.386165649415,0.036892485396516,396.6023761785898,7966.783789470821,6.756535594167881e-05,0.0368249200405743
3239.863511101835,20356.662810222315,0.8597480138875678,-0.0616434683947094,11.477999542840791,20.0760555220898,0.0188445108357864,0.0188229056779872,0.0376890216715729,0.0376458113559744,0.8220589922159949,0.0030547732880966,0.0030641335213287,1.1102230246251563e-16,-3.028171609923928e-06,-4.223423170598652e-05,-1254.8553005636963,-17501.600420467552,103.80650429495029,53.84953458000018,0.0351701231570139,0.8245778907305535,8524.28015474119,0.0368928793886424,403.02406971043575,8121.256085030748,6.758107509785409e-05,0.0368252983135446
3288.908999790939,20664.824704137136,0.9338028254869314,-0.0600947075372452,11.572310976302626,20.319648210178528,0.0217225299394715,0.0216959208658398,0.043445059878943,0.0433918417316797,0.8903577656079883,0.0034739056886501,0.0034860157786944,0.0,-2.908067617201428e-06,-4.518803516876591e-05,-1241.8465969035622,-19296.8716969154,104.6657791215938,56.21430033300203,0.0403412586593493,0.8934615668275809,8700.211309552938,0.0368932973960508,410.4310549559819,8289.780254596952,6.759866668969814e-05,0.0368256987293611
3338.696945670759,20977.65159416387,1.0186316580822532,-0.0918707477554547,11.66801824411359,20.565939610324005,0.0253587796886886,0.0253275688811273,0.0507175593773773,0.0506551377622547,0.9679140987048758,0.003997710961394,0.0040137568009536,0.0,-4.379458174480018e-06,-4.855794527380003e-05,-1927.2325381092423,-21368.50002603497,105.55061757377727,52.80469082499985,0.0468325875809616,0.9717990705012912,8894.626714356611,0.0368937456328659,419.11146843347854,8475.515245923129,6.761867059137812e-05,0.0368261269622746
3389.2385881579003,21295.214099639805,1.0972804219186203,-0.1642135398217884,11.76513935592433,20.814956737363023,0.0294992106335929,0.0294649524456296,0.0589984212671859,0.0589299048912592,1.0382820006514344,0.0045868835169582,0.0046080199677943,0.0,-7.711288510809855e-06,-5.152709039620222e-05,-3496.962488564712,-23366.82151210012,106.3877024669098,57.85462137799914,0.0542139970759818,1.0430664248426376,9108.510058119868,0.0368942242018111,429.3255891460344,8679.18446897383,6.76415125972974e-05,0.0368265826892138
3440.5453368127664,21617.583908947214,1.1474010549386993,-0.2730199238542536,11.86369254944688,21.066726878453053,0.0335001624462773,0.0334659229859224,0.0670003248925546,0.0669318459718448,1.080400730046145,0.0051494768179956,0.0051761311855424,0.0,-1.262952996987117e-05,-5.3077210652750425e-05,-5902.031112733706,-24804.038582351885,107.08939314606329,53.70603864200166,0.061408028980879,1.0859930259578197,9338.84467480657,0.0368947244359817,441.1899696057658,8897.6547052008,6.766726387383844e-05,0.0368270571721078
3492.6287739152185,21944.833795696755,1.15157849340692,-0.3991197792976466,11.963696295201222,21.32127759552219,0.0364835234326379,0.0364534060861442,0.0729670468652758,0.0729068121722885,1.078611446541644,0.005563516437235,0.0055946423217525,0.0,-1.818741408631272e-05,-5.247606357505142e-05,-8758.617221262024,-25271.19864051373,107.58368379806208,57.65884460699817,0.0669326016177263,1.0846458917891926,9578.32218821874,0.0368952292860879,454.55881192870896,9123.763376290026,6.769542969496885e-05,0.036827533856393
3545.500657079224,22277.03763515575,1.1084422177133446,-0.515788760798163,12.065169301385604,21.57863672766308,0.0377793189076458,0.0377570635919116,0.0755586378152916,0.0755141271838232,1.032883579898053,0.0057356054340715,0.0057686923774189,0.0,-2.3153381937290825e-05,-4.9757164119707473e-05,-11490.245636091026,-24692.80900039568,107.84059213580176,52.21808013000191,0.0696002501811716,1.0388419675321718,9817.305290191904,0.0368957183335312,468.9963099054285,9348.30898028647,6.772495699373957e-05,0.0368279933765375
3599.172921907088,22614.27042092524,1.0327201113575355,-0.6029118492253014,12.16813051887598,21.83883239347194,0.0372664495434865,0.0372540275333433,0.0745328990869731,0.0745080550666866,0.9581872122705624,0.0056460679068872,0.005678126997499,0.0,-2.6660680977239058e-05,-4.566674458805215e-05,-13634.41159836107,-23354.21186736733,107.87464316745856,58.98453991399947,0.0690921904083212,0.963627920949214,10047.147353322584,0.0368961748633945,483.8841847073128,9563.263168615267,6.775451435135043e-05,0.0368284203490432
3653.6576846838666,22956.608281869456,0.9446833874175112,-0.6543477590591683,12.272599146361102,22.10189299333332,0.0352991559829073,0.0352963125388906,0.0705983119658147,0.0705926250777813,0.8740850754516967,0.0053413636112711,0.0053700469848267,0.0,-2.850367750430953e-05,-4.115082575868136e-05,-15021.605184840422,-21686.726475333333,107.72547524703904,53.94788918799895,0.0659044340419031,0.8787789533756081,10262.624074412042,0.0368965902471037,498.5947028249853,9764.029371587052,6.778286354593324e-05,0.0368288073835578
3708.967245112563,23304.1284993016,0.8604779470164087,-0.6748269398858427,12.378594635603434,22.367847211625865,0.0323998440591048,0.032404580475468,0.0647996881182097,0.0648091609509361,0.795678258898199,0.0048945791114763,0.0049186538518762,0.0,-2.8957398681785787e-05,-3.692384150053911e-05,-15726.253721890156,-20052.688648085623,107.43571886948418,58.00694340100017,0.0608860221852249,0.7995919248311828,10462.30943423288,0.0368969638058434,512.6201516259379,9949.689282606936,6.7809098684701e-05,0.0368291547071588
3765.11408909074,23656.909524429782,0.7892488225605392,-0.6734697795025185,12.486136696838075,22.636724018860274,0.0290263538897645,0.0290357721083199,0.058052707779529,0.0580715442166399,0.7311961147810102,0.0043729583366674,0.0043921650916209,0.0,-2.8468206246764665e-05,-3.33622961928102e-05,-15932.213641128756,-18671.18798757741,107.03856802640958,52.90744660200289,0.0548411737290588,0.7344076488314801,10647.563337308997,0.0368973000905584,525.6155852520002,10121.947752056987,6.783269203358804e-05,0.0368294673985248
3822.110891529151,24015.03099606703,0.7345940553060142,-0.6595532416966965,12.59524530430918,22.90855267373917,0.025493764327016,0.0255048392187263,0.0509875286540321,0.0510096784374526,0.683606526651982,0.0038250670003201,0.0038397543178506,0.0,-2.746418448532139e-05,-3.058892805203206e-05,-15839.191542902656,-17641.29900770051,106.55425914461992,57.70082511200235,0.0483626475416086,0.6862314077644048,10821.271680222875,0.036897606049033,537.380160875707,10283.891519347166,6.78534217570554e-05,0.036829752627276
3879.970519213048,24378.57375860937,0.6966944748810919,-0.6410909535753285,12.705940701931844,23.18336272511263,0.0219856393140129,0.0219957742237582,0.0439712786280259,0.0439915484475164,0.652723196253066,0.0032807935191803,0.0032915925547015,0.0,-2.6297311726405867e-05,-2.857814742484893e-05,-15628.883097713362,-16984.417643104323,105.99023084930818,54.20545057599884,0.0418227798149576,0.6548716950661335,10986.899323152593,0.0368978890990121,547.8163513744352,10439.082971778153,6.787126905411719e-05,0.036830017829958
3938.706033706808,24747.619880286195,0.6735349638133462,-0.6247886709151032,12.818243409103264,23.46118401385777,0.0185942889004022,0.0186016603445125,0.0371885778008044,0.0372033206890251,0.6363463860125418,0.0027563881330467,0.0027640068086136,-1.1102230246251563e-16,-2.5246414561782003e-05,-2.7216151172173133e-05,-15462.032533316196,-16668.387260535008,105.34194373196058,57.73495189800087,0.0354297120572278,0.6381052517561171,11147.861585265018,0.0368981559947377,556.8912810865107,10590.9703041785,6.788633131522179e-05,0.0368302696634225
3998.330694302517,25122.25267168673,0.6611977882776318,-0.6160218491094347,12.93217422663842,23.74204667463739,0.0153706533232259,0.0153743833631923,0.0307413066464519,0.0307487667263847,0.6304564816311797,0.0022614923370536,0.0022666182769179,1.1102230246251563e-16,-2.4520963830751663e-05,-2.631920779233363e-05,-15475.856544606895,-16610.77790307109,104.59562801655451,54.50714599999992,0.0293123024623852,0.6318854858152463,11307.027559923825,0.0368984120699484,564.6117223705396,10742.415837553275,6.789876830268287e-05,0.0368305133016457
4058.857961013213,25502.556704567112,0.6542247343445571,-0.6182918561047323,13.047754242840886,24.025981137546527,0.0123913943483566,0.0123915547294779,0.0247827886967133,0.0247831094589558,0.6294419456478437,0.0018087014100647,0.0018119787385642,1.1102230246251563e-16,-2.4244308649807088e-05,-2.565329986022129e-05,-15768.023120282984,-16684.403385152422,103.74249277724373,57.66256605200033,0.0236422532740385,0.6305824810705181,11466.265419651843,0.0368986606622261,571.0221114077494,10895.243308244086,6.790879110492643e-05,0.0368307518711212
4120.301497611413,25888.617830942072,0.645831391182772,-0.633898427784159,13.165004839712603,24.31301812964722,0.0098202875805288,0.0098176571573906,0.0196405751610577,0.0196353143147812,0.6261908160217142,0.0014221133921725,0.00142413867886,0.0,-2.44856033614326e-05,-2.494653810412677e-05,-16410.754140539124,-16719.682069556435,102.8182688530949,55.64584215899959,0.0187487925996138,0.6270825985831576,11626.025511908949,0.0368989026909192,576.2314229648969,11049.794088944043,6.791669587590565e-05,0.0368309859950433
4182.675174713654,26280.52320246564,0.6244519823790955,-0.6600819507294262,13.2839476992878,24.603188676363285,0.0077741132024842,0.0077697101989924,0.0155482264049684,0.0155394203979849,0.608903755974127,0.0011179018981934,0.0011191530014581,1.1102230246251563e-16,-2.511677357578244e-05,-2.376101790547722e-05,-17347.299021673465,-16410.924811739485,101.8925041177281,58.49082961699969,0.0148667699388703,0.6095852124402246,11784.490001850738,0.0368991356866168,580.4248754516681,11204.06512639906,6.79228707869458e-05,0.0368312128158299
4245.993072911733,26678.361290105306,0.5854304273444352,-0.6827619848660613,13.40460481009429,24.896524102735665,0.006301627387902,0.006296295649832,0.012603254775804,0.012592591299664,0.5728271725686311,0.0009008736977356,0.0009016860029393,0.0,-2.5592350948455367e-05,-2.1944017512108763e-05,-18214.9709074062,-15618.324450915585,101.06540220314076,54.50992533899989,0.0120867445321948,0.5733436828122396,11937.70442435178,0.0368993543448796,583.838155222387,11353.866269129385,6.792774719667166e-05,0.036831426597683
4310.26948595133,27082.221904113907,0.5362608258278568,-0.6915464761841725,13.52699847374285,25.19305603453581,0.0054300014240624,0.0054241618279356,0.0108600028481248,0.0108483236558712,0.525400822979732,0.0007722251731827,0.000772821965759,0.0,-2.5535071628636337e-05,-1.9801212312878825e-05,-18728.615125027784,-14523.134683553397,100.49199163866491,58.59855672599952,0.0104539615512969,0.5258068642765586,12081.901004935393,0.0368995540763287,586.7358266912403,11495.165178244142,6.79317625807237e-05,0.036831622313748
4375.518923958772,27492.19621430399,0.4870188030827875,-0.6842082686253236,13.651151311632242,25.492816399215503,0.005054625746182,0.0050484181611727,0.0101092514923641,0.0100968363223455,0.4769095515904233,0.0007150325261571,0.0007155441635079,0.0,-2.488736306448064e-05,-1.771480165813e-05,-18810.387972496606,-13389.21649440747,100.24312189774832,57.11504885199975,0.0097680016462016,0.477250801436585,12215.437846357156,0.0368997335787264,589.3747701593281,11626.06307619782,6.793530913529484e-05,0.0368317982695911
4441.756116716624,27908.376770628947,0.4454943855817191,-0.664221516766734,13.777086271768296,25.79583742669096,0.0050069652920578,0.0050005747631221,0.0100139305841157,0.0100011495262443,0.4354804549976033,0.0007040867494705,0.0007045828369098,0.0,-2.380007702439245e-05,-1.596274800369478e-05,-18537.344349084644,-12433.025162014465,100.26194990697203,58.28806031499698,0.0097070985297135,0.4357872870520043,12338.97195801078,0.0368998947109292,591.9547220879892,11747.01723592278,6.793867221393417e-05,0.0368319560387153
4508.996016988873,28330.85752407576,0.4155858044385563,-0.6374441906554684,13.904826635696512,26.102151649957747,0.0051359609242554,0.005129824302574,0.0102719218485108,0.010259648605148,0.4053138825900455,0.0007172923190202,0.0007178071966089,-5.551115123125783e-17,-2.2499996341930843e-05,-1.466901607497721e-05,-18059.34054500986,-11773.902214577152,100.43820632790612,54.3467568369997,0.009980984626702,0.4056048198118541,12454.769850217524,0.0369000412596193,594.6023715839675,11860.167478633546,6.794202051449445e-05,0.0368320992391048
4577.253803896457,28759.73384787409,0.3979511744308338,-0.6097780694949418,14.034396025530912,26.411791905515106,0.0053299352739067,0.0053247498786722,0.0106598705478135,0.0106494997573445,0.3872913038830202,0.0007386096246244,0.000739155572044,0.0,-2.1202493483437312e-05,-1.3837095173961434e-05,-17537.054984944996,-11444.969861079697,100.67403915254349,57.96404054799859,0.0103736020225433,0.3875775724082895,12565.830317707736,0.0369001776253803,597.3810896601598,11968.449228047568,6.794543026850896e-05,0.0368322321951118
4646.544886343882,29195.102559026323,0.3910068962844497,-0.5863697476030604,14.165818411080943,26.724791333602425,0.005502156092838,0.0054987304615988,0.0110043121856761,0.0109974609231977,0.3800025840987736,0.0007559555022006,0.0007565274032536,0.0,-2.008452432792605e-05,-1.3392893396894788e-05,-17119.124918781727,-11415.486438311078,100.89530999718114,57.06193791899932,0.0107168298174971,0.3802900664669515,12675.165835158725,0.0369003078739129,600.3038473631199,12074.861987795595,6.79489107615312e-05,0.0368323589631514
4716.884906497723,29637.06194016365,0.3912419283979594,-0.5713169850579374,14.299118117063973,27.041183378235075,0.0055726746103329,0.0055716646274428,0.0111453492206659,0.0111433292548857,0.3800965791772935,0.0007586845513775,0.0007592605906581,5.551115123125783e-17,-1.9277112765476195e-05,-1.320110371223252e-05,-16932.15687362964,-11595.261265519395,101.03906702011244,57.65266020199852,0.0108567568674519,0.3803851715305067,12785.212631345685,0.0369004350716272,603.3388204075397,12181.873810938136,6.79524184125742e-05,0.0368324826532147
4788.289743317767,30085.711761732902,0.3932554707970799,-0.5667448452799835,14.4343198303961,27.361001787033903,0.0054697511956234,0.0054713452014281,0.0109395023912469,0.0109426904028563,0.3823159684058329,0.0007377809364668,0.000738325659063,0.0,-1.883767450038681e-05,-1.3071170591259722e-05,-17050.922057541495,-11831.37074312552,101.04726219666568,53.97243950499978,0.0106572287019033,0.3825982420951764,12897.246448896223,0.0369005607284189,606.4112256653968,12290.835223230815,6.795586502608728e-05,0.0368326048633929
4860.775516141629,30541.15330451936,0.3909735052904078,-0.571230633008933,14.571448607549852,27.68428061083885,0.005161912359215,0.0051656298013824,0.01032382471843,0.0103312596027648,0.3806496805719778,0.0006899835227593,0.0006904599287333,0.0,-1.870363660839241e-05,-1.2801530492057522e-05,-17446.042334963455,-11940.781763079654,100.879821767777,58.04887479300305,0.0100610013671098,0.3809125039232978,13010.93733570136,0.0369006844791955,609.414779501587,12401.522556199763,6.795913561861266e-05,0.0368327253435769
4934.358588323618,31003.489382510365,0.3808001742884431,-0.5797281805816036,14.710529881971818,28.01105420310548,0.0046929045482919,0.0046977177428903,0.0093858090965838,0.0093954354857806,0.3714143651918593,0.0006219338561673,0.0006223208986035,-5.551115123125783e-17,-1.869880430002949e-05,-1.2282494063499172e-05,-17973.596491403798,-11806.134160409843,100.53879269209337,56.61169723400235,0.0091546701750823,0.3716455041133597,13124.51629244658,0.0369008044669379,612.242675793816,12512.273616652754,6.796212460626932e-05,0.0368328423423316
5009.055570928697,31472.824366105244,0.363767857954078,-0.5871025134926927,14.851589471544749,28.34135721907162,0.0041531698322066,0.0041579033004678,0.0083063396644133,0.0083158066009356,0.3554615182896647,0.000545918146024,0.0005462163354332,0.0,-1.865426841465727e-05,-1.1558157403434023e-05,-18477.77429205445,-11448.80190342302,100.06204711020038,58.33050518500022,0.0081121807765054,0.3556556771775724,13235.750263152013,0.0369009185153892,614.8222391241665,12620.928024027837,6.79647709281438e-05,0.0368329537444611
5084.8833264823625,31949.26420567644,0.3427791771684283,-0.5918582821567178,14.99465358608454,28.675224614692755,0.0035943783904324,0.0035980583704025,0.0071887567808649,0.007196116740805,0.3355904203875634,0.0004687066533121,0.0004689264422555,-5.551115123125783e-17,-1.85249424946557e-05,-1.0728859824807065e-05,-18909.436628942767,-10951.54249555849,99.4589520064352,54.074374100997375,0.0070313895589762,0.3357477876094508,13342.902014884889,0.036901025137062,617.1188450233838,12725.783169861494,6.796705760252934e-05,0.0368330580794595
5239.99988673758,32923.890297972255,0.2898354057419162,-0.5929779522776063,15.286902234140651,29.35379386429846,0.0024287315625165,0.00242906664385,0.004857463125033,0.0048581332877,0.2849779426168832,0.0003118408512316,0.0003119381262824,0.0,-1.8010567612483117e-05,-8.803194370981331e-06,-19523.141049904138,-9542.509103115128,97.65348731186468,52.51863216499987,0.00476856763958,0.2850668381023349,13539.16001102157,0.0369012122664018,620.7795825669814,12918.38042845458,6.797055936991421e-05,0.0368332417070319
5399.848344603918,33928.24777981335,0.2304680506126616,-0.5689694188100891,15.587493629307437,30.047047558649847,0.0015698644837207,0.0015678025952855,0.0031397289674414,0.003135605190571,0.2273283216452201,0.0001984913752463,0.0001985307818942,2.775557561562892e-17,-1.6769784944467865e-05,-6.7928073417863225e-06,-19304.135420525097,-7819.377126516946,95.5247393135904,53.998289950999606,0.0030945972979972,0.227373453314663,13705.49942126318,0.0369013617538367,623.2934121454223,13082.206009117746,6.79728252027521e-05,0.036833388928634
5481.591973618118,34441.85814859091,0.2064405193088263,-0.5480448823415156,15.740987760302302,30.399271612783405,0.001377442377262,0.001374770039563,0.002754884754524,0.002749540079126,0.2036856345543022,0.0001727479005531,0.0001727777475462,0.0,-1.5912175236803746e-05,-5.993884488409119e-06,-18875.684096667675,-7110.195082156038,95.01778235468376,58.4409526490017,0.0027196924093773,0.203720826899448,13776.928405368752,0.0369014229373142,624.2439744270637,13152.68443094168,6.797363953586598e-05,0.0368334492977783
5564.573048660054,34963.243620068366,0.1880345914669188,-0.5245010320099323,15.896652326923965,30.75527600791343,0.0013292371000161,0.0013263952746094,0.0026584742000323,0.0026527905492189,0.1853761172668865,0.0001652798225741,0.0001653071445096,0.0,-1.5001498079225026e-05,-5.378064847478564e-06,-18338.25736114054,-6574.299230457912,95.17605599956076,54.54035361299975,0.0026278302034256,0.1854067612634921,13842.396342907668,0.0369014773479393,625.1314607775065,13217.264882130152,6.79743768023282e-05,0.036833502971137
5648.810302353787,35492.52189479399,0.17495220862504,-0.5003836472846832,16.05451649274076,31.11509775520877,0.0014008358077929,0.0013984360535549,0.0028016716155859,0.0027968721071099,0.1721505370094541,0.0001726286711622,0.0001726584769656,0.0,-1.4098283823502525e-05,-4.92926958370636e-06,-17759.87755704849,-6209.495095166798,95.90766318009769,58.00016305000099,0.0027719483660557,0.1721802602589829,13903.550365241315,0.0369015266608412,626.0411858120013,13277.509179429302,6.797510968830626e-05,0.036833551551153
5734.322750900352,36029.81245508272,0.1664619013373604,-0.4770537964561175,16.21460987294842,31.478774149434045,0.0015712024266815,0.0015700074817274,0.0031424048533631,0.0031400149634549,0.1633194964839973,0.0001918314562479,0.0001918682626161,0.0,-1.3240529548990745e-05,-4.620115676285672e-06,-17188.15881729912,-5997.59108610158,96.9657602039748,54.20251314100096,0.0031110690253204,0.163350832312039,13961.940678263778,0.0369015723436907,627.0473282559585,13334.893350007807,6.797589588888092e-05,0.0368335964478019
5821.129698370586,36575.2365919888,0.1617338741800085,-0.455418292035703,16.37696254158709,31.846342765734896,0.0018175354766617,0.0018182265136977,0.0036350709533234,0.0036364530273955,0.158098803226685,0.0002197918664168,0.0002198401855015,0.0,-1.2451547398478205e-05,-4.421950184060699e-06,-16657.03177952529,-5915.454713072761,98.11948511106732,56.76494017700316,0.0036003144830936,0.1581335596969139,14018.920025154355,0.0369016155962015,628.2125176872936,13390.70750746705,6.797677921386594e-05,0.0368336388169877
5909.25074106295,37128.91743268681,0.1598691972573894,-0.4361149902828303,16.54160503865263,32.21784145619082,0.0021040773676165,0.0021068372937443,0.0042081547352331,0.0042136745874886,0.1556610425221562,0.0002519630707919,0.000252026572181,0.0,-1.1745965690313722e-05,-4.3057866566464185e-06,-16192.477465368216,-5935.770224999534,99.20434304377372,55.10029577400201,0.0041689240162635,0.1557002732411251,14075.600021130616,0.0369016573424281,629.5817844822716,13446.018236648331,6.797778651628923e-05,0.0368336795559119
5998.705771927296,37690.97996826696,0.1597993475979173,-0.4195072370824797,16.70856837710562,32.59330834616369,0.0023742744448776,0.0023784179539477,0.0047485488897553,0.0047568359078954,0.155050798708162,0.0002815061283494,0.0002815853963641,0.0,-1.1130175905101805e-05,-4.239723873787752e-06,-15811.638869418764,-6022.994009255232,100.10597908238384,58.66146906100039,0.0047048888491439,0.1550944587487728,14132.7919402234,0.0369016982153228,631.1693988897905,13501.622541333598,6.797892009080753e-05,0.0368337192952321
6089.51498505562,38261.55108195139,0.1602695453508973,-0.4054244590258687,16.877884049739706,32.972781830416025,0.002558111646245,0.0025621747726214,0.00511622329249,0.0051243495452429,0.1551533220584073,0.0003002803833136,0.0003003705787061,-2.775557561562892e-17,-1.0596132345954843e-05,-4.188788504878443e-06,-15512.168648890784,-6132.161396324483,100.74339668179417,53.85034572899895,0.0050696197993547,0.1551999255515421,14190.92234885447,0.0369017385281083,632.9446297679629,13557.977719086495,6.79801505304847e-05,0.0368337583775778
6181.698880240793,38840.75957773745,0.1602167358990662,-0.3927597493784011,17.049584035919807,33.35630056904048,0.0026018443990377,0.0026043392466152,0.0052036887980754,0.0052086784932304,0.1550130471009907,0.0003023677535301,0.0003024592074411,2.775557561562892e-17,-1.011205119694727e-05,-4.124964023383788e-06,-15255.086997418895,-6222.93971938549,101.06599873902562,58.1736246190012,0.0051568036747047,0.1550599322243599,14250.009696372535,0.0369017782924961,634.8300528672667,13615.179643505258,6.798141920999525e-05,0.0368337968732861
6275.278267604303,39428.73620947473,0.1597505425874618,-0.3793961189649015,17.223700808160416,33.74390348318602,0.0025105412513966,0.0025108505840041,0.0050210825027932,0.0050217011680083,0.1547294600846686,0.0002888426700476,0.0002889261242408,0.0,-9.622325122196855e-06,-4.05162726339359e-06,-14959.109493565596,-6298.762003001492,101.0600557319634,54.69368839600065,0.0049763771195849,0.1547741654678767,14309.894380166812,0.0369018174012261,636.7265665688133,13673.16781359799,6.798265806531394e-05,0.0368338347431608
6370.27427229405,40025.61371038211,0.1614691159043495,-0.3630977709918985,17.400267338550186,34.135629750614235,0.0023789557031296,0.0023773444328134,0.0047579114062592,0.0047546888656268,0.1567112044980902,0.0002709248836866,0.0002709983038706,0.0,-9.071635318803764e-06,-4.034144662283257e-06,-14533.211120822516,-6462.900459344411,100.75201992889257,58.0312918210002,0.0047154429356421,0.1567536729687067,14370.923548535868,0.0369018560735885,638.5679349356503,13732.355613600206,6.798382545127773e-05,0.0368338722481372
6466.708339253259,40631.52682301178,0.1716924887903788,-0.3438749583305269,17.5793171049863,34.531518801065914,0.0024102138825517,0.0024065058086789,0.0048204277651034,0.0048130116173578,0.1668720610252753,0.0002715579494021,0.0002716317131531,0.0,-8.463254650223294e-06,-4.225597761518042e-06,-13972.164593168864,-6976.127963595927,100.17926705835976,54.05558902700068,0.004775100021289,0.166917388769089,14435.179805526604,0.036901895570491,640.3983582456262,13794.781447280968,6.798495098470485e-05,0.0368339106195063
6564.602238061582,41246.612329666765,0.2008711863406111,-0.3304820635947119,17.76088409724354,34.931610311493884,0.0029781221752377,0.0029695287130786,0.0059562443504754,0.0059390574261573,0.1949149419901356,0.0003316070315198,0.0003317170312198,0.0,-8.012344406694743e-06,-4.8700044681277695e-06,-13631.26555899936,-8285.25595119144,99.24757811170524,58.74711204899722,0.0058915877445765,0.1949795985960329,14508.123226952464,0.0369019390487772,642.4867655511695,13865.636461401284,6.798619529678609e-05,0.0368339528534805
6663.9780678494935,41871.00908327894,0.2475866779773609,-0.3568931217814338,17.94500282283975,35.33594420113905,0.00450235301334,0.0044835438359582,0.00900470602668,0.0089670876719164,0.2385819719506808,0.0004949656026854,0.0004952107149553,2.775557561562892e-17,-8.523633167559794e-06,-5.913081232050695e-06,-14943.475143870195,-10366.704042488936,97.1968760265989,54.88069492000068,0.0088865576777733,0.2387001202995859,14597.254971735489,0.0369019905834488,645.4239464793144,13951.831025256164,6.798789101501134e-05,0.0368340026924339
6764.858262287064,42504.85803875451,0.2368027075627763,-0.4371652899139531,18.13170831270946,35.74456062648709,0.0055463052763461,0.0055244214546123,0.0110926105526923,0.0110488429092247,0.225710097010084,0.0006038927456041,0.0006042576524169,2.775557561562892e-17,-1.0285066462646703e-05,-5.571191588191344e-06,-18581.64858726353,-10065.265468148507,91.78021407771952,58.17407188500147,0.0109562234993458,0.22584648406343,14694.985562529058,0.0369020455214404,649.4274337259743,14045.558128803072,6.799013724589097e-05,0.0368340553841945
6867.26559464828,43148.30228479396,0.1579526962800296,-0.4605325180743446,18.32103612666896,36.157499976110266,0.0043779611727906,0.0043688149889178,0.0087559223455813,0.0087376299778357,0.1491967739344482,0.0004738312485317,0.0004740558710169,0.0,-1.067324769894e-05,-3.660693188749034e-06,-19871.19630184916,-6815.390685788968,85.0384887275197,53.36870754800111,0.0086851947389601,0.1492675015410686,14775.837258214491,0.0369020897433177,653.4502842171261,14122.386973997354,6.799233477371185e-05,0.0368340974085441
6971.223182952009,43801.48707619377,0.1054073164316277,-0.4299342475952211,18.513022358669872,36.5748028654105,0.0030548392871688,0.0030560092671333,0.0061096785743376,0.0061120185342666,0.0992976378572901,0.0003281521954833,0.000328259914695,0.0,-9.815517150076204e-06,-2.406478032315869e-06,-18831.75938965517,-4616.99720841621,87.35088733312261,59.33635053599937,0.0060770831402035,0.0993302332914225,14830.593801768777,0.0369021188057743,656.5195858295008,14174.074215939265,6.799396327170076e-05,0.0368341248425027
7076.754495180781,44464.55986663698,0.0825095227372528,-0.3974086223824994,18.7077036418492,36.99651013129597,0.0025769458440978,0.0025831830599751,0.0051538916881956,0.0051663661199502,0.0773556310490571,0.0002742859616893,0.000274361215119,0.0,-8.937648850555393e-06,-1.8556244115476343e-06,-17670.599481444377,-3668.749613318222,89.22185817714964,52.08808943600161,0.0051326683032638,0.077376854433988,14870.256023023529,0.0369021392098772,658.8855453886757,14211.37047763484,6.799517974570262e-05,0.0368341440301315
7183.883354578602,45137.67034198027,0.0672697993566757,-0.3693307855377418,18.90511715335401,37.42266282678279,0.0023201386977639,0.0023276256445179,0.0046402773955278,0.0046552512890359,0.0626295219611478,0.0002445805795071,0.0002446404138013,0.0,-8.18231828846173e-06,-1.4903250178180208e-06,-16670.731244747203,-3036.402027332784,90.55678687858818,59.03023150300214,0.0046249556833585,0.0626448436733165,14902.34739889813,0.0369021552256381,660.976191644915,14241.371207253203,6.799622234107957e-05,0.0368341590032971
7292.633945028941,45820.97045404495,0.0581811825172665,-0.3422082456083637,19.105300618959227,37.85330221556345,0.0020779583951772,0.0020828504186071,0.0041559167903544,0.0041657008372142,0.0540252657269121,0.0002168664772616,0.0002169135185323,0.0,-7.468376208914505e-06,-1.269750115301858e-06,-15680.31391115139,-2665.918245105069,91.64086444833812,52.71100228700016,0.0041441979798757,0.0540369845373905,14929.63313560086,0.0369021684341447,662.8834929221681,14266.749642678686,6.799714538518243e-05,0.0368341712887595
7403.0308165141405,46514.61445491934,0.0536095696196939,-0.3173041653625059,19.308292317469792,38.28846976654595,0.0019275692260555,0.0019278848770036,0.0038551384521111,0.0038557697540073,0.0497544311675828,0.0001991094921662,0.0001991491446513,0.0,-6.821601534933245e-06,-1.1525317418604178e-06,-14759.280916776934,-2493.628461954221,92.64451323344898,59.26731146800012,0.0038452298997013,0.0497643397199924,14954.315834194658,0.0369021800233775,664.647508607892,14289.668325586756,6.799797359779167e-05,0.0368341820497798
7515.098890657472,47218.75893178064,0.0519550553881686,-0.2945823139056089,19.51413108491015,38.72820714838323,0.0018607697796566,0.0018565055572445,0.0037215395593132,0.0037130111144891,0.0482335158288554,0.0001902035763631,0.0001902397606459,0.0,-6.238671252059105e-06,-1.1003053990307287e-06,-13909.811265875078,-2453.253235661248,93.663092067569,54.41936236900074,0.003712363626806,0.0482426917613617,14977.976682639246,0.0369021907998739,666.3414385112395,14311.635244127998,6.799874513193469e-05,0.036834192054742
7628.863466349086,47933.5628422437,0.0523290602157558,-0.2738168240260236,19.72285631851205,39.1725562240168,0.0018647544537968,0.0018577741552978,0.0037295089075937,0.0037155483105957,0.048599551308162,0.0001885953955003,0.0001886309704328,0.0,-5.712423775532697e-06,-1.091699784303085e-06,-13125.015941714986,-2508.318296327486,94.6997956166623,75.46243469600003,0.0037203415270676,0.0486087186886878,15001.704358965357,0.0369022012838626,668.0325956073822,14333.671763357965,6.799949239185167e-05,0.0368342017914708
7744.350225457126,48659.18755024513,0.0541082644111688,-0.2548814411948252,19.934507980493816,39.62155904523805,0.0019320541368617,0.0019254169929177,0.0038641082737235,0.0038508339858355,0.0502441561374452,0.0001933154464711,0.0001933528245587,0.0,-5.2380948804711646e-06,-1.1119845425963393e-06,-12402.323850175777,-2632.864186001317,95.70116314023804,53.0297250759977,0.0038543934242164,0.0502538709869519,15026.288562303944,0.0369022118226711,669.7821587886345,14356.5064035153,6.800024238725236e-05,0.0368342115802839
7980.594971158225,50143.55706533266,0.0592810970865222,-0.221951707771038,20.36675328478884,40.53369504360709,0.0022128659602086,0.0022144724079862,0.0044257319204173,0.0044289448159724,0.0548553651661048,0.0002166711285057,0.0002167180850577,0.0,-4.426325549299472e-06,-1.1822275992364117e-06,-11129.448124365084,-2972.565074653553,97.28745196358432,55.33989867700075,0.004413843770722,0.0548672533157987,15079.863844048406,0.0369022337600601,673.6888139756638,14406.175030072734,6.800184097870737e-05,0.0368342319190814
8224.04646477834,51673.20791305748,0.062064186571759,-0.1912636538027295,20.81119812728986,41.46495513171463,0.0024988009463889,0.0025061924144411,0.0049976018927778,0.0050123848288822,0.0570665846789811,0.0002394260091034,0.0002394833476456,6.938893903907228e-18,-3.701408554400945e-06,-1.2010902569893635e-06,-9883.206549159491,-3207.055616677294,97.97202933894232,53.03357479400074,0.0049839353960392,0.0570802511757187,15138.947225149135,0.0369022565572596,678.2646207253838,14460.682604423742,6.800360454185208e-05,0.0368342529527177
8348.54318400272,52455.44387008017,0.0628215819395474,-0.1737398481548403,21.03810138047498,41.937863694142585,0.0025589307630518,0.0025636778045608,0.0051178615261037,0.0051273556091217,0.0577037204134436,0.0002425420696156,0.0002426009105425,0.0,-3.31214141634476e-06,-1.1976179649750329e-06,-9113.60085288248,-3295.333965259574,98.00029294511155,74.71885758100004,0.0051038625509886,0.0577177193885575,15170.042962064084,0.0369022680296603,680.7764162225906,14489.26654584148,6.800453115771484e-05,0.0368342634985026
8474.924551272803,53249.521420012825,0.0644062468793485,-0.1535537629386448,21.268182888972632,42.41568198204857,0.0025614285404071,0.0025600134600238,0.0051228570808143,0.0051200269200477,0.0592833897985341,0.0002401423028489,0.0002401999850265,0.0,-2.8836646573303204e-06,-1.209517854091787e-06,-8176.66438872494,-3429.6018227845047,97.93542204008249,55.01587555600054,0.005108617211472,0.059297629667876,15202.201415985955,0.0369022795418153,683.3577505337862,14518.843665452156,6.800545539600833e-05,0.0368342740864193
8603.219096643668,54055.61982247833,0.0699563941195366,-0.1280668353945943,21.50148666097074,42.89845322267427,0.0025521822301335,0.0025438568134041,0.005104364460267,0.0050877136268083,0.0648520296592696,0.0002366260081549,0.0002366820132749,1.3877787807814457e-17,-2.369167827788729e-06,-1.294155803767996e-06,-6922.732165958105,-3781.536244677132,97.91897680591832,74.60743525899997,0.0050890151513219,0.0648673789682143,15236.677403869518,0.0369022915130674,685.974351749474,14550.70305212003,6.800636456065024e-05,0.0368342851485068
8733.455782062192,54873.921050755765,0.0742606293883229,-0.1056410054581095,21.73805729389788,43.38622079148162,0.0025509036262036,0.0025386100812165,0.0051018072524072,0.0050772201624331,0.0691588221359157,0.0002338956946414,0.0002339504146361,0.0,-1.9251586807583264e-06,-1.3532954811017683e-06,-5796.936193230761,-4074.9719142342688,98.00003737850354,52.824510352998914,0.0050856275172907,0.0691750018710301,15274.242098114695,0.0369023041728794,688.6245752224298,14585.617522892251,6.800725812707133e-05,0.0368342969147523
8865.664007905092,55704.60983286016,0.0864911109945071,-0.0737590828585728,21.97793997690076,43.87902820761619,0.0026969667462883,0.0026857775261691,0.0053939334925767,0.0053715550523382,0.0810971775019303,0.0002444628402649,0.0002445226169583,0.0,-1.324110932288809e-06,-1.552674208723853e-06,-4108.720932266403,-4817.95359195962,98.42937260146522,74.51073692,0.0053741033985042,0.081117007596001,15316.74750290904,0.0369023180640659,691.3903001567727,14625.357202752251,6.800816265272086e-05,0.0368343099014132
8999.873619615937,56547.873693244015,0.1088608379233048,-0.0364673076155032,22.22118049326446,44.3769191295377,0.0031054110073924,0.003101423332806,0.0062108220147849,0.0062028466656121,0.1026500159085198,0.0002781375064501,0.0002782148884454,1.3877787807814457e-17,-6.448926411155252e-07,-1.925109306741464e-06,-2062.148704974154,-6155.848913027751,99.30631686388716,54.52934984300009,0.0061822632520586,0.1026785746712447,15369.183721331474,0.0369023346838426,694.4922511186929,14674.691470212763,6.800914648259852e-05,0.0368343255373601
9136.114914442618,57403.90299513014,0.1511772033876038,0.0063987524787129,22.467825222780576,44.87993735080229,0.0040740537157657,0.004085220880344,0.0081481074315315,0.0081704417606881,0.1430290959560723,0.0003602328377711,0.000360362652232,-2.775557561562892e-17,1.1146894452901208e-07,-2.6335701145691954e-06,367.3133665778869,-8678.161518337072,100.81723575439275,74.46510914800001,0.0080965650871662,0.1430806383004373,15440.039560236257,0.0369023564611356,698.3829832417808,14741.65657699446,6.801034280168696e-05,0.036834346118334
9274.41864827684,58272.8909834854,0.235233969814754,0.0446648418760845,22.717921144091484,45.38812679601551,0.006314904459447,0.0063534957544782,0.012629808918894,0.0127069915089564,0.22260416089586,0.0005502428252768,0.0005505457591308,2.775557561562892e-17,7.664771924348596e-07,-4.03676505223363e-06,2602.749461439688,-13707.76347862766,103.13445805597682,52.0628180010026,0.0125072551421474,0.222726714672606,15546.923776334554,0.036902388312861,704.0821537797071,14842.84162255483,6.801204125530314e-05,0.0368343762716058
9414.81604259713,59155.03382864494,0.387922689008257,0.0155168749687729,22.971515837022302,45.901531516945205,0.0109877554286341,0.0110557898283686,0.0219755108572682,0.0221115796567373,0.3659471781509888,0.0009407550970362,0.00094164095056,0.0,2.6230861457574055e-07,-6.557729138182173e-06,917.901263692616,-22947.57979118236,105.98622670580608,73.494082381,0.0216309200085777,0.3662917689996776,15721.90291863873,0.0369024388924597,713.6679754557301,15008.234943182984,6.801481121099848e-05,0.0368344240812488
9557.338791516931,60050.53067059669,0.474313708851061,-0.2039190731019101,23.228657484937703,46.42019568881592,0.0147417000360125,0.0147613601720203,0.029483400072025,0.0295227203440406,0.4448303087790359,0.0012438693795379,0.0012454185174966,5.551115123125783e-17,-3.3957913581229624e-06,-7.898576474750544e-06,-12245.448553625902,-28482.789920845105,107.65626058361455,51.612312715999,0.0289294001683274,0.445384308682733,15967.679521921968,0.0369025079843022,728.0799670914859,15239.599554830464,6.801885996689146e-05,0.0368344891243354
9702.019068939442,60959.58366393647,0.3021576852238757,-0.370030149528493,23.48939487711894,46.94416360675399,0.0102556589103566,0.0101970399331459,0.0205113178207133,0.0203940798662919,0.2816463674031624,0.000862126074663,0.0008628699773696,0.0,-6.0700898413025394e-06,-4.956688793834913e-06,-22556.88385836109,-18419.40669210624,106.32979508808997,74.24413587200002,0.0202682936260452,0.2818893915978298,16192.359715332776,0.0369025695727387,742.315839064921,15450.04387626784,6.80227595787114e-05,0.0368345468131601
9848.88953582072,61882.39802350353,0.0897516344636792,-0.2753916007360151,23.753777411206112,47.47347968240987,0.0020018256835947,0.0019836029387329,0.0040036513671894,0.0039672058774658,0.0857479830964898,0.0001679135399596,0.0001679417396516,-1.3877787807814457e-17,-4.450241256510757e-06,-1.4503580554456006e-06,-17041.892649075857,-5554.046367141396,96.61751666700916,52.41353182900275,0.0039892507017348,0.0857623837619426,16307.47952484805,0.0369026003416301,749.4412727865497,15558.038252061482,6.802466770849475e-05,0.0368345756739216
9997.983347542764,62819.18207070687,0.113911188884721,-0.2120326111427518,24.02185509571277,48.00818844073704,0.0042386048026684,0.0042215541513121,0.0084772096053369,0.0084431083026242,0.105433979279384,0.0003512301828488,0.0003513535888341,0.0,-3.3752844935818503e-06,-1.813318561781128e-06,-13319.71520430392,-7155.8077144399695,102.0914695512804,73.58897524700001,0.0084401649983313,0.1054710238863888,16368.20925812622,0.0369026159377404,753.147570714951,15615.061687411251,6.80256160989573e-05,0.0368345903216415
10149.334161398192,63770.14728055297,0.0932732359324232,-0.1651973303368828,24.293678552634017,48.54833451692368,0.003492174649465,0.003511006170995,0.0069843492989301,0.0070220123419901,0.086288886633493,0.0002863969781661,0.0002864790248932,0.0,-2.590511977494847e-06,-1.462647334372197e-06,-10534.658085937182,-5948.047992744393,100.66899389530565,52.679539995002415,0.0069596293428274,0.0863136065895948,16430.924320754708,0.0369026316182664,757.8091135284322,15673.115207226258,6.80267815548025e-05,0.0368346048367116
10302.976144188233,64735.50832938529,0.0864354232479714,-0.1131174453449969,24.56929902017232,49.09396265347394,0.0031029533932236,0.0031338366893499,0.0062059067864473,0.0062676733786998,0.0802295164615241,0.0002517023697139,0.0002517657397472,0.0,-1.7473786529864896e-06,-1.3352088440886776e-06,-7322.715325329834,-5595.441061623001,99.0471757194848,73.47009145500004,0.0061857077428838,0.0802497155050856,16486.145910196738,0.0369026450041216,761.8484648370164,15724.297445359702,6.802776101011195e-05,0.0368346172431116
10458.94397993574,65715.48314334662,0.0910950643090583,-0.0583408271245326,24.84876835559253,49.64511769742163,0.0030694308499287,0.0030845897418295,0.0061388616998575,0.0061691794836591,0.0849562026092007,0.0002461465644979,0.0002462071675464,0.0,-8.877790184890294e-07,-1.386203980428032e-06,-3833.8956414711215,-5986.356163043998,97.45453467881228,52.211025237000285,0.006117944873847,0.0849771194352106,16541.524002043676,0.0369026580179613,765.6864129778577,15775.8375890658,6.802866335754029e-05,0.0368346293546038
10617.27287771498,66710.29294757509,0.107617006410498,0.0020855096299038,25.132139038232584,50.20184459767568,0.0033381161451289,0.0033226195253186,0.0066762322902578,0.0066452390506373,0.1009407741202401,0.0002645125522786,0.0002645825376809,0.0,3.1262186654506394e-08,-1.6131994277865016e-06,139.12495835587762,-7179.1620237853895,96.08893039033454,73.81439314200003,0.0066495251240847,0.1009674812864123,16604.44772830859,0.03690267235502,769.7293318822619,15834.718396426311,6.802958510458128e-05,0.0368346427699155
10777.99857959988,67720.16231614441,0.141292622300539,0.0726004140308491,25.41946417268628,50.76418840248235,0.0039188531139833,0.0038801413301968,0.0078377062279667,0.0077602826603936,0.1334549160725723,0.0003066304448976,0.0003067244959662,0.0,1.072064973676847e-06,-2.0864188369916983e-06,4916.511822388395,-9568.359316266193,95.44012333203442,54.18701264799893,0.007796772336098,0.1334958499644388,16684.460077869575,0.0369026900321424,774.3731144801137,15910.086963389442,6.803061191814479e-05,0.0368346594202243
10941.157368732684,68745.31922276087,0.2063156463726091,0.1578513952817247,25.710797492156047,51.33219425697284,0.0049111603482826,0.00487977394632,0.0098223206965652,0.0097595478926401,0.1964933256760438,0.0003789897680372,0.0003791334557376,2.775557561562892e-17,2.2961766279712285e-06,-3.0011591873487163e-06,10851.544558400376,-14183.234970535255,95.999621649736,70.63143203100003,0.0097478235029707,0.1965678228696367,16797.8907662881,0.0369027143315817,780.0982245059676,16017.79254178211,6.803183976880774e-05,0.0368346824918129
11106.786077514733,69785.99509222736,0.3371765364405049,0.255001766083278,26.00619336202789,51.905907400821015,0.0065606092566787,0.0065792050013959,0.0131212185133575,0.0131584100027918,0.3240553179271473,0.0004980842832154,0.0004983324947989,5.551115123125783e-17,3.654053592648129e-06,-4.831578828888249e-06,17795.551996396953,-23530.200117251297,97.47387025973624,52.72061686099914,0.0129597312183219,0.3242168052221827,16977.926583233042,0.0369027517273692,787.6202704421383,16190.306312790884,6.803340453594954e-05,0.0368347183228332
11274.922095921203,70842.42485268657,0.6032531915159703,0.3118765536345572,26.30570678363132,52.48537316594048,0.0092121737701648,0.0093001642827435,0.0184243475403297,0.018600328565487,0.5848288439756406,0.0006846919225918,0.0006851610468262,0.0,4.402398058551632e-06,-8.515422683094296e-06,22094.091314171,-42735.91888711347,98.5208573998476,69.92517358699996,0.0180236455973759,0.5852295459185931,17294.166803332406,0.0369028154295744,798.0391136712959,16496.12768966109,6.803550705107254e-05,0.0368347799225233
11445.603379941713,71914.84698865478,1.01303837293364,0.0786831172255583,26.6093933982538,53.07063697426651,0.0118061410443243,0.0118826796719601,0.0236122820886486,0.0237653593439202,0.9894260908449912,0.0008548227138089,0.000855554060853,0.0,1.0941150613582108e-06,-1.4086637396217443e-05,5658.4843358664175,-72852.49958315851,97.22445559806842,53.654269892998855,0.022765774578711,0.9902725983549276,17845.90824247596,0.036902923328038,811.9630948915091,17033.945147584433,6.803823565974958e-05,0.0368348850923783
11618.868460148744,73003.50359485889,0.9961060422861796,-0.5229366144592961,26.9173094913679,53.66174433554874,0.0087969732104784,0.0087667805680996,0.0175939464209568,0.0175335611361993,0.9785120958652228,0.0006303043208648,0.0006307018549691,0.0,-7.163171474089672e-06,-1.364463338381924e-05,-38176.20501356256,-72719.23103889979,88.98605941990324,70.48797120799998,0.016976797026983,0.9791292452591948,18542.137378977102,0.0369030559739687,825.7350946052976,17716.402284371783,6.80408649171975e-05,0.0368350151090516
11794.756450395776,74108.6404308884,0.5920801184161325,-0.7367535264260492,27.2295119971168,54.25874084517482,0.0040770007486765,0.0040333967787491,0.0081540014973531,0.0080667935574983,0.5839261169187794,0.0002930817712908,0.0002931676933977,-1.1102230246251563e-16,-9.941533431761231e-06,-7.98935340027307e-06,-54599.80217609711,-43878.25260197899,86.37573710464315,52.64512534800088,0.0079828132245397,0.5840973051915911,19100.823122865266,0.0369031596457903,834.5152859742767,18266.307836890963,6.804249678589348e-05,0.0368351171490045
11973.307056647049,75230.5069766744,0.3333558263982547,-0.6810714295251987,27.546058503038893,54.86167218197826,0.0019040856622954,0.0018849109386255,0.0038081713245909,0.003769821877251,0.3295476550736638,0.0001365943803406,0.0001366130409143,0.0,-9.05312827064117e-06,-4.431125613730257e-06,-51237.34893050907,-25078.52782356896,92.75361985651692,70.47500552899999,0.0037631508173033,0.3295926755809495,19431.29742085192,0.0369032191769235,838.7097839756302,18592.587636876266,6.804325327697326e-05,0.0368351759236466
12154.560585941012,76369.35648880867,0.2052881617051422,-0.5911487614876255,27.867007255070337,55.47058410604673,0.0010546628032172,0.0010531716482038,0.0021093256064345,0.0021063432964077,0.2031788360987076,7.513904991089588e-05,7.514469621197509e-05,2.775557561562892e-17,-7.740653956855768e-06,-2.688096000065492e-06,-45145.6505039662,-15677.724804192205,94.545125996964,53.67938534999848,0.0020940577945191,0.2031941039106229,19626.55966860535,0.0369032532885726,840.8330634410378,18785.726605164287,6.804362446877769e-05,0.0368352096641039
12338.557955489488,77525.44605771535,0.1387999212563862,-0.514668940171044,28.19241716278576,56.08552245646363,0.0006904921037978,0.0006978181429021,0.0013809842075957,0.0013956362858043,0.1374189370487905,4.874425985651065e-05,4.874663597520175e-05,0.0,-6.638709821648605e-06,-1.7903788796397756e-06,-39899.9391588118,-10760.525808177112,94.927450251118,69.94167559800002,0.0013742854966953,0.1374256357596909,19753.182272921156,0.0369032747399799,842.1093955255869,18911.072877395534,6.804384074124222e-05,0.0368352308992387
12525.340701914516,78699.03666568773,0.1012378140146528,-0.4540587285509588,28.52234780492516,56.70653314901286,0.0005152352277113,0.0005215027182995,0.0010304704554227,0.001043005436599,0.1002073435592301,3.60007466968379e-05,3.600204279726122e-05,0.0,-5.769558914422208e-06,-1.2863920360894568e-06,-35733.98452660746,-7967.31843709324,94.6166386033658,52.34077474600053,0.0010268627863512,0.1002109512283015,19842.85208780029,0.0369032894733265,843.0063816673494,18999.845706132917,6.804398809597508e-05,0.0368352454852306
12714.9509906251,79890.39324580415,0.0783650360839985,-0.4054784957566512,28.856859435168325,57.33366217378642,0.0004198810792017,0.0004195291815053,0.0008397621584035,0.0008390583630107,0.077525273925595,2.902214079029595e-05,2.902298309939761e-05,0.0,-5.075434971374947e-06,-9.809068762859574e-07,-32393.836478716,-6260.613549472273,93.9078130982122,72.32954797600001,0.0008375121436885,0.0775275239403099,19910.961184321182,0.0369033003280882,843.7133910048486,19067.247793316317,6.804410073071141e-05,0.0368352562273576
12907.431625335888,81099.78474173558,0.0637139431422495,-0.3652137107720257,29.19601298819304,57.966955592712246,0.0003557798846054,0.0003519646951311,0.0007115597692109,0.0007039293902622,0.0630023833730386,2.431874264858145e-05,2.431933406420795e-05,0.0,-4.503263626840176e-06,-7.85624072186483e-07,-29618.753328341765,-5167.187073883615,93.02275072553812,47.63924025099914,0.0007100275932028,0.0630039155490466,19965.65608852224,0.036903308783873,844.3091338664426,19121.34695465577,6.80441928033873e-05,0.0368352645910697
13102.8260577299,82327.48416845834,0.0556360056448491,-0.3314927569992945,29.53987008598321,58.60645953695286,0.0003132126700322,0.0003115285510593,0.0006264253400644,0.0006230571021187,0.0550095803047847,2.116623172873145e-05,2.116667974757992e-05,-6.938893903907228e-18,-4.026513871370036e-06,-6.757889689791431e-07,-27290.964703818023,-4580.372373922581,92.28397201833296,72.91083639800001,0.0006252609698951,0.055010744674954,20012.296719521262,0.0369033157773036,844.8309497681801,19167.465769753057,6.804427104103438e-05,0.0368352715062626
13301.178397267551,83573.768673886,0.0493340434167947,-0.3028345111872576,29.88849304439852,59.25222020417401,0.0002831666274797,0.0002848944340109,0.0005663332549594,0.0005697888680219,0.0487677101618353,1.891697928838365e-05,1.891733714725866e-05,6.938893903907228e-18,-3.623559353520972e-06,-5.903053577648457e-07,-25309.02138443321,-4123.031932262652,91.80048862048042,44.23764544000005,0.0005654106997443,0.0487686327170503,20053.93882914678,0.0369033218357106,845.3032947907684,19208.635534355988,6.804433975125991e-05,0.0368352774959594
13502.53342114418,84838.91960143442,0.0433707692581976,-0.2783541579017339,30.241944880007097,59.904283855668886,0.0002661158938345,0.0002679908051818,0.0005322317876691,0.0005359816103636,0.0428385374705285,1.7573922419463195e-05,1.7574231267640073e-05,6.938893903907228e-18,-3.2809724500195968e-06,-5.112131255554599e-07,-23615.266022950185,-3679.5292061485934,90.30479342216812,73.170607212,0.0005314789333044,0.0428392903248931,20091.271988686083,0.0369033271067729,845.7450232672736,19245.526965418783,6.804440208756966e-05,0.0368352827046854
13706.936584398343,86123.22255353403,0.0396947763554903,-0.2538912486756421,30.60028931716212,60.562696813313785,0.0002485902363254,0.000247654393981,0.0004971804726509,0.000495308787962,0.0391975958828394,1.6226525155284375e-05,1.6226788459675506e-05,-6.938893903907228e-18,-2.9479998674901403e-06,-4.609067703059554e-07,-21865.93251408698,-3418.642058276658,88.73985618430929,45.04278358200099,0.0004965444215544,0.0391982319339359,20125.229709247826,0.0369033317579277,846.1652857185383,19279.06442352926,6.804445964161718e-05,0.0368352872982861
13914.434030173068,87426.96745610306,0.0375108553299177,-0.2313769004712559,30.96359079532739,61.227505456347615,0.0002362729735124,0.0002339224766318,0.0004725459470249,0.0004678449532636,0.0370383093828928,1.5242875958084726e-05,1.5243108306893864e-05,-6.938893903907228e-18,-2.646516369076051e-06,-4.290536023538949e-07,-20228.58074759449,-3279.460328179309,86.56676925035781,72.39235179100001,0.0004719813680635,0.0370388739618542,20157.26965199612,0.036903336015476,846.5672189735635,19310.70243302253,6.804451304917424e-05,0.0368352915024269
14125.072600132466,88750.44862399726,0.0361082357566027,-0.2095083663766695,31.331914476625315,61.8987562179467,0.0002269412110574,0.0002262927702616,0.0004538824221149,0.0004525855405232,0.0356543533344877,1.44695898200761e-05,1.446979919213519e-05,0.0,-2.3606457164434045e-06,-4.0685130403768374e-07,-18593.96150641021,-3204.6221224195524,84.63072228354896,44.00028650800232,0.0004533665107819,0.0356548692458207,20188.28369213247,0.0369033400141471,846.9570468813936,19341.32664525105,6.804456331087809e-05,0.0368352954508363
14338.899845036063,90093.96482745024,0.0358756825101673,-0.1875756334290945,31.70532625363333,62.57649558161474,0.0002289686760443,0.0002310117401267,0.0004579373520887,0.0004620234802534,0.0354177451580785,1.4427221534019442e-05,1.4427429681743629e-05,0.0,-2.081999985108249e-06,-3.982029493193816e-07,-16899.432520647544,-3232.1824782317854,84.95686050193784,72.26438205900001,0.000457426365061,0.0354182561451062,20219.06793797317,0.0369033438647821,847.3465515440322,19371.72138642911,6.804461202628527e-05,0.0368352992527559
14555.96403547314,91457.81935951932,0.0371530542776202,-0.1651096239440219,32.08389275738416,63.26077007734236,0.0002527884134578,0.0002554247238364,0.0005055768269157,0.0005108494476728,0.0366474774507045,1.573973742574047e-05,1.5739985168974115e-05,0.0,-1.8053089949037432e-06,-4.062315779864833e-07,-15100.566161190522,-3397.937326777011,86.49965029496528,44.34347702599917,0.0005049999961641,0.036648054281456,20250.771785232137,0.036903347711854,847.7643681419415,19403.007417090168,6.804466270149146e-05,0.0368353030491526
14776.31417275963,92842.3201045528,0.0406807470843735,-0.1416190903319575,32.46768136557287,63.9516262775382,0.000308804773506,0.0003072191669336,0.000617609547012,0.0006144383338672,0.0400631375373614,1.899848244804684e-05,1.899884339723965e-05,0.0,-1.525372159727112e-06,-4.381702981847246e-07,-13148.244917515183,-3776.8949428997616,87.90515273430793,50.38639879300001,0.0006168483937359,0.0400638986906374,20285.073162863424,0.0369033517492183,848.2587670353997,19436.814395828,6.804472084599736e-05,0.0368353070283723
15000.0,94247.7796076938,0.0479610063767543,-0.1170724806147249,32.856760210989115,64.64911079275197,0.0004048376204169,0.000398415880078,0.0008096752408338,0.000796831760156,0.0471513311359204,2.4606658585106505e-05,2.460726408765261e-05,6.938893903907228e-18,-1.2421775993242375e-06,-5.08882082701491e-07,-11033.8213511026,-4520.218358759539,88.80258587245125,43.59023310499833,0.0008085149755764,0.0471524914011777,20324.728970765405,0.0369033562761349,848.8964342041653,19475.83253656121,6.804479358171267e-05,0.0368353114825533
